ISO-10303-21;
HEADER;
/* Generated by software containing ST-Developer
 * from STEP Tools, Inc. (www.steptools.com) 
 */

FILE_DESCRIPTION(
/* description */ (''),
/* implementation_level */ '2;1');

FILE_NAME(
/* name */ 'endeffector.step',
/* time_stamp */ '2026-08-15T22:38:46+02:00',
/* author */ (''),
/* organization */ (''),
/* preprocessor_version */ 'ST-DEVELOPER v20.1',
/* originating_system */ 'Autodesk Translation Framework v15.8.0.0',
/* authorisation */ '');

FILE_SCHEMA (('AUTOMOTIVE_DESIGN { 1 0 10303 214 3 1 1 }'));
ENDSEC;

DATA;
#10=MECHANICAL_DESIGN_GEOMETRIC_PRESENTATION_REPRESENTATION('',(#13),#8458);
#11=SHAPE_REPRESENTATION_RELATIONSHIP('SRR','None',#8464,#12);
#12=ADVANCED_BREP_SHAPE_REPRESENTATION('',(#4540),#8457);
#13=STYLED_ITEM('',(#8476),#4540);
#14=ORIENTED_CLOSED_SHELL('',*,#4539,.F.);
#15=B_SPLINE_SURFACE_WITH_KNOTS('',3,1,((#5838,#5839),(#5840,#5841),(#5842,
#5843),(#5844,#5845),(#5846,#5847)),.UNSPECIFIED.,.F.,.F.,.F.,(4,1,4),(2,
2),(0.,0.037604787320066,0.0679455205851822),(0.,0.1),.UNSPECIFIED.);
#16=B_SPLINE_SURFACE_WITH_KNOTS('',3,1,((#5864,#5865),(#5866,#5867),(#5868,
#5869),(#5870,#5871),(#5872,#5873)),.UNSPECIFIED.,.F.,.F.,.F.,(4,1,4),(2,
2),(0.,0.0225755394089311,0.0469247753242656),(0.,0.1),.UNSPECIFIED.);
#17=B_SPLINE_SURFACE_WITH_KNOTS('',3,1,((#5887,#5888),(#5889,#5890),(#5891,
#5892),(#5893,#5894),(#5895,#5896)),.UNSPECIFIED.,.F.,.F.,.F.,(4,1,4),(2,
2),(0.,0.019412772974623,0.040276998964481),(0.,0.1),.UNSPECIFIED.);
#18=B_SPLINE_SURFACE_WITH_KNOTS('',3,1,((#5910,#5911),(#5912,#5913),(#5914,
#5915),(#5916,#5917),(#5918,#5919)),.UNSPECIFIED.,.F.,.F.,.F.,(4,1,4),(2,
2),(0.,0.0181100211183305,0.036850152426204),(0.,0.1),.UNSPECIFIED.);
#19=B_SPLINE_SURFACE_WITH_KNOTS('',3,1,((#5933,#5934),(#5935,#5936),(#5937,
#5938),(#5939,#5940),(#5941,#5942)),.UNSPECIFIED.,.F.,.F.,.F.,(4,1,4),(2,
2),(0.,0.01567897101009,0.033110303861189),(0.,0.1),.UNSPECIFIED.);
#20=B_SPLINE_SURFACE_WITH_KNOTS('',3,1,((#5956,#5957),(#5958,#5959),(#5960,
#5961),(#5962,#5963),(#5964,#5965)),.UNSPECIFIED.,.F.,.F.,.F.,(4,1,4),(2,
2),(0.,0.0160485336812005,0.0313579201270879),(0.,0.1),.UNSPECIFIED.);
#21=B_SPLINE_SURFACE_WITH_KNOTS('',3,1,((#5979,#5980),(#5981,#5982),(#5983,
#5984),(#5985,#5986),(#5987,#5988)),.UNSPECIFIED.,.F.,.F.,.F.,(4,1,4),(2,
2),(0.,0.0344900869786512,0.057113752496559),(0.,0.1),.UNSPECIFIED.);
#22=B_SPLINE_SURFACE_WITH_KNOTS('',3,1,((#6002,#6003),(#6004,#6005),(#6006,
#6007),(#6008,#6009),(#6010,#6011)),.UNSPECIFIED.,.F.,.F.,.F.,(4,1,4),(2,
2),(0.,0.0114081357218701,0.0338748992292716),(0.,0.1),.UNSPECIFIED.);
#23=B_SPLINE_SURFACE_WITH_KNOTS('',3,1,((#6025,#6026),(#6027,#6028),(#6029,
#6030),(#6031,#6032),(#6033,#6034)),.UNSPECIFIED.,.F.,.F.,.F.,(4,1,4),(2,
2),(0.,0.00792645201996954,0.0173549579155705),(0.,0.1),.UNSPECIFIED.);
#24=B_SPLINE_SURFACE_WITH_KNOTS('',3,1,((#6048,#6049),(#6050,#6051),(#6052,
#6053),(#6054,#6055),(#6056,#6057)),.UNSPECIFIED.,.F.,.F.,.F.,(4,1,4),(2,
2),(0.,0.0068967016501425,0.013858353840363),(0.,0.1),.UNSPECIFIED.);
#25=B_SPLINE_SURFACE_WITH_KNOTS('',3,1,((#6071,#6072),(#6073,#6074),(#6075,
#6076),(#6077,#6078),(#6079,#6080)),.UNSPECIFIED.,.F.,.F.,.F.,(4,1,4),(2,
2),(0.,0.0122104417148822,0.0230925345301737),(0.,0.1),.UNSPECIFIED.);
#26=B_SPLINE_SURFACE_WITH_KNOTS('',3,1,((#6094,#6095),(#6096,#6097),(#6098,
#6099),(#6100,#6101),(#6102,#6103)),.UNSPECIFIED.,.F.,.F.,.F.,(4,1,4),(2,
2),(0.,0.021843777268423,0.0376303074100472),(0.,0.1),.UNSPECIFIED.);
#27=B_SPLINE_SURFACE_WITH_KNOTS('',3,1,((#6117,#6118),(#6119,#6120),(#6121,
#6122),(#6123,#6124),(#6125,#6126)),.UNSPECIFIED.,.F.,.F.,.F.,(4,1,4),(2,
2),(0.,0.0157867005688982,0.0349630337316804),(0.,0.1),.UNSPECIFIED.);
#28=B_SPLINE_SURFACE_WITH_KNOTS('',3,1,((#6140,#6141),(#6142,#6143),(#6144,
#6145),(#6146,#6147),(#6148,#6149)),.UNSPECIFIED.,.F.,.F.,.F.,(4,1,4),(2,
2),(0.,0.0156935831521084,0.0304321697364875),(0.,0.1),.UNSPECIFIED.);
#29=B_SPLINE_SURFACE_WITH_KNOTS('',3,1,((#6169,#6170),(#6171,#6172),(#6173,
#6174),(#6175,#6176),(#6177,#6178)),.UNSPECIFIED.,.F.,.F.,.F.,(4,1,4),(2,
2),(0.,0.0165697081566879,0.0361255390753417),(0.,0.1),.UNSPECIFIED.);
#30=B_SPLINE_SURFACE_WITH_KNOTS('',3,1,((#6192,#6193),(#6194,#6195),(#6196,
#6197),(#6198,#6199),(#6200,#6201)),.UNSPECIFIED.,.F.,.F.,.F.,(4,1,4),(2,
2),(0.,0.0189911711425561,0.0353449812056698),(0.,0.1),.UNSPECIFIED.);
#31=B_SPLINE_SURFACE_WITH_KNOTS('',3,1,((#6215,#6216),(#6217,#6218),(#6219,
#6220),(#6221,#6222),(#6223,#6224)),.UNSPECIFIED.,.F.,.F.,.F.,(4,1,4),(2,
2),(0.,0.0240644393315011,0.045607012513838),(0.,0.1),.UNSPECIFIED.);
#32=B_SPLINE_SURFACE_WITH_KNOTS('',3,1,((#6238,#6239),(#6240,#6241),(#6242,
#6243),(#6244,#6245),(#6246,#6247)),.UNSPECIFIED.,.F.,.F.,.F.,(4,1,4),(2,
2),(0.,0.0158148564698367,0.0323266586672957),(0.,0.1),.UNSPECIFIED.);
#33=B_SPLINE_SURFACE_WITH_KNOTS('',3,1,((#6261,#6262),(#6263,#6264),(#6265,
#6266),(#6267,#6268),(#6269,#6270)),.UNSPECIFIED.,.F.,.F.,.F.,(4,1,4),(2,
2),(0.,0.0116885975818936,0.025736555005455),(0.,0.1),.UNSPECIFIED.);
#34=B_SPLINE_SURFACE_WITH_KNOTS('',3,1,((#6284,#6285),(#6286,#6287),(#6288,
#6289),(#6290,#6291),(#6292,#6293)),.UNSPECIFIED.,.F.,.F.,.F.,(4,1,4),(2,
2),(0.,0.0138937721406693,0.0277316607189546),(0.,0.1),.UNSPECIFIED.);
#35=B_SPLINE_SURFACE_WITH_KNOTS('',3,1,((#6307,#6308),(#6309,#6310),(#6311,
#6312),(#6313,#6314),(#6315,#6316)),.UNSPECIFIED.,.F.,.F.,.F.,(4,1,4),(2,
2),(0.,0.0140621957488043,0.0278104439135451),(0.,0.1),.UNSPECIFIED.);
#36=B_SPLINE_SURFACE_WITH_KNOTS('',3,1,((#6330,#6331),(#6332,#6333),(#6334,
#6335),(#6336,#6337),(#6338,#6339)),.UNSPECIFIED.,.F.,.F.,.F.,(4,1,4),(2,
2),(0.,0.0151951820219342,0.030621483929913),(0.,0.1),.UNSPECIFIED.);
#37=B_SPLINE_SURFACE_WITH_KNOTS('',3,1,((#6353,#6354),(#6355,#6356),(#6357,
#6358),(#6359,#6360),(#6361,#6362)),.UNSPECIFIED.,.F.,.F.,.F.,(4,1,4),(2,
2),(0.,0.016375001423924,0.0317957697333217),(0.,0.1),.UNSPECIFIED.);
#38=B_SPLINE_SURFACE_WITH_KNOTS('',3,1,((#6376,#6377),(#6378,#6379),(#6380,
#6381),(#6382,#6383),(#6384,#6385)),.UNSPECIFIED.,.F.,.F.,.F.,(4,1,4),(2,
2),(0.,0.0356225667016736,0.0590112447801635),(0.,0.1),.UNSPECIFIED.);
#39=B_SPLINE_SURFACE_WITH_KNOTS('',3,1,((#6399,#6400),(#6401,#6402),(#6403,
#6404),(#6405,#6406),(#6407,#6408)),.UNSPECIFIED.,.F.,.F.,.F.,(4,1,4),(2,
2),(0.,0.0143288038926315,0.0397396846085773),(0.,0.1),.UNSPECIFIED.);
#40=B_SPLINE_SURFACE_WITH_KNOTS('',3,1,((#6422,#6423),(#6424,#6425),(#6426,
#6427),(#6428,#6429),(#6430,#6431)),.UNSPECIFIED.,.F.,.F.,.F.,(4,1,4),(2,
2),(0.,0.0114776761622223,0.0232373607158253),(0.,0.1),.UNSPECIFIED.);
#41=B_SPLINE_SURFACE_WITH_KNOTS('',3,1,((#6445,#6446),(#6447,#6448),(#6449,
#6450),(#6451,#6452),(#6453,#6454)),.UNSPECIFIED.,.F.,.F.,.F.,(4,1,4),(2,
2),(0.,0.0145819073483628,0.0279838976248114),(0.,0.1),.UNSPECIFIED.);
#42=B_SPLINE_SURFACE_WITH_KNOTS('',3,1,((#6468,#6469),(#6470,#6471),(#6472,
#6473),(#6474,#6475),(#6476,#6477)),.UNSPECIFIED.,.F.,.F.,.F.,(4,1,4),(2,
2),(0.,0.022248502872219,0.0395912360779149),(0.,0.1),.UNSPECIFIED.);
#43=B_SPLINE_SURFACE_WITH_KNOTS('',3,1,((#6491,#6492),(#6493,#6494),(#6495,
#6496),(#6497,#6498),(#6499,#6500)),.UNSPECIFIED.,.F.,.F.,.F.,(4,1,4),(2,
2),(0.,0.0190146594372474,0.0416115205690201),(0.,0.1),.UNSPECIFIED.);
#44=B_SPLINE_SURFACE_WITH_KNOTS('',3,1,((#6514,#6515),(#6516,#6517),(#6518,
#6519),(#6520,#6521),(#6522,#6523)),.UNSPECIFIED.,.F.,.F.,.F.,(4,1,4),(2,
2),(0.,0.0201839479029645,0.0382893288513448),(0.,0.1),.UNSPECIFIED.);
#45=B_SPLINE_SURFACE_WITH_KNOTS('',3,1,((#6543,#6544),(#6545,#6546),(#6547,
#6548),(#6549,#6550),(#6551,#6552)),.UNSPECIFIED.,.F.,.F.,.F.,(4,1,4),(2,
2),(0.,0.0283760732877044,0.0603601440793901),(0.,0.1),.UNSPECIFIED.);
#46=B_SPLINE_SURFACE_WITH_KNOTS('',3,1,((#6573,#6574),(#6575,#6576),(#6577,
#6578),(#6579,#6580),(#6581,#6582)),.UNSPECIFIED.,.F.,.F.,.F.,(4,1,4),(2,
2),(0.,0.0283647634159468,0.052004267193858),(0.,0.1),.UNSPECIFIED.);
#47=B_SPLINE_SURFACE_WITH_KNOTS('',3,1,((#6596,#6597),(#6598,#6599),(#6600,
#6601),(#6602,#6603),(#6604,#6605)),.UNSPECIFIED.,.F.,.F.,.F.,(4,1,4),(2,
2),(0.,0.033113834147398,0.0646497533600046),(0.,0.1),.UNSPECIFIED.);
#48=B_SPLINE_SURFACE_WITH_KNOTS('',3,1,((#6625,#6626),(#6627,#6628),(#6629,
#6630),(#6631,#6632),(#6633,#6634)),.UNSPECIFIED.,.F.,.F.,.F.,(4,1,4),(2,
2),(0.,0.0232362693534792,0.0431474171410824),(0.,0.1),.UNSPECIFIED.);
#49=B_SPLINE_SURFACE_WITH_KNOTS('',3,1,((#6648,#6649),(#6650,#6651),(#6652,
#6653),(#6654,#6655),(#6656,#6657)),.UNSPECIFIED.,.F.,.F.,.F.,(4,1,4),(2,
2),(0.,0.0199525757963547,0.0432957777611762),(0.,0.1),.UNSPECIFIED.);
#50=B_SPLINE_SURFACE_WITH_KNOTS('',3,1,((#6687,#6688),(#6689,#6690),(#6691,
#6692),(#6693,#6694),(#6695,#6696)),.UNSPECIFIED.,.F.,.F.,.F.,(4,1,4),(2,
2),(0.,0.0237624163575698,0.0469621552016738),(0.,0.1),.UNSPECIFIED.);
#51=B_SPLINE_SURFACE_WITH_KNOTS('',3,1,((#6713,#6714),(#6715,#6716),(#6717,
#6718),(#6719,#6720),(#6721,#6722)),.UNSPECIFIED.,.F.,.F.,.F.,(4,1,4),(2,
2),(0.,0.0257515834401313,0.051728639080738),(0.,0.1),.UNSPECIFIED.);
#52=B_SPLINE_SURFACE_WITH_KNOTS('',3,1,((#6736,#6737),(#6738,#6739),(#6740,
#6741),(#6742,#6743),(#6744,#6745)),.UNSPECIFIED.,.F.,.F.,.F.,(4,1,4),(2,
2),(0.,0.0244511281937737,0.043906927630112),(0.,0.1),.UNSPECIFIED.);
#53=B_SPLINE_SURFACE_WITH_KNOTS('',3,1,((#6765,#6766),(#6767,#6768),(#6769,
#6770),(#6771,#6772),(#6773,#6774)),.UNSPECIFIED.,.F.,.F.,.F.,(4,1,4),(2,
2),(0.,0.023923079948121,0.050125646887771),(0.,0.1),.UNSPECIFIED.);
#54=B_SPLINE_SURFACE_WITH_KNOTS('',3,1,((#6785,#6786),(#6787,#6788),(#6789,
#6790),(#6791,#6792),(#6793,#6794)),.UNSPECIFIED.,.F.,.F.,.F.,(4,1,4),(2,
2),(0.,0.0189631186462206,0.0366717970161361),(0.,0.1),.UNSPECIFIED.);
#55=B_SPLINE_SURFACE_WITH_KNOTS('',3,1,((#6811,#6812),(#6813,#6814),(#6815,
#6816),(#6817,#6818),(#6819,#6820)),.UNSPECIFIED.,.F.,.F.,.F.,(4,1,4),(2,
2),(0.,0.0249500343824,0.050365244181284),(0.,0.1),.UNSPECIFIED.);
#56=B_SPLINE_SURFACE_WITH_KNOTS('',3,1,((#6834,#6835),(#6836,#6837),(#6838,
#6839),(#6840,#6841),(#6842,#6843)),.UNSPECIFIED.,.F.,.F.,.F.,(4,1,4),(2,
2),(0.,0.0321974643733872,0.0594057496605828),(0.,0.1),.UNSPECIFIED.);
#57=B_SPLINE_SURFACE_WITH_KNOTS('',3,1,((#6863,#6864),(#6865,#6866),(#6867,
#6868),(#6869,#6870),(#6871,#6872)),.UNSPECIFIED.,.F.,.F.,.F.,(4,1,4),(2,
2),(0.,0.00409307262077522,0.00982501176257857),(0.,0.1),.UNSPECIFIED.);
#58=B_SPLINE_SURFACE_WITH_KNOTS('',3,1,((#6886,#6887),(#6888,#6889),(#6890,
#6891),(#6892,#6893),(#6894,#6895)),.UNSPECIFIED.,.F.,.F.,.F.,(4,1,4),(2,
2),(0.,0.0412851767094973,0.0895648239594153),(0.,0.1),.UNSPECIFIED.);
#59=B_SPLINE_SURFACE_WITH_KNOTS('',3,1,((#6909,#6910),(#6911,#6912),(#6913,
#6914),(#6915,#6916),(#6917,#6918)),.UNSPECIFIED.,.F.,.F.,.F.,(4,1,4),(2,
2),(0.,0.0402864005980434,0.0789499764096867),(0.,0.1),.UNSPECIFIED.);
#60=B_SPLINE_SURFACE_WITH_KNOTS('',3,1,((#6932,#6933),(#6934,#6935),(#6936,
#6937),(#6938,#6939),(#6940,#6941)),.UNSPECIFIED.,.F.,.F.,.F.,(4,1,4),(2,
2),(0.,0.0395980714944398,0.0811196328729164),(0.,0.1),.UNSPECIFIED.);
#61=B_SPLINE_SURFACE_WITH_KNOTS('',3,1,((#6955,#6956),(#6957,#6958),(#6959,
#6960),(#6961,#6962),(#6963,#6964)),.UNSPECIFIED.,.F.,.F.,.F.,(4,1,4),(2,
2),(0.,0.0492130117731878,0.0913487906901976),(0.,0.1),.UNSPECIFIED.);
#62=B_SPLINE_SURFACE_WITH_KNOTS('',3,1,((#6978,#6979),(#6980,#6981),(#6982,
#6983),(#6984,#6985),(#6986,#6987)),.UNSPECIFIED.,.F.,.F.,.F.,(4,1,4),(2,
2),(0.,0.0410536230011339,0.0886825678809764),(0.,0.1),.UNSPECIFIED.);
#63=B_SPLINE_SURFACE_WITH_KNOTS('',3,1,((#7001,#7002),(#7003,#7004),(#7005,
#7006),(#7007,#7008),(#7009,#7010)),.UNSPECIFIED.,.F.,.F.,.F.,(4,1,4),(2,
2),(0.,0.04339062224086,0.0829782997111148),(0.,0.1),.UNSPECIFIED.);
#64=B_SPLINE_SURFACE_WITH_KNOTS('',3,1,((#7024,#7025),(#7026,#7027),(#7028,
#7029),(#7030,#7031),(#7032,#7033)),.UNSPECIFIED.,.F.,.F.,.F.,(4,1,4),(2,
2),(0.,0.0309785794544882,0.065766205068332),(0.,0.1),.UNSPECIFIED.);
#65=B_SPLINE_SURFACE_WITH_KNOTS('',3,1,((#7047,#7048),(#7049,#7050),(#7051,
#7052),(#7053,#7054),(#7055,#7056)),.UNSPECIFIED.,.F.,.F.,.F.,(4,1,4),(2,
2),(0.,0.0322850042575705,0.0624774255668373),(0.,0.1),.UNSPECIFIED.);
#66=B_SPLINE_SURFACE_WITH_KNOTS('',3,1,((#7076,#7077),(#7078,#7079),(#7080,
#7081),(#7082,#7083),(#7084,#7085)),.UNSPECIFIED.,.F.,.F.,.F.,(4,1,4),(2,
2),(0.,0.0188598509103814,0.0413051955343998),(0.,0.1),.UNSPECIFIED.);
#67=B_SPLINE_SURFACE_WITH_KNOTS('',3,1,((#7097,#7098),(#7099,#7100),(#7101,
#7102),(#7103,#7104),(#7105,#7106)),.UNSPECIFIED.,.F.,.F.,.F.,(4,1,4),(2,
2),(0.,0.0057783238597341,0.0130733695852026),(0.,0.1),.UNSPECIFIED.);
#68=B_SPLINE_SURFACE_WITH_KNOTS('',3,1,((#7123,#7124),(#7125,#7126),(#7127,
#7128),(#7129,#7130),(#7131,#7132)),.UNSPECIFIED.,.F.,.F.,.F.,(4,1,4),(2,
2),(0.,0.00481063887724484,0.00967753512903276),(0.,0.1),.UNSPECIFIED.);
#69=B_SPLINE_SURFACE_WITH_KNOTS('',3,1,((#7146,#7147),(#7148,#7149),(#7150,
#7151),(#7152,#7153),(#7154,#7155)),.UNSPECIFIED.,.F.,.F.,.F.,(4,1,4),(2,
2),(0.,0.0129515740895358,0.0203966498498169),(0.,0.1),.UNSPECIFIED.);
#70=B_SPLINE_SURFACE_WITH_KNOTS('',3,1,((#7235,#7236),(#7237,#7238),(#7239,
#7240),(#7241,#7242),(#7243,#7244)),.UNSPECIFIED.,.F.,.F.,.F.,(4,1,4),(2,
2),(0.,0.0164652112357713,0.0439609613664738),(0.,0.1),.UNSPECIFIED.);
#71=B_SPLINE_SURFACE_WITH_KNOTS('',3,1,((#7258,#7259),(#7260,#7261),(#7262,
#7263),(#7264,#7265),(#7266,#7267)),.UNSPECIFIED.,.F.,.F.,.F.,(4,1,4),(2,
2),(0.,0.011921943121445,0.0230320784118463),(0.,0.1),.UNSPECIFIED.);
#72=B_SPLINE_SURFACE_WITH_KNOTS('',3,1,((#7281,#7282),(#7283,#7284),(#7285,
#7286),(#7287,#7288),(#7289,#7290)),.UNSPECIFIED.,.F.,.F.,.F.,(4,1,4),(2,
2),(0.,0.0178740471106254,0.0320008701553124),(0.,0.1),.UNSPECIFIED.);
#73=B_SPLINE_SURFACE_WITH_KNOTS('',3,1,((#7304,#7305),(#7306,#7307),(#7308,
#7309),(#7310,#7311),(#7312,#7313)),.UNSPECIFIED.,.F.,.F.,.F.,(4,1,4),(2,
2),(0.,0.0149372053074678,0.028059621521497),(0.,0.1),.UNSPECIFIED.);
#74=B_SPLINE_SURFACE_WITH_KNOTS('',3,1,((#7333,#7334),(#7335,#7336),(#7337,
#7338),(#7339,#7340),(#7341,#7342)),.UNSPECIFIED.,.F.,.F.,.F.,(4,1,4),(2,
2),(0.,0.00712019530030997,0.0162389647018056),(0.,0.1),.UNSPECIFIED.);
#75=B_SPLINE_SURFACE_WITH_KNOTS('',3,1,((#7375,#7376),(#7377,#7378),(#7379,
#7380),(#7381,#7382),(#7383,#7384)),.UNSPECIFIED.,.F.,.F.,.F.,(4,1,4),(2,
2),(0.,0.0256823703766011,0.0517166056908907),(0.,0.1),.UNSPECIFIED.);
#76=B_SPLINE_SURFACE_WITH_KNOTS('',3,1,((#7398,#7399),(#7400,#7401),(#7402,
#7403),(#7404,#7405),(#7406,#7407)),.UNSPECIFIED.,.F.,.F.,.F.,(4,1,4),(2,
2),(0.,0.0268077041830256,0.0515880264319201),(0.,0.1),.UNSPECIFIED.);
#77=B_SPLINE_SURFACE_WITH_KNOTS('',3,3,((#7493,#7494,#7495,#7496),(#7497,
#7498,#7499,#7500),(#7501,#7502,#7503,#7504),(#7505,#7506,#7507,#7508)),
 .UNSPECIFIED.,.F.,.F.,.F.,(4,4),(4,4),(0.,1.),(0.800464356061977,1.7227931780182),
 .UNSPECIFIED.);
#78=B_SPLINE_SURFACE_WITH_KNOTS('',3,3,((#7610,#7611,#7612,#7613,#7614),
(#7615,#7616,#7617,#7618,#7619),(#7620,#7621,#7622,#7623,#7624),(#7625,
#7626,#7627,#7628,#7629),(#7630,#7631,#7632,#7633,#7634)),.UNSPECIFIED.,
 .F.,.F.,.F.,(4,1,4),(4,1,4),(0.,0.571428571428571,1.),(2.49957409372077,
2.77277797993602,3.13704982822302),.UNSPECIFIED.);
#79=B_SPLINE_SURFACE_WITH_KNOTS('',3,3,((#7687,#7688,#7689,#7690,#7691),
(#7692,#7693,#7694,#7695,#7696),(#7697,#7698,#7699,#7700,#7701),(#7702,
#7703,#7704,#7705,#7706),(#7707,#7708,#7709,#7710,#7711),(#7712,#7713,#7714,
#7715,#7716)),.UNSPECIFIED.,.F.,.F.,.F.,(4,1,1,4),(4,1,4),(0.,0.285714285714286,
0.571428571428571,1.),(3.20745411708166,3.63751535163301,4.21093033103481),
 .UNSPECIFIED.);
#80=B_SPLINE_SURFACE_WITH_KNOTS('',3,3,((#7959,#7960,#7961,#7962),(#7963,
#7964,#7965,#7966),(#7967,#7968,#7969,#7970),(#7971,#7972,#7973,#7974)),
 .UNSPECIFIED.,.F.,.F.,.F.,(4,4),(4,4),(0.,1.),(0.0993499433390097,1.),
 .UNSPECIFIED.);
#81=B_SPLINE_SURFACE_WITH_KNOTS('',3,3,((#8001,#8002,#8003,#8004),(#8005,
#8006,#8007,#8008),(#8009,#8010,#8011,#8012),(#8013,#8014,#8015,#8016)),
 .UNSPECIFIED.,.F.,.F.,.F.,(4,4),(4,4),(0.,1.),(0.0512190670847966,1.),
 .UNSPECIFIED.);
#82=B_SPLINE_SURFACE_WITH_KNOTS('',3,3,((#8032,#8033,#8034,#8035),(#8036,
#8037,#8038,#8039),(#8040,#8041,#8042,#8043),(#8044,#8045,#8046,#8047)),
 .UNSPECIFIED.,.F.,.F.,.F.,(4,4),(4,4),(0.,1.),(0.,1.),.UNSPECIFIED.);
#83=B_SPLINE_SURFACE_WITH_KNOTS('',3,3,((#8058,#8059,#8060,#8061),(#8062,
#8063,#8064,#8065),(#8066,#8067,#8068,#8069),(#8070,#8071,#8072,#8073)),
 .UNSPECIFIED.,.F.,.F.,.F.,(4,4),(4,4),(0.,1.),(0.,1.),.UNSPECIFIED.);
#84=B_SPLINE_SURFACE_WITH_KNOTS('',3,3,((#8439,#8440,#8441,#8442),(#8443,
#8444,#8445,#8446),(#8447,#8448,#8449,#8450),(#8451,#8452,#8453,#8454)),
 .UNSPECIFIED.,.F.,.F.,.F.,(4,4),(4,4),(0.,0.335418467005862),(0.925870619425529,
1.),.UNSPECIFIED.);
#85=CYLINDRICAL_SURFACE('',#4550,3.00000000000001);
#86=CYLINDRICAL_SURFACE('',#4553,3.00000000000001);
#87=CYLINDRICAL_SURFACE('',#4558,1.6);
#88=CYLINDRICAL_SURFACE('',#4560,1.6);
#89=CYLINDRICAL_SURFACE('',#4612,1.);
#90=CYLINDRICAL_SURFACE('',#4626,1.);
#91=CYLINDRICAL_SURFACE('',#4628,2.);
#92=CYLINDRICAL_SURFACE('',#4629,2.);
#93=CYLINDRICAL_SURFACE('',#4718,3.1);
#94=(
BOUNDED_CURVE()
B_SPLINE_CURVE(5,(#5625,#5626,#5627,#5628,#5629,#5630,#5631,#5632,#5633,
#5634),.UNSPECIFIED.,.F.,.F.)
B_SPLINE_CURVE_WITH_KNOTS((6,1,1,1,1,6),(0.547444755403132,0.6,0.7,0.8,
0.9,1.),.UNSPECIFIED.)
CURVE()
GEOMETRIC_REPRESENTATION_ITEM()
RATIONAL_B_SPLINE_CURVE((1.,1.,1.,1.,1.,1.,1.,1.,1.,1.))
REPRESENTATION_ITEM('')
);
#95=(
BOUNDED_CURVE()
B_SPLINE_CURVE(5,(#5638,#5639,#5640,#5641,#5642,#5643,#5644,#5645,#5646,
#5647),.UNSPECIFIED.,.F.,.F.)
B_SPLINE_CURVE_WITH_KNOTS((6,1,1,1,1,6),(0.547444755403132,0.6,0.7,0.8,
0.9,1.),.UNSPECIFIED.)
CURVE()
GEOMETRIC_REPRESENTATION_ITEM()
RATIONAL_B_SPLINE_CURVE((1.,1.,1.,1.,1.,1.,1.,1.,1.,1.))
REPRESENTATION_ITEM('')
);
#96=(
BOUNDED_CURVE()
B_SPLINE_CURVE(5,(#5749,#5750,#5751,#5752,#5753,#5754),.UNSPECIFIED.,.F.,
 .F.)
B_SPLINE_CURVE_WITH_KNOTS((6,6),(0.,0.0224000234802147),.UNSPECIFIED.)
CURVE()
GEOMETRIC_REPRESENTATION_ITEM()
RATIONAL_B_SPLINE_CURVE((1.,1.,1.,1.,1.,1.))
REPRESENTATION_ITEM('')
);
#97=(
BOUNDED_CURVE()
B_SPLINE_CURVE(5,(#5776,#5777,#5778,#5779,#5780,#5781,#5782,#5783,#5784,
#5785),.UNSPECIFIED.,.F.,.F.)
B_SPLINE_CURVE_WITH_KNOTS((6,1,1,1,1,6),(0.0224000234802147,0.1,0.2,0.3,
0.4,0.452555244602239),.UNSPECIFIED.)
CURVE()
GEOMETRIC_REPRESENTATION_ITEM()
RATIONAL_B_SPLINE_CURVE((1.,1.,1.,1.,1.,1.,1.,1.,1.,1.))
REPRESENTATION_ITEM('')
);
#98=(
BOUNDED_CURVE()
B_SPLINE_CURVE(5,(#5788,#5789,#5790,#5791,#5792,#5793,#5794,#5795,#5796,
#5797),.UNSPECIFIED.,.F.,.F.)
B_SPLINE_CURVE_WITH_KNOTS((6,1,1,1,1,6),(0.0224000234802147,0.1,0.2,0.3,
0.4,0.452555244602239),.UNSPECIFIED.)
CURVE()
GEOMETRIC_REPRESENTATION_ITEM()
RATIONAL_B_SPLINE_CURVE((1.,1.,1.,1.,1.,1.,1.,1.,1.,1.))
REPRESENTATION_ITEM('')
);
#99=(
BOUNDED_CURVE()
B_SPLINE_CURVE(5,(#5826,#5827,#5828,#5829,#5830,#5831),.UNSPECIFIED.,.F.,
 .F.)
B_SPLINE_CURVE_WITH_KNOTS((6,6),(0.,0.0224000234802147),.UNSPECIFIED.)
CURVE()
GEOMETRIC_REPRESENTATION_ITEM()
RATIONAL_B_SPLINE_CURVE((1.,1.,1.,1.,1.,1.))
REPRESENTATION_ITEM('')
);
#100=(
BOUNDED_SURFACE()
B_SPLINE_SURFACE(5,1,((#5602,#5603),(#5604,#5605),(#5606,#5607),(#5608,
#5609),(#5610,#5611),(#5612,#5613),(#5614,#5615),(#5616,#5617),(#5618,#5619),
(#5620,#5621)),.UNSPECIFIED.,.F.,.F.,.F.)
B_SPLINE_SURFACE_WITH_KNOTS((6,1,1,1,1,6),(2,2),(0.547444755403132,0.6,
0.7,0.8,0.9,1.),(0.,0.6),.UNSPECIFIED.)
GEOMETRIC_REPRESENTATION_ITEM()
RATIONAL_B_SPLINE_SURFACE(((1.,1.),(1.,1.),(1.,1.),(1.,1.),(1.,1.),(1.,
1.),(1.,1.),(1.,1.),(1.,1.),(1.,1.)))
REPRESENTATION_ITEM('')
SURFACE()
);
#101=(
BOUNDED_SURFACE()
B_SPLINE_SURFACE(5,1,((#5729,#5730),(#5731,#5732),(#5733,#5734),(#5735,
#5736),(#5737,#5738),(#5739,#5740),(#5741,#5742),(#5743,#5744),(#5745,#5746),
(#5747,#5748)),.UNSPECIFIED.,.F.,.F.,.F.)
B_SPLINE_SURFACE_WITH_KNOTS((6,1,1,1,1,6),(2,2),(0.,0.1,0.2,0.3,0.4,0.452555244602239),
(0.,0.6),.UNSPECIFIED.)
GEOMETRIC_REPRESENTATION_ITEM()
RATIONAL_B_SPLINE_SURFACE(((1.,1.),(1.,1.),(1.,1.),(1.,1.),(1.,1.),(1.,
1.),(1.,1.),(1.,1.),(1.,1.),(1.,1.)))
REPRESENTATION_ITEM('')
SURFACE()
);
#102=(
BOUNDED_SURFACE()
B_SPLINE_SURFACE(5,1,((#5755,#5756),(#5757,#5758),(#5759,#5760),(#5761,
#5762),(#5763,#5764),(#5765,#5766),(#5767,#5768),(#5769,#5770),(#5771,#5772),
(#5773,#5774)),.UNSPECIFIED.,.F.,.F.,.F.)
B_SPLINE_SURFACE_WITH_KNOTS((6,1,1,1,1,6),(2,2),(0.,0.1,0.2,0.3,0.4,0.452555244602239),
(0.,0.6),.UNSPECIFIED.)
GEOMETRIC_REPRESENTATION_ITEM()
RATIONAL_B_SPLINE_SURFACE(((1.,1.),(1.,1.),(1.,1.),(1.,1.),(1.,1.),(1.,
1.),(1.,1.),(1.,1.),(1.,1.),(1.,1.)))
REPRESENTATION_ITEM('')
SURFACE()
);
#103=(
BOUNDED_SURFACE()
B_SPLINE_SURFACE(5,1,((#5806,#5807),(#5808,#5809),(#5810,#5811),(#5812,
#5813),(#5814,#5815),(#5816,#5817),(#5818,#5819),(#5820,#5821),(#5822,#5823),
(#5824,#5825)),.UNSPECIFIED.,.F.,.F.,.F.)
B_SPLINE_SURFACE_WITH_KNOTS((6,1,1,1,1,6),(2,2),(0.,0.1,0.2,0.3,0.4,0.452555244602239),
(0.,0.6),.UNSPECIFIED.)
GEOMETRIC_REPRESENTATION_ITEM()
RATIONAL_B_SPLINE_SURFACE(((1.,1.),(1.,1.),(1.,1.),(1.,1.),(1.,1.),(1.,
1.),(1.,1.),(1.,1.),(1.,1.),(1.,1.)))
REPRESENTATION_ITEM('')
SURFACE()
);
#104=(
BOUNDED_SURFACE()
B_SPLINE_SURFACE(2,2,((#7677,#7678,#7679),(#7680,#7681,#7682),(#7683,#7684,
#7685)),.UNSPECIFIED.,.F.,.F.,.F.)
B_SPLINE_SURFACE_WITH_KNOTS((3,3),(3,3),(-2.50649561208186,-1.5707963267949),
(-3.14159265358979,-3.08021562428011),.UNSPECIFIED.)
GEOMETRIC_REPRESENTATION_ITEM()
RATIONAL_B_SPLINE_SURFACE(((1.,0.999529144489599,1.),(0.892540093478742,
0.892119836057474,0.892540093478742),(1.,0.999529144489599,1.)))
REPRESENTATION_ITEM('')
SURFACE()
);
#105=FACE_BOUND('',#378,.T.);
#106=FACE_BOUND('',#383,.T.);
#107=FACE_BOUND('',#456,.T.);
#108=FACE_BOUND('',#507,.T.);
#109=FACE_BOUND('',#508,.T.);
#110=FACE_BOUND('',#509,.T.);
#111=FACE_BOUND('',#510,.T.);
#112=FACE_BOUND('',#511,.T.);
#113=FACE_BOUND('',#512,.T.);
#114=FACE_BOUND('',#610,.T.);
#115=FACE_BOUND('',#613,.T.);
#116=CIRCLE('',#4549,1.6);
#117=CIRCLE('',#4551,3.00000000000001);
#118=CIRCLE('',#4552,3.00000000000001);
#119=CIRCLE('',#4554,3.00000000000001);
#120=CIRCLE('',#4556,1.6);
#121=CIRCLE('',#4559,1.6);
#122=CIRCLE('',#4561,1.6);
#123=CIRCLE('',#4608,8.00000000000001);
#124=CIRCLE('',#4610,6.44011303873907);
#125=CIRCLE('',#4611,8.00000000000001);
#126=CIRCLE('',#4613,1.);
#127=CIRCLE('',#4614,1.);
#128=CIRCLE('',#4617,2.);
#129=CIRCLE('',#4618,3.1);
#130=CIRCLE('',#4619,2.);
#131=CIRCLE('',#4620,1.);
#132=CIRCLE('',#4622,1.);
#133=CIRCLE('',#4623,2.);
#134=CIRCLE('',#4624,3.1);
#135=CIRCLE('',#4625,2.);
#136=FACE_OUTER_BOUND('',#371,.T.);
#137=FACE_OUTER_BOUND('',#372,.T.);
#138=FACE_OUTER_BOUND('',#373,.T.);
#139=FACE_OUTER_BOUND('',#374,.T.);
#140=FACE_OUTER_BOUND('',#375,.T.);
#141=FACE_OUTER_BOUND('',#376,.T.);
#142=FACE_OUTER_BOUND('',#377,.T.);
#143=FACE_OUTER_BOUND('',#379,.T.);
#144=FACE_OUTER_BOUND('',#380,.T.);
#145=FACE_OUTER_BOUND('',#381,.T.);
#146=FACE_OUTER_BOUND('',#382,.T.);
#147=FACE_OUTER_BOUND('',#384,.T.);
#148=FACE_OUTER_BOUND('',#385,.T.);
#149=FACE_OUTER_BOUND('',#386,.T.);
#150=FACE_OUTER_BOUND('',#387,.T.);
#151=FACE_OUTER_BOUND('',#388,.T.);
#152=FACE_OUTER_BOUND('',#389,.T.);
#153=FACE_OUTER_BOUND('',#390,.T.);
#154=FACE_OUTER_BOUND('',#391,.T.);
#155=FACE_OUTER_BOUND('',#392,.T.);
#156=FACE_OUTER_BOUND('',#393,.T.);
#157=FACE_OUTER_BOUND('',#394,.T.);
#158=FACE_OUTER_BOUND('',#395,.T.);
#159=FACE_OUTER_BOUND('',#396,.T.);
#160=FACE_OUTER_BOUND('',#397,.T.);
#161=FACE_OUTER_BOUND('',#398,.T.);
#162=FACE_OUTER_BOUND('',#399,.T.);
#163=FACE_OUTER_BOUND('',#400,.T.);
#164=FACE_OUTER_BOUND('',#401,.T.);
#165=FACE_OUTER_BOUND('',#402,.T.);
#166=FACE_OUTER_BOUND('',#403,.T.);
#167=FACE_OUTER_BOUND('',#404,.T.);
#168=FACE_OUTER_BOUND('',#405,.T.);
#169=FACE_OUTER_BOUND('',#406,.T.);
#170=FACE_OUTER_BOUND('',#407,.T.);
#171=FACE_OUTER_BOUND('',#408,.T.);
#172=FACE_OUTER_BOUND('',#409,.T.);
#173=FACE_OUTER_BOUND('',#410,.T.);
#174=FACE_OUTER_BOUND('',#411,.T.);
#175=FACE_OUTER_BOUND('',#412,.T.);
#176=FACE_OUTER_BOUND('',#413,.T.);
#177=FACE_OUTER_BOUND('',#414,.T.);
#178=FACE_OUTER_BOUND('',#415,.T.);
#179=FACE_OUTER_BOUND('',#416,.T.);
#180=FACE_OUTER_BOUND('',#417,.T.);
#181=FACE_OUTER_BOUND('',#418,.T.);
#182=FACE_OUTER_BOUND('',#419,.T.);
#183=FACE_OUTER_BOUND('',#420,.T.);
#184=FACE_OUTER_BOUND('',#421,.T.);
#185=FACE_OUTER_BOUND('',#422,.T.);
#186=FACE_OUTER_BOUND('',#423,.T.);
#187=FACE_OUTER_BOUND('',#424,.T.);
#188=FACE_OUTER_BOUND('',#425,.T.);
#189=FACE_OUTER_BOUND('',#426,.T.);
#190=FACE_OUTER_BOUND('',#427,.T.);
#191=FACE_OUTER_BOUND('',#428,.T.);
#192=FACE_OUTER_BOUND('',#429,.T.);
#193=FACE_OUTER_BOUND('',#430,.T.);
#194=FACE_OUTER_BOUND('',#431,.T.);
#195=FACE_OUTER_BOUND('',#432,.T.);
#196=FACE_OUTER_BOUND('',#433,.T.);
#197=FACE_OUTER_BOUND('',#434,.T.);
#198=FACE_OUTER_BOUND('',#435,.T.);
#199=FACE_OUTER_BOUND('',#436,.T.);
#200=FACE_OUTER_BOUND('',#437,.T.);
#201=FACE_OUTER_BOUND('',#438,.T.);
#202=FACE_OUTER_BOUND('',#439,.T.);
#203=FACE_OUTER_BOUND('',#440,.T.);
#204=FACE_OUTER_BOUND('',#441,.T.);
#205=FACE_OUTER_BOUND('',#442,.T.);
#206=FACE_OUTER_BOUND('',#443,.T.);
#207=FACE_OUTER_BOUND('',#444,.T.);
#208=FACE_OUTER_BOUND('',#445,.T.);
#209=FACE_OUTER_BOUND('',#446,.T.);
#210=FACE_OUTER_BOUND('',#447,.T.);
#211=FACE_OUTER_BOUND('',#448,.T.);
#212=FACE_OUTER_BOUND('',#449,.T.);
#213=FACE_OUTER_BOUND('',#450,.T.);
#214=FACE_OUTER_BOUND('',#451,.T.);
#215=FACE_OUTER_BOUND('',#452,.T.);
#216=FACE_OUTER_BOUND('',#453,.T.);
#217=FACE_OUTER_BOUND('',#454,.T.);
#218=FACE_OUTER_BOUND('',#455,.T.);
#219=FACE_OUTER_BOUND('',#457,.T.);
#220=FACE_OUTER_BOUND('',#458,.T.);
#221=FACE_OUTER_BOUND('',#459,.T.);
#222=FACE_OUTER_BOUND('',#460,.T.);
#223=FACE_OUTER_BOUND('',#461,.T.);
#224=FACE_OUTER_BOUND('',#462,.T.);
#225=FACE_OUTER_BOUND('',#463,.T.);
#226=FACE_OUTER_BOUND('',#464,.T.);
#227=FACE_OUTER_BOUND('',#465,.T.);
#228=FACE_OUTER_BOUND('',#466,.T.);
#229=FACE_OUTER_BOUND('',#467,.T.);
#230=FACE_OUTER_BOUND('',#468,.T.);
#231=FACE_OUTER_BOUND('',#469,.T.);
#232=FACE_OUTER_BOUND('',#470,.T.);
#233=FACE_OUTER_BOUND('',#471,.T.);
#234=FACE_OUTER_BOUND('',#472,.T.);
#235=FACE_OUTER_BOUND('',#473,.T.);
#236=FACE_OUTER_BOUND('',#474,.T.);
#237=FACE_OUTER_BOUND('',#475,.T.);
#238=FACE_OUTER_BOUND('',#476,.T.);
#239=FACE_OUTER_BOUND('',#477,.T.);
#240=FACE_OUTER_BOUND('',#478,.T.);
#241=FACE_OUTER_BOUND('',#479,.T.);
#242=FACE_OUTER_BOUND('',#480,.T.);
#243=FACE_OUTER_BOUND('',#481,.T.);
#244=FACE_OUTER_BOUND('',#482,.T.);
#245=FACE_OUTER_BOUND('',#483,.T.);
#246=FACE_OUTER_BOUND('',#484,.T.);
#247=FACE_OUTER_BOUND('',#485,.T.);
#248=FACE_OUTER_BOUND('',#486,.T.);
#249=FACE_OUTER_BOUND('',#487,.T.);
#250=FACE_OUTER_BOUND('',#488,.T.);
#251=FACE_OUTER_BOUND('',#489,.T.);
#252=FACE_OUTER_BOUND('',#490,.T.);
#253=FACE_OUTER_BOUND('',#491,.T.);
#254=FACE_OUTER_BOUND('',#492,.T.);
#255=FACE_OUTER_BOUND('',#493,.T.);
#256=FACE_OUTER_BOUND('',#494,.T.);
#257=FACE_OUTER_BOUND('',#495,.T.);
#258=FACE_OUTER_BOUND('',#496,.T.);
#259=FACE_OUTER_BOUND('',#497,.T.);
#260=FACE_OUTER_BOUND('',#498,.T.);
#261=FACE_OUTER_BOUND('',#499,.T.);
#262=FACE_OUTER_BOUND('',#500,.T.);
#263=FACE_OUTER_BOUND('',#501,.T.);
#264=FACE_OUTER_BOUND('',#502,.T.);
#265=FACE_OUTER_BOUND('',#503,.T.);
#266=FACE_OUTER_BOUND('',#504,.T.);
#267=FACE_OUTER_BOUND('',#505,.T.);
#268=FACE_OUTER_BOUND('',#506,.T.);
#269=FACE_OUTER_BOUND('',#513,.T.);
#270=FACE_OUTER_BOUND('',#514,.T.);
#271=FACE_OUTER_BOUND('',#515,.T.);
#272=FACE_OUTER_BOUND('',#516,.T.);
#273=FACE_OUTER_BOUND('',#517,.T.);
#274=FACE_OUTER_BOUND('',#518,.T.);
#275=FACE_OUTER_BOUND('',#519,.T.);
#276=FACE_OUTER_BOUND('',#520,.T.);
#277=FACE_OUTER_BOUND('',#521,.T.);
#278=FACE_OUTER_BOUND('',#522,.T.);
#279=FACE_OUTER_BOUND('',#523,.T.);
#280=FACE_OUTER_BOUND('',#524,.T.);
#281=FACE_OUTER_BOUND('',#525,.T.);
#282=FACE_OUTER_BOUND('',#526,.T.);
#283=FACE_OUTER_BOUND('',#527,.T.);
#284=FACE_OUTER_BOUND('',#528,.T.);
#285=FACE_OUTER_BOUND('',#529,.T.);
#286=FACE_OUTER_BOUND('',#530,.T.);
#287=FACE_OUTER_BOUND('',#531,.T.);
#288=FACE_OUTER_BOUND('',#532,.T.);
#289=FACE_OUTER_BOUND('',#533,.T.);
#290=FACE_OUTER_BOUND('',#534,.T.);
#291=FACE_OUTER_BOUND('',#535,.T.);
#292=FACE_OUTER_BOUND('',#536,.T.);
#293=FACE_OUTER_BOUND('',#537,.T.);
#294=FACE_OUTER_BOUND('',#538,.T.);
#295=FACE_OUTER_BOUND('',#539,.T.);
#296=FACE_OUTER_BOUND('',#540,.T.);
#297=FACE_OUTER_BOUND('',#541,.T.);
#298=FACE_OUTER_BOUND('',#542,.T.);
#299=FACE_OUTER_BOUND('',#543,.T.);
#300=FACE_OUTER_BOUND('',#544,.T.);
#301=FACE_OUTER_BOUND('',#545,.T.);
#302=FACE_OUTER_BOUND('',#546,.T.);
#303=FACE_OUTER_BOUND('',#547,.T.);
#304=FACE_OUTER_BOUND('',#548,.T.);
#305=FACE_OUTER_BOUND('',#549,.T.);
#306=FACE_OUTER_BOUND('',#550,.T.);
#307=FACE_OUTER_BOUND('',#551,.T.);
#308=FACE_OUTER_BOUND('',#552,.T.);
#309=FACE_OUTER_BOUND('',#553,.T.);
#310=FACE_OUTER_BOUND('',#554,.T.);
#311=FACE_OUTER_BOUND('',#555,.T.);
#312=FACE_OUTER_BOUND('',#556,.T.);
#313=FACE_OUTER_BOUND('',#557,.T.);
#314=FACE_OUTER_BOUND('',#558,.T.);
#315=FACE_OUTER_BOUND('',#559,.T.);
#316=FACE_OUTER_BOUND('',#560,.T.);
#317=FACE_OUTER_BOUND('',#561,.T.);
#318=FACE_OUTER_BOUND('',#562,.T.);
#319=FACE_OUTER_BOUND('',#563,.T.);
#320=FACE_OUTER_BOUND('',#564,.T.);
#321=FACE_OUTER_BOUND('',#565,.T.);
#322=FACE_OUTER_BOUND('',#566,.T.);
#323=FACE_OUTER_BOUND('',#567,.T.);
#324=FACE_OUTER_BOUND('',#568,.T.);
#325=FACE_OUTER_BOUND('',#569,.T.);
#326=FACE_OUTER_BOUND('',#570,.T.);
#327=FACE_OUTER_BOUND('',#571,.T.);
#328=FACE_OUTER_BOUND('',#572,.T.);
#329=FACE_OUTER_BOUND('',#573,.T.);
#330=FACE_OUTER_BOUND('',#574,.T.);
#331=FACE_OUTER_BOUND('',#575,.T.);
#332=FACE_OUTER_BOUND('',#576,.T.);
#333=FACE_OUTER_BOUND('',#577,.T.);
#334=FACE_OUTER_BOUND('',#578,.T.);
#335=FACE_OUTER_BOUND('',#579,.T.);
#336=FACE_OUTER_BOUND('',#580,.T.);
#337=FACE_OUTER_BOUND('',#581,.T.);
#338=FACE_OUTER_BOUND('',#582,.T.);
#339=FACE_OUTER_BOUND('',#583,.T.);
#340=FACE_OUTER_BOUND('',#584,.T.);
#341=FACE_OUTER_BOUND('',#585,.T.);
#342=FACE_OUTER_BOUND('',#586,.T.);
#343=FACE_OUTER_BOUND('',#587,.T.);
#344=FACE_OUTER_BOUND('',#588,.T.);
#345=FACE_OUTER_BOUND('',#589,.T.);
#346=FACE_OUTER_BOUND('',#590,.T.);
#347=FACE_OUTER_BOUND('',#591,.T.);
#348=FACE_OUTER_BOUND('',#592,.T.);
#349=FACE_OUTER_BOUND('',#593,.T.);
#350=FACE_OUTER_BOUND('',#594,.T.);
#351=FACE_OUTER_BOUND('',#595,.T.);
#352=FACE_OUTER_BOUND('',#596,.T.);
#353=FACE_OUTER_BOUND('',#597,.T.);
#354=FACE_OUTER_BOUND('',#598,.T.);
#355=FACE_OUTER_BOUND('',#599,.T.);
#356=FACE_OUTER_BOUND('',#600,.T.);
#357=FACE_OUTER_BOUND('',#601,.T.);
#358=FACE_OUTER_BOUND('',#602,.T.);
#359=FACE_OUTER_BOUND('',#603,.T.);
#360=FACE_OUTER_BOUND('',#604,.T.);
#361=FACE_OUTER_BOUND('',#605,.T.);
#362=FACE_OUTER_BOUND('',#606,.T.);
#363=FACE_OUTER_BOUND('',#607,.T.);
#364=FACE_OUTER_BOUND('',#608,.T.);
#365=FACE_OUTER_BOUND('',#609,.T.);
#366=FACE_OUTER_BOUND('',#611,.T.);
#367=FACE_OUTER_BOUND('',#612,.T.);
#368=FACE_OUTER_BOUND('',#614,.T.);
#369=FACE_OUTER_BOUND('',#615,.T.);
#370=FACE_OUTER_BOUND('',#616,.T.);
#371=EDGE_LOOP('',(#2822,#2823,#2824,#2825));
#372=EDGE_LOOP('',(#2826,#2827,#2828,#2829,#2830));
#373=EDGE_LOOP('',(#2831,#2832,#2833,#2834));
#374=EDGE_LOOP('',(#2835,#2836,#2837,#2838,#2839));
#375=EDGE_LOOP('',(#2840,#2841,#2842,#2843));
#376=EDGE_LOOP('',(#2844,#2845,#2846,#2847));
#377=EDGE_LOOP('',(#2848,#2849,#2850,#2851,#2852,#2853));
#378=EDGE_LOOP('',(#2854));
#379=EDGE_LOOP('',(#2855,#2856,#2857,#2858,#2859,#2860,#2861,#2862,#2863));
#380=EDGE_LOOP('',(#2864,#2865,#2866,#2867,#2868,#2869));
#381=EDGE_LOOP('',(#2870,#2871,#2872,#2873));
#382=EDGE_LOOP('',(#2874,#2875));
#383=EDGE_LOOP('',(#2876));
#384=EDGE_LOOP('',(#2877,#2878,#2879,#2880,#2881,#2882));
#385=EDGE_LOOP('',(#2883,#2884,#2885));
#386=EDGE_LOOP('',(#2886,#2887,#2888,#2889));
#387=EDGE_LOOP('',(#2890,#2891,#2892,#2893));
#388=EDGE_LOOP('',(#2894,#2895,#2896,#2897));
#389=EDGE_LOOP('',(#2898,#2899,#2900));
#390=EDGE_LOOP('',(#2901,#2902,#2903,#2904,#2905,#2906,#2907,#2908,#2909));
#391=EDGE_LOOP('',(#2910,#2911,#2912,#2913));
#392=EDGE_LOOP('',(#2914,#2915,#2916,#2917));
#393=EDGE_LOOP('',(#2918,#2919,#2920,#2921));
#394=EDGE_LOOP('',(#2922,#2923,#2924,#2925));
#395=EDGE_LOOP('',(#2926,#2927,#2928,#2929));
#396=EDGE_LOOP('',(#2930,#2931,#2932,#2933));
#397=EDGE_LOOP('',(#2934,#2935,#2936,#2937));
#398=EDGE_LOOP('',(#2938,#2939,#2940,#2941));
#399=EDGE_LOOP('',(#2942,#2943,#2944,#2945));
#400=EDGE_LOOP('',(#2946,#2947,#2948,#2949));
#401=EDGE_LOOP('',(#2950,#2951,#2952,#2953));
#402=EDGE_LOOP('',(#2954,#2955,#2956,#2957));
#403=EDGE_LOOP('',(#2958,#2959,#2960,#2961));
#404=EDGE_LOOP('',(#2962,#2963,#2964,#2965));
#405=EDGE_LOOP('',(#2966,#2967,#2968,#2969));
#406=EDGE_LOOP('',(#2970,#2971,#2972,#2973));
#407=EDGE_LOOP('',(#2974,#2975,#2976,#2977));
#408=EDGE_LOOP('',(#2978,#2979,#2980,#2981));
#409=EDGE_LOOP('',(#2982,#2983,#2984,#2985));
#410=EDGE_LOOP('',(#2986,#2987,#2988,#2989));
#411=EDGE_LOOP('',(#2990,#2991,#2992,#2993));
#412=EDGE_LOOP('',(#2994,#2995,#2996,#2997));
#413=EDGE_LOOP('',(#2998,#2999,#3000,#3001));
#414=EDGE_LOOP('',(#3002,#3003,#3004,#3005));
#415=EDGE_LOOP('',(#3006,#3007,#3008,#3009));
#416=EDGE_LOOP('',(#3010,#3011,#3012,#3013));
#417=EDGE_LOOP('',(#3014,#3015,#3016,#3017));
#418=EDGE_LOOP('',(#3018,#3019,#3020,#3021));
#419=EDGE_LOOP('',(#3022,#3023,#3024,#3025));
#420=EDGE_LOOP('',(#3026,#3027,#3028,#3029));
#421=EDGE_LOOP('',(#3030,#3031,#3032,#3033));
#422=EDGE_LOOP('',(#3034,#3035,#3036,#3037));
#423=EDGE_LOOP('',(#3038,#3039,#3040,#3041));
#424=EDGE_LOOP('',(#3042,#3043,#3044,#3045,#3046,#3047,#3048,#3049,#3050,
#3051,#3052,#3053,#3054,#3055,#3056,#3057,#3058,#3059,#3060,#3061,#3062,
#3063,#3064,#3065,#3066,#3067,#3068,#3069,#3070,#3071,#3072,#3073,#3074));
#425=EDGE_LOOP('',(#3075,#3076,#3077,#3078));
#426=EDGE_LOOP('',(#3079,#3080,#3081,#3082));
#427=EDGE_LOOP('',(#3083,#3084,#3085,#3086));
#428=EDGE_LOOP('',(#3087,#3088,#3089,#3090));
#429=EDGE_LOOP('',(#3091,#3092,#3093,#3094));
#430=EDGE_LOOP('',(#3095,#3096,#3097,#3098));
#431=EDGE_LOOP('',(#3099,#3100,#3101,#3102));
#432=EDGE_LOOP('',(#3103,#3104,#3105,#3106));
#433=EDGE_LOOP('',(#3107,#3108,#3109,#3110));
#434=EDGE_LOOP('',(#3111,#3112,#3113,#3114,#3115,#3116,#3117,#3118,#3119));
#435=EDGE_LOOP('',(#3120,#3121,#3122,#3123));
#436=EDGE_LOOP('',(#3124,#3125,#3126,#3127));
#437=EDGE_LOOP('',(#3128,#3129,#3130,#3131));
#438=EDGE_LOOP('',(#3132,#3133,#3134,#3135));
#439=EDGE_LOOP('',(#3136,#3137,#3138,#3139));
#440=EDGE_LOOP('',(#3140,#3141,#3142,#3143));
#441=EDGE_LOOP('',(#3144,#3145,#3146,#3147));
#442=EDGE_LOOP('',(#3148,#3149,#3150,#3151));
#443=EDGE_LOOP('',(#3152,#3153,#3154,#3155));
#444=EDGE_LOOP('',(#3156,#3157,#3158,#3159));
#445=EDGE_LOOP('',(#3160,#3161,#3162,#3163));
#446=EDGE_LOOP('',(#3164,#3165,#3166,#3167));
#447=EDGE_LOOP('',(#3168,#3169,#3170,#3171));
#448=EDGE_LOOP('',(#3172,#3173,#3174,#3175));
#449=EDGE_LOOP('',(#3176,#3177,#3178,#3179));
#450=EDGE_LOOP('',(#3180,#3181,#3182,#3183));
#451=EDGE_LOOP('',(#3184,#3185,#3186,#3187));
#452=EDGE_LOOP('',(#3188,#3189,#3190,#3191));
#453=EDGE_LOOP('',(#3192,#3193,#3194,#3195));
#454=EDGE_LOOP('',(#3196,#3197,#3198,#3199));
#455=EDGE_LOOP('',(#3200,#3201,#3202,#3203,#3204,#3205,#3206,#3207,#3208,
#3209,#3210,#3211,#3212,#3213,#3214));
#456=EDGE_LOOP('',(#3215,#3216,#3217,#3218,#3219));
#457=EDGE_LOOP('',(#3220,#3221,#3222,#3223));
#458=EDGE_LOOP('',(#3224,#3225,#3226,#3227));
#459=EDGE_LOOP('',(#3228,#3229,#3230,#3231));
#460=EDGE_LOOP('',(#3232,#3233,#3234,#3235));
#461=EDGE_LOOP('',(#3236,#3237,#3238,#3239));
#462=EDGE_LOOP('',(#3240,#3241,#3242,#3243));
#463=EDGE_LOOP('',(#3244,#3245,#3246,#3247));
#464=EDGE_LOOP('',(#3248,#3249,#3250,#3251));
#465=EDGE_LOOP('',(#3252,#3253,#3254,#3255));
#466=EDGE_LOOP('',(#3256,#3257,#3258,#3259));
#467=EDGE_LOOP('',(#3260,#3261,#3262,#3263));
#468=EDGE_LOOP('',(#3264,#3265,#3266,#3267));
#469=EDGE_LOOP('',(#3268,#3269,#3270,#3271));
#470=EDGE_LOOP('',(#3272,#3273,#3274,#3275));
#471=EDGE_LOOP('',(#3276,#3277,#3278,#3279));
#472=EDGE_LOOP('',(#3280,#3281,#3282,#3283));
#473=EDGE_LOOP('',(#3284,#3285,#3286,#3287));
#474=EDGE_LOOP('',(#3288,#3289,#3290,#3291));
#475=EDGE_LOOP('',(#3292,#3293,#3294,#3295));
#476=EDGE_LOOP('',(#3296,#3297,#3298,#3299));
#477=EDGE_LOOP('',(#3300,#3301,#3302,#3303,#3304,#3305,#3306,#3307,#3308,
#3309,#3310,#3311,#3312,#3313,#3314,#3315,#3316,#3317,#3318,#3319));
#478=EDGE_LOOP('',(#3320,#3321,#3322,#3323));
#479=EDGE_LOOP('',(#3324,#3325,#3326,#3327));
#480=EDGE_LOOP('',(#3328,#3329,#3330,#3331));
#481=EDGE_LOOP('',(#3332,#3333,#3334,#3335));
#482=EDGE_LOOP('',(#3336,#3337,#3338,#3339));
#483=EDGE_LOOP('',(#3340,#3341,#3342,#3343));
#484=EDGE_LOOP('',(#3344,#3345,#3346,#3347));
#485=EDGE_LOOP('',(#3348,#3349,#3350,#3351));
#486=EDGE_LOOP('',(#3352,#3353,#3354,#3355));
#487=EDGE_LOOP('',(#3356,#3357,#3358,#3359,#3360,#3361,#3362,#3363,#3364));
#488=EDGE_LOOP('',(#3365,#3366,#3367,#3368));
#489=EDGE_LOOP('',(#3369,#3370,#3371,#3372));
#490=EDGE_LOOP('',(#3373,#3374,#3375,#3376));
#491=EDGE_LOOP('',(#3377,#3378,#3379,#3380));
#492=EDGE_LOOP('',(#3381,#3382,#3383,#3384));
#493=EDGE_LOOP('',(#3385,#3386,#3387,#3388));
#494=EDGE_LOOP('',(#3389,#3390,#3391,#3392));
#495=EDGE_LOOP('',(#3393,#3394,#3395,#3396));
#496=EDGE_LOOP('',(#3397,#3398,#3399,#3400,#3401,#3402,#3403,#3404));
#497=EDGE_LOOP('',(#3405,#3406,#3407,#3408,#3409));
#498=EDGE_LOOP('',(#3410,#3411,#3412,#3413,#3414,#3415,#3416,#3417,#3418,
#3419,#3420,#3421,#3422));
#499=EDGE_LOOP('',(#3423,#3424,#3425,#3426,#3427,#3428,#3429,#3430,#3431,
#3432,#3433,#3434,#3435,#3436));
#500=EDGE_LOOP('',(#3437,#3438,#3439,#3440,#3441,#3442,#3443,#3444,#3445));
#501=EDGE_LOOP('',(#3446,#3447,#3448,#3449,#3450,#3451));
#502=EDGE_LOOP('',(#3452,#3453,#3454));
#503=EDGE_LOOP('',(#3455,#3456,#3457,#3458,#3459,#3460,#3461,#3462,#3463,
#3464,#3465,#3466,#3467,#3468,#3469,#3470,#3471,#3472,#3473,#3474,#3475));
#504=EDGE_LOOP('',(#3476,#3477,#3478,#3479));
#505=EDGE_LOOP('',(#3480,#3481,#3482,#3483,#3484,#3485,#3486));
#506=EDGE_LOOP('',(#3487,#3488,#3489,#3490,#3491,#3492,#3493,#3494,#3495,
#3496,#3497,#3498,#3499,#3500,#3501,#3502,#3503,#3504,#3505,#3506,#3507,
#3508,#3509,#3510,#3511,#3512,#3513,#3514,#3515,#3516,#3517,#3518,#3519,
#3520,#3521,#3522,#3523,#3524,#3525,#3526,#3527,#3528,#3529,#3530,#3531,
#3532,#3533,#3534,#3535,#3536,#3537,#3538,#3539,#3540,#3541,#3542,#3543,
#3544,#3545));
#507=EDGE_LOOP('',(#3546,#3547,#3548,#3549,#3550,#3551,#3552,#3553));
#508=EDGE_LOOP('',(#3554,#3555,#3556,#3557,#3558,#3559,#3560,#3561,#3562));
#509=EDGE_LOOP('',(#3563,#3564,#3565,#3566,#3567,#3568,#3569,#3570,#3571,
#3572,#3573,#3574,#3575,#3576,#3577,#3578,#3579,#3580,#3581,#3582));
#510=EDGE_LOOP('',(#3583,#3584,#3585,#3586,#3587,#3588,#3589,#3590,#3591,
#3592,#3593,#3594,#3595,#3596,#3597));
#511=EDGE_LOOP('',(#3598,#3599,#3600,#3601,#3602,#3603,#3604,#3605,#3606));
#512=EDGE_LOOP('',(#3607,#3608,#3609,#3610,#3611,#3612,#3613,#3614,#3615,
#3616,#3617,#3618,#3619,#3620,#3621,#3622,#3623,#3624,#3625,#3626,#3627,
#3628,#3629,#3630,#3631,#3632,#3633,#3634,#3635,#3636,#3637,#3638,#3639));
#513=EDGE_LOOP('',(#3640,#3641,#3642,#3643,#3644,#3645,#3646,#3647,#3648,
#3649,#3650,#3651,#3652,#3653,#3654,#3655,#3656,#3657));
#514=EDGE_LOOP('',(#3658,#3659,#3660,#3661));
#515=EDGE_LOOP('',(#3662,#3663,#3664,#3665,#3666,#3667));
#516=EDGE_LOOP('',(#3668,#3669,#3670,#3671));
#517=EDGE_LOOP('',(#3672,#3673,#3674,#3675));
#518=EDGE_LOOP('',(#3676,#3677,#3678,#3679,#3680));
#519=EDGE_LOOP('',(#3681,#3682,#3683,#3684));
#520=EDGE_LOOP('',(#3685,#3686,#3687,#3688,#3689));
#521=EDGE_LOOP('',(#3690,#3691,#3692,#3693,#3694));
#522=EDGE_LOOP('',(#3695,#3696,#3697,#3698));
#523=EDGE_LOOP('',(#3699,#3700,#3701,#3702));
#524=EDGE_LOOP('',(#3703,#3704,#3705,#3706));
#525=EDGE_LOOP('',(#3707,#3708,#3709,#3710));
#526=EDGE_LOOP('',(#3711,#3712,#3713,#3714));
#527=EDGE_LOOP('',(#3715,#3716,#3717,#3718));
#528=EDGE_LOOP('',(#3719,#3720,#3721,#3722));
#529=EDGE_LOOP('',(#3723,#3724,#3725,#3726));
#530=EDGE_LOOP('',(#3727,#3728,#3729,#3730));
#531=EDGE_LOOP('',(#3731,#3732,#3733,#3734));
#532=EDGE_LOOP('',(#3735,#3736,#3737,#3738));
#533=EDGE_LOOP('',(#3739,#3740,#3741,#3742));
#534=EDGE_LOOP('',(#3743,#3744,#3745,#3746));
#535=EDGE_LOOP('',(#3747,#3748,#3749,#3750));
#536=EDGE_LOOP('',(#3751,#3752,#3753,#3754));
#537=EDGE_LOOP('',(#3755,#3756,#3757,#3758));
#538=EDGE_LOOP('',(#3759,#3760,#3761,#3762));
#539=EDGE_LOOP('',(#3763,#3764,#3765,#3766));
#540=EDGE_LOOP('',(#3767,#3768,#3769,#3770));
#541=EDGE_LOOP('',(#3771,#3772,#3773,#3774));
#542=EDGE_LOOP('',(#3775,#3776,#3777,#3778));
#543=EDGE_LOOP('',(#3779,#3780,#3781,#3782));
#544=EDGE_LOOP('',(#3783,#3784,#3785,#3786));
#545=EDGE_LOOP('',(#3787,#3788,#3789,#3790));
#546=EDGE_LOOP('',(#3791,#3792,#3793,#3794));
#547=EDGE_LOOP('',(#3795,#3796,#3797,#3798));
#548=EDGE_LOOP('',(#3799,#3800,#3801,#3802));
#549=EDGE_LOOP('',(#3803,#3804,#3805,#3806));
#550=EDGE_LOOP('',(#3807,#3808,#3809,#3810));
#551=EDGE_LOOP('',(#3811,#3812,#3813,#3814));
#552=EDGE_LOOP('',(#3815,#3816,#3817,#3818));
#553=EDGE_LOOP('',(#3819,#3820,#3821,#3822));
#554=EDGE_LOOP('',(#3823,#3824,#3825,#3826));
#555=EDGE_LOOP('',(#3827,#3828,#3829,#3830));
#556=EDGE_LOOP('',(#3831,#3832,#3833,#3834));
#557=EDGE_LOOP('',(#3835,#3836,#3837,#3838));
#558=EDGE_LOOP('',(#3839,#3840,#3841,#3842));
#559=EDGE_LOOP('',(#3843,#3844,#3845,#3846));
#560=EDGE_LOOP('',(#3847,#3848,#3849,#3850));
#561=EDGE_LOOP('',(#3851,#3852,#3853,#3854));
#562=EDGE_LOOP('',(#3855,#3856,#3857,#3858));
#563=EDGE_LOOP('',(#3859,#3860,#3861,#3862));
#564=EDGE_LOOP('',(#3863,#3864,#3865,#3866));
#565=EDGE_LOOP('',(#3867,#3868,#3869,#3870));
#566=EDGE_LOOP('',(#3871,#3872,#3873,#3874));
#567=EDGE_LOOP('',(#3875,#3876,#3877,#3878));
#568=EDGE_LOOP('',(#3879,#3880,#3881,#3882));
#569=EDGE_LOOP('',(#3883,#3884,#3885,#3886));
#570=EDGE_LOOP('',(#3887,#3888,#3889,#3890));
#571=EDGE_LOOP('',(#3891,#3892,#3893,#3894));
#572=EDGE_LOOP('',(#3895,#3896,#3897,#3898));
#573=EDGE_LOOP('',(#3899,#3900,#3901,#3902));
#574=EDGE_LOOP('',(#3903,#3904,#3905,#3906));
#575=EDGE_LOOP('',(#3907,#3908,#3909,#3910));
#576=EDGE_LOOP('',(#3911,#3912,#3913,#3914));
#577=EDGE_LOOP('',(#3915,#3916,#3917,#3918));
#578=EDGE_LOOP('',(#3919,#3920,#3921,#3922));
#579=EDGE_LOOP('',(#3923,#3924,#3925,#3926));
#580=EDGE_LOOP('',(#3927,#3928,#3929,#3930));
#581=EDGE_LOOP('',(#3931,#3932,#3933,#3934));
#582=EDGE_LOOP('',(#3935,#3936,#3937,#3938));
#583=EDGE_LOOP('',(#3939,#3940,#3941,#3942,#3943));
#584=EDGE_LOOP('',(#3944,#3945,#3946,#3947));
#585=EDGE_LOOP('',(#3948,#3949,#3950,#3951));
#586=EDGE_LOOP('',(#3952,#3953,#3954,#3955));
#587=EDGE_LOOP('',(#3956,#3957,#3958,#3959));
#588=EDGE_LOOP('',(#3960,#3961,#3962,#3963));
#589=EDGE_LOOP('',(#3964,#3965,#3966,#3967));
#590=EDGE_LOOP('',(#3968,#3969,#3970,#3971));
#591=EDGE_LOOP('',(#3972,#3973,#3974,#3975));
#592=EDGE_LOOP('',(#3976,#3977,#3978,#3979));
#593=EDGE_LOOP('',(#3980,#3981,#3982,#3983));
#594=EDGE_LOOP('',(#3984,#3985,#3986,#3987));
#595=EDGE_LOOP('',(#3988,#3989,#3990,#3991,#3992,#3993));
#596=EDGE_LOOP('',(#3994,#3995,#3996,#3997));
#597=EDGE_LOOP('',(#3998,#3999,#4000,#4001));
#598=EDGE_LOOP('',(#4002,#4003,#4004,#4005));
#599=EDGE_LOOP('',(#4006,#4007,#4008,#4009));
#600=EDGE_LOOP('',(#4010,#4011,#4012,#4013));
#601=EDGE_LOOP('',(#4014,#4015,#4016,#4017));
#602=EDGE_LOOP('',(#4018,#4019,#4020,#4021));
#603=EDGE_LOOP('',(#4022,#4023,#4024,#4025));
#604=EDGE_LOOP('',(#4026,#4027,#4028,#4029));
#605=EDGE_LOOP('',(#4030,#4031,#4032,#4033,#4034,#4035));
#606=EDGE_LOOP('',(#4036,#4037,#4038,#4039,#4040,#4041));
#607=EDGE_LOOP('',(#4042,#4043));
#608=EDGE_LOOP('',(#4044,#4045,#4046,#4047,#4048,#4049,#4050,#4051,#4052,
#4053,#4054,#4055,#4056,#4057,#4058,#4059,#4060,#4061,#4062,#4063,#4064,
#4065,#4066,#4067,#4068,#4069,#4070,#4071,#4072,#4073,#4074,#4075,#4076,
#4077,#4078,#4079,#4080,#4081,#4082,#4083,#4084,#4085,#4086,#4087,#4088,
#4089,#4090,#4091,#4092,#4093,#4094,#4095,#4096,#4097,#4098,#4099,#4100,
#4101,#4102,#4103,#4104,#4105,#4106,#4107,#4108,#4109,#4110,#4111,#4112,
#4113,#4114,#4115,#4116,#4117,#4118,#4119,#4120,#4121,#4122,#4123,#4124,
#4125,#4126,#4127,#4128,#4129));
#609=EDGE_LOOP('',(#4130,#4131,#4132,#4133));
#610=EDGE_LOOP('',(#4134));
#611=EDGE_LOOP('',(#4135,#4136,#4137,#4138));
#612=EDGE_LOOP('',(#4139,#4140,#4141,#4142));
#613=EDGE_LOOP('',(#4143));
#614=EDGE_LOOP('',(#4144,#4145,#4146));
#615=EDGE_LOOP('',(#4147,#4148));
#616=EDGE_LOOP('',(#4149,#4150,#4151));
#617=LINE('',#5555,#1079);
#618=LINE('',#5557,#1080);
#619=LINE('',#5558,#1081);
#620=LINE('',#5566,#1082);
#621=LINE('',#5568,#1083);
#622=LINE('',#5569,#1084);
#623=LINE('',#5577,#1085);
#624=LINE('',#5578,#1086);
#625=LINE('',#5586,#1087);
#626=LINE('',#5588,#1088);
#627=LINE('',#5589,#1089);
#628=LINE('',#5592,#1090);
#629=LINE('',#5594,#1091);
#630=LINE('',#5595,#1092);
#631=LINE('',#5597,#1093);
#632=LINE('',#5598,#1094);
#633=LINE('',#5623,#1095);
#634=LINE('',#5636,#1096);
#635=LINE('',#5648,#1097);
#636=LINE('',#5652,#1098);
#637=LINE('',#5656,#1099);
#638=LINE('',#5687,#1100);
#639=LINE('',#5714,#1101);
#640=LINE('',#5721,#1102);
#641=LINE('',#5723,#1103);
#642=LINE('',#5725,#1104);
#643=LINE('',#5727,#1105);
#644=LINE('',#5728,#1106);
#645=LINE('',#5787,#1107);
#646=LINE('',#5800,#1108);
#647=LINE('',#5805,#1109);
#648=LINE('',#5834,#1110);
#649=LINE('',#5836,#1111);
#650=LINE('',#5837,#1112);
#651=LINE('',#5856,#1113);
#652=LINE('',#5863,#1114);
#653=LINE('',#5881,#1115);
#654=LINE('',#5904,#1116);
#655=LINE('',#5927,#1117);
#656=LINE('',#5950,#1118);
#657=LINE('',#5973,#1119);
#658=LINE('',#5996,#1120);
#659=LINE('',#6019,#1121);
#660=LINE('',#6042,#1122);
#661=LINE('',#6065,#1123);
#662=LINE('',#6088,#1124);
#663=LINE('',#6111,#1125);
#664=LINE('',#6134,#1126);
#665=LINE('',#6157,#1127);
#666=LINE('',#6165,#1128);
#667=LINE('',#6167,#1129);
#668=LINE('',#6168,#1130);
#669=LINE('',#6186,#1131);
#670=LINE('',#6209,#1132);
#671=LINE('',#6232,#1133);
#672=LINE('',#6255,#1134);
#673=LINE('',#6278,#1135);
#674=LINE('',#6301,#1136);
#675=LINE('',#6324,#1137);
#676=LINE('',#6347,#1138);
#677=LINE('',#6370,#1139);
#678=LINE('',#6393,#1140);
#679=LINE('',#6416,#1141);
#680=LINE('',#6439,#1142);
#681=LINE('',#6462,#1143);
#682=LINE('',#6485,#1144);
#683=LINE('',#6508,#1145);
#684=LINE('',#6531,#1146);
#685=LINE('',#6539,#1147);
#686=LINE('',#6541,#1148);
#687=LINE('',#6542,#1149);
#688=LINE('',#6567,#1150);
#689=LINE('',#6569,#1151);
#690=LINE('',#6571,#1152);
#691=LINE('',#6572,#1153);
#692=LINE('',#6590,#1154);
#693=LINE('',#6613,#1155);
#694=LINE('',#6621,#1156);
#695=LINE('',#6623,#1157);
#696=LINE('',#6624,#1158);
#697=LINE('',#6642,#1159);
#698=LINE('',#6665,#1160);
#699=LINE('',#6673,#1161);
#700=LINE('',#6675,#1162);
#701=LINE('',#6676,#1163);
#702=LINE('',#6679,#1164);
#703=LINE('',#6681,#1165);
#704=LINE('',#6682,#1166);
#705=LINE('',#6684,#1167);
#706=LINE('',#6685,#1168);
#707=LINE('',#6705,#1169);
#708=LINE('',#6712,#1170);
#709=LINE('',#6730,#1171);
#710=LINE('',#6753,#1172);
#711=LINE('',#6761,#1173);
#712=LINE('',#6763,#1174);
#713=LINE('',#6764,#1175);
#714=LINE('',#6803,#1176);
#715=LINE('',#6810,#1177);
#716=LINE('',#6828,#1178);
#717=LINE('',#6851,#1179);
#718=LINE('',#6859,#1180);
#719=LINE('',#6861,#1181);
#720=LINE('',#6862,#1182);
#721=LINE('',#6880,#1183);
#722=LINE('',#6903,#1184);
#723=LINE('',#6926,#1185);
#724=LINE('',#6949,#1186);
#725=LINE('',#6972,#1187);
#726=LINE('',#6995,#1188);
#727=LINE('',#7018,#1189);
#728=LINE('',#7041,#1190);
#729=LINE('',#7064,#1191);
#730=LINE('',#7072,#1192);
#731=LINE('',#7074,#1193);
#732=LINE('',#7075,#1194);
#733=LINE('',#7115,#1195);
#734=LINE('',#7122,#1196);
#735=LINE('',#7140,#1197);
#736=LINE('',#7163,#1198);
#737=LINE('',#7171,#1199);
#738=LINE('',#7173,#1200);
#739=LINE('',#7174,#1201);
#740=LINE('',#7177,#1202);
#741=LINE('',#7179,#1203);
#742=LINE('',#7180,#1204);
#743=LINE('',#7183,#1205);
#744=LINE('',#7185,#1206);
#745=LINE('',#7186,#1207);
#746=LINE('',#7189,#1208);
#747=LINE('',#7191,#1209);
#748=LINE('',#7192,#1210);
#749=LINE('',#7195,#1211);
#750=LINE('',#7197,#1212);
#751=LINE('',#7198,#1213);
#752=LINE('',#7201,#1214);
#753=LINE('',#7203,#1215);
#754=LINE('',#7204,#1216);
#755=LINE('',#7207,#1217);
#756=LINE('',#7209,#1218);
#757=LINE('',#7210,#1219);
#758=LINE('',#7213,#1220);
#759=LINE('',#7215,#1221);
#760=LINE('',#7216,#1222);
#761=LINE('',#7219,#1223);
#762=LINE('',#7221,#1224);
#763=LINE('',#7222,#1225);
#764=LINE('',#7225,#1226);
#765=LINE('',#7227,#1227);
#766=LINE('',#7228,#1228);
#767=LINE('',#7231,#1229);
#768=LINE('',#7233,#1230);
#769=LINE('',#7234,#1231);
#770=LINE('',#7252,#1232);
#771=LINE('',#7275,#1233);
#772=LINE('',#7298,#1234);
#773=LINE('',#7321,#1235);
#774=LINE('',#7329,#1236);
#775=LINE('',#7331,#1237);
#776=LINE('',#7332,#1238);
#777=LINE('',#7357,#1239);
#778=LINE('',#7359,#1240);
#779=LINE('',#7361,#1241);
#780=LINE('',#7362,#1242);
#781=LINE('',#7365,#1243);
#782=LINE('',#7367,#1244);
#783=LINE('',#7368,#1245);
#784=LINE('',#7371,#1246);
#785=LINE('',#7373,#1247);
#786=LINE('',#7374,#1248);
#787=LINE('',#7392,#1249);
#788=LINE('',#7415,#1250);
#789=LINE('',#7423,#1251);
#790=LINE('',#7425,#1252);
#791=LINE('',#7426,#1253);
#792=LINE('',#7429,#1254);
#793=LINE('',#7431,#1255);
#794=LINE('',#7432,#1256);
#795=LINE('',#7435,#1257);
#796=LINE('',#7437,#1258);
#797=LINE('',#7438,#1259);
#798=LINE('',#7440,#1260);
#799=LINE('',#7441,#1261);
#800=LINE('',#7446,#1262);
#801=LINE('',#7448,#1263);
#802=LINE('',#7450,#1264);
#803=LINE('',#7451,#1265);
#804=LINE('',#7454,#1266);
#805=LINE('',#7456,#1267);
#806=LINE('',#7457,#1268);
#807=LINE('',#7460,#1269);
#808=LINE('',#7462,#1270);
#809=LINE('',#7463,#1271);
#810=LINE('',#7466,#1272);
#811=LINE('',#7468,#1273);
#812=LINE('',#7469,#1274);
#813=LINE('',#7472,#1275);
#814=LINE('',#7474,#1276);
#815=LINE('',#7475,#1277);
#816=LINE('',#7478,#1278);
#817=LINE('',#7480,#1279);
#818=LINE('',#7481,#1280);
#819=LINE('',#7484,#1281);
#820=LINE('',#7486,#1282);
#821=LINE('',#7487,#1283);
#822=LINE('',#7489,#1284);
#823=LINE('',#7490,#1285);
#824=LINE('',#7516,#1286);
#825=LINE('',#7580,#1287);
#826=LINE('',#7588,#1288);
#827=LINE('',#7590,#1289);
#828=LINE('',#7592,#1290);
#829=LINE('',#7594,#1291);
#830=LINE('',#7596,#1292);
#831=LINE('',#7598,#1293);
#832=LINE('',#7600,#1294);
#833=LINE('',#7602,#1295);
#834=LINE('',#7604,#1296);
#835=LINE('',#7606,#1297);
#836=LINE('',#7608,#1298);
#837=LINE('',#7609,#1299);
#838=LINE('',#7651,#1300);
#839=LINE('',#7668,#1301);
#840=LINE('',#7670,#1302);
#841=LINE('',#7723,#1303);
#842=LINE('',#7821,#1304);
#843=LINE('',#7824,#1305);
#844=LINE('',#7827,#1306);
#845=LINE('',#7829,#1307);
#846=LINE('',#7831,#1308);
#847=LINE('',#7832,#1309);
#848=LINE('',#7833,#1310);
#849=LINE('',#7837,#1311);
#850=LINE('',#7840,#1312);
#851=LINE('',#7846,#1313);
#852=LINE('',#7858,#1314);
#853=LINE('',#7860,#1315);
#854=LINE('',#7862,#1316);
#855=LINE('',#7864,#1317);
#856=LINE('',#7866,#1318);
#857=LINE('',#7868,#1319);
#858=LINE('',#7870,#1320);
#859=LINE('',#7872,#1321);
#860=LINE('',#7874,#1322);
#861=LINE('',#7876,#1323);
#862=LINE('',#7878,#1324);
#863=LINE('',#7880,#1325);
#864=LINE('',#7882,#1326);
#865=LINE('',#7884,#1327);
#866=LINE('',#7886,#1328);
#867=LINE('',#7888,#1329);
#868=LINE('',#7890,#1330);
#869=LINE('',#7892,#1331);
#870=LINE('',#7894,#1332);
#871=LINE('',#7896,#1333);
#872=LINE('',#7898,#1334);
#873=LINE('',#7900,#1335);
#874=LINE('',#7902,#1336);
#875=LINE('',#7904,#1337);
#876=LINE('',#7906,#1338);
#877=LINE('',#7908,#1339);
#878=LINE('',#7910,#1340);
#879=LINE('',#7912,#1341);
#880=LINE('',#7914,#1342);
#881=LINE('',#7916,#1343);
#882=LINE('',#7918,#1344);
#883=LINE('',#7920,#1345);
#884=LINE('',#7922,#1346);
#885=LINE('',#7924,#1347);
#886=LINE('',#7926,#1348);
#887=LINE('',#7928,#1349);
#888=LINE('',#7930,#1350);
#889=LINE('',#7932,#1351);
#890=LINE('',#7934,#1352);
#891=LINE('',#7936,#1353);
#892=LINE('',#7937,#1354);
#893=LINE('',#7940,#1355);
#894=LINE('',#7945,#1356);
#895=LINE('',#7948,#1357);
#896=LINE('',#7951,#1358);
#897=LINE('',#7952,#1359);
#898=LINE('',#7955,#1360);
#899=LINE('',#7956,#1361);
#900=LINE('',#7999,#1362);
#901=LINE('',#8000,#1363);
#902=LINE('',#8031,#1364);
#903=LINE('',#8056,#1365);
#904=LINE('',#8057,#1366);
#905=LINE('',#8075,#1367);
#906=LINE('',#8076,#1368);
#907=LINE('',#8079,#1369);
#908=LINE('',#8080,#1370);
#909=LINE('',#8083,#1371);
#910=LINE('',#8084,#1372);
#911=LINE('',#8087,#1373);
#912=LINE('',#8088,#1374);
#913=LINE('',#8091,#1375);
#914=LINE('',#8092,#1376);
#915=LINE('',#8095,#1377);
#916=LINE('',#8096,#1378);
#917=LINE('',#8099,#1379);
#918=LINE('',#8100,#1380);
#919=LINE('',#8103,#1381);
#920=LINE('',#8104,#1382);
#921=LINE('',#8107,#1383);
#922=LINE('',#8108,#1384);
#923=LINE('',#8111,#1385);
#924=LINE('',#8112,#1386);
#925=LINE('',#8115,#1387);
#926=LINE('',#8116,#1388);
#927=LINE('',#8119,#1389);
#928=LINE('',#8120,#1390);
#929=LINE('',#8123,#1391);
#930=LINE('',#8124,#1392);
#931=LINE('',#8127,#1393);
#932=LINE('',#8128,#1394);
#933=LINE('',#8131,#1395);
#934=LINE('',#8132,#1396);
#935=LINE('',#8135,#1397);
#936=LINE('',#8136,#1398);
#937=LINE('',#8139,#1399);
#938=LINE('',#8140,#1400);
#939=LINE('',#8143,#1401);
#940=LINE('',#8144,#1402);
#941=LINE('',#8147,#1403);
#942=LINE('',#8148,#1404);
#943=LINE('',#8151,#1405);
#944=LINE('',#8152,#1406);
#945=LINE('',#8155,#1407);
#946=LINE('',#8156,#1408);
#947=LINE('',#8159,#1409);
#948=LINE('',#8160,#1410);
#949=LINE('',#8163,#1411);
#950=LINE('',#8164,#1412);
#951=LINE('',#8167,#1413);
#952=LINE('',#8168,#1414);
#953=LINE('',#8171,#1415);
#954=LINE('',#8172,#1416);
#955=LINE('',#8175,#1417);
#956=LINE('',#8176,#1418);
#957=LINE('',#8179,#1419);
#958=LINE('',#8180,#1420);
#959=LINE('',#8183,#1421);
#960=LINE('',#8184,#1422);
#961=LINE('',#8187,#1423);
#962=LINE('',#8188,#1424);
#963=LINE('',#8191,#1425);
#964=LINE('',#8192,#1426);
#965=LINE('',#8195,#1427);
#966=LINE('',#8196,#1428);
#967=LINE('',#8199,#1429);
#968=LINE('',#8200,#1430);
#969=LINE('',#8203,#1431);
#970=LINE('',#8204,#1432);
#971=LINE('',#8207,#1433);
#972=LINE('',#8208,#1434);
#973=LINE('',#8211,#1435);
#974=LINE('',#8212,#1436);
#975=LINE('',#8215,#1437);
#976=LINE('',#8216,#1438);
#977=LINE('',#8219,#1439);
#978=LINE('',#8220,#1440);
#979=LINE('',#8223,#1441);
#980=LINE('',#8224,#1442);
#981=LINE('',#8227,#1443);
#982=LINE('',#8228,#1444);
#983=LINE('',#8231,#1445);
#984=LINE('',#8232,#1446);
#985=LINE('',#8235,#1447);
#986=LINE('',#8236,#1448);
#987=LINE('',#8238,#1449);
#988=LINE('',#8241,#1450);
#989=LINE('',#8242,#1451);
#990=LINE('',#8245,#1452);
#991=LINE('',#8246,#1453);
#992=LINE('',#8249,#1454);
#993=LINE('',#8250,#1455);
#994=LINE('',#8253,#1456);
#995=LINE('',#8254,#1457);
#996=LINE('',#8257,#1458);
#997=LINE('',#8258,#1459);
#998=LINE('',#8261,#1460);
#999=LINE('',#8262,#1461);
#1000=LINE('',#8265,#1462);
#1001=LINE('',#8266,#1463);
#1002=LINE('',#8269,#1464);
#1003=LINE('',#8270,#1465);
#1004=LINE('',#8273,#1466);
#1005=LINE('',#8274,#1467);
#1006=LINE('',#8277,#1468);
#1007=LINE('',#8278,#1469);
#1008=LINE('',#8281,#1470);
#1009=LINE('',#8282,#1471);
#1010=LINE('',#8285,#1472);
#1011=LINE('',#8286,#1473);
#1012=LINE('',#8289,#1474);
#1013=LINE('',#8290,#1475);
#1014=LINE('',#8293,#1476);
#1015=LINE('',#8294,#1477);
#1016=LINE('',#8297,#1478);
#1017=LINE('',#8298,#1479);
#1018=LINE('',#8301,#1480);
#1019=LINE('',#8302,#1481);
#1020=LINE('',#8305,#1482);
#1021=LINE('',#8306,#1483);
#1022=LINE('',#8309,#1484);
#1023=LINE('',#8310,#1485);
#1024=LINE('',#8313,#1486);
#1025=LINE('',#8314,#1487);
#1026=LINE('',#8317,#1488);
#1027=LINE('',#8318,#1489);
#1028=LINE('',#8321,#1490);
#1029=LINE('',#8322,#1491);
#1030=LINE('',#8325,#1492);
#1031=LINE('',#8326,#1493);
#1032=LINE('',#8329,#1494);
#1033=LINE('',#8330,#1495);
#1034=LINE('',#8333,#1496);
#1035=LINE('',#8334,#1497);
#1036=LINE('',#8337,#1498);
#1037=LINE('',#8338,#1499);
#1038=LINE('',#8341,#1500);
#1039=LINE('',#8342,#1501);
#1040=LINE('',#8345,#1502);
#1041=LINE('',#8346,#1503);
#1042=LINE('',#8349,#1504);
#1043=LINE('',#8350,#1505);
#1044=LINE('',#8353,#1506);
#1045=LINE('',#8354,#1507);
#1046=LINE('',#8357,#1508);
#1047=LINE('',#8358,#1509);
#1048=LINE('',#8361,#1510);
#1049=LINE('',#8362,#1511);
#1050=LINE('',#8365,#1512);
#1051=LINE('',#8366,#1513);
#1052=LINE('',#8369,#1514);
#1053=LINE('',#8370,#1515);
#1054=LINE('',#8373,#1516);
#1055=LINE('',#8374,#1517);
#1056=LINE('',#8377,#1518);
#1057=LINE('',#8378,#1519);
#1058=LINE('',#8381,#1520);
#1059=LINE('',#8382,#1521);
#1060=LINE('',#8385,#1522);
#1061=LINE('',#8386,#1523);
#1062=LINE('',#8389,#1524);
#1063=LINE('',#8390,#1525);
#1064=LINE('',#8393,#1526);
#1065=LINE('',#8394,#1527);
#1066=LINE('',#8397,#1528);
#1067=LINE('',#8398,#1529);
#1068=LINE('',#8401,#1530);
#1069=LINE('',#8402,#1531);
#1070=LINE('',#8405,#1532);
#1071=LINE('',#8406,#1533);
#1072=LINE('',#8408,#1534);
#1073=LINE('',#8409,#1535);
#1074=LINE('',#8411,#1536);
#1075=LINE('',#8415,#1537);
#1076=LINE('',#8417,#1538);
#1077=LINE('',#8429,#1539);
#1078=LINE('',#8430,#1540);
#1079=VECTOR('',#4726,10.);
#1080=VECTOR('',#4727,10.);
#1081=VECTOR('',#4728,10.);
#1082=VECTOR('',#4731,10.);
#1083=VECTOR('',#4732,10.);
#1084=VECTOR('',#4733,10.);
#1085=VECTOR('',#4736,10.);
#1086=VECTOR('',#4737,10.);
#1087=VECTOR('',#4740,10.);
#1088=VECTOR('',#4741,10.);
#1089=VECTOR('',#4742,10.);
#1090=VECTOR('',#4745,10.);
#1091=VECTOR('',#4746,10.);
#1092=VECTOR('',#4747,10.);
#1093=VECTOR('',#4750,10.);
#1094=VECTOR('',#4751,10.);
#1095=VECTOR('',#4756,10.);
#1096=VECTOR('',#4757,10.);
#1097=VECTOR('',#4758,10.);
#1098=VECTOR('',#4761,10.);
#1099=VECTOR('',#4764,10.);
#1100=VECTOR('',#4769,10.);
#1101=VECTOR('',#4770,10.);
#1102=VECTOR('',#4779,10.);
#1103=VECTOR('',#4780,10.);
#1104=VECTOR('',#4781,10.);
#1105=VECTOR('',#4782,10.);
#1106=VECTOR('',#4783,10.);
#1107=VECTOR('',#4784,10.);
#1108=VECTOR('',#4787,1.6);
#1109=VECTOR('',#4794,1.6);
#1110=VECTOR('',#4797,10.);
#1111=VECTOR('',#4798,10.);
#1112=VECTOR('',#4799,10.);
#1113=VECTOR('',#4800,10.);
#1114=VECTOR('',#4801,10.);
#1115=VECTOR('',#4802,10.);
#1116=VECTOR('',#4803,10.);
#1117=VECTOR('',#4804,10.);
#1118=VECTOR('',#4805,10.);
#1119=VECTOR('',#4806,10.);
#1120=VECTOR('',#4807,10.);
#1121=VECTOR('',#4808,10.);
#1122=VECTOR('',#4809,10.);
#1123=VECTOR('',#4810,10.);
#1124=VECTOR('',#4811,10.);
#1125=VECTOR('',#4812,10.);
#1126=VECTOR('',#4813,10.);
#1127=VECTOR('',#4814,10.);
#1128=VECTOR('',#4817,10.);
#1129=VECTOR('',#4818,10.);
#1130=VECTOR('',#4819,10.);
#1131=VECTOR('',#4820,10.);
#1132=VECTOR('',#4821,10.);
#1133=VECTOR('',#4822,10.);
#1134=VECTOR('',#4823,10.);
#1135=VECTOR('',#4824,10.);
#1136=VECTOR('',#4825,10.);
#1137=VECTOR('',#4826,10.);
#1138=VECTOR('',#4827,10.);
#1139=VECTOR('',#4828,10.);
#1140=VECTOR('',#4829,10.);
#1141=VECTOR('',#4830,10.);
#1142=VECTOR('',#4831,10.);
#1143=VECTOR('',#4832,10.);
#1144=VECTOR('',#4833,10.);
#1145=VECTOR('',#4834,10.);
#1146=VECTOR('',#4835,10.);
#1147=VECTOR('',#4838,10.);
#1148=VECTOR('',#4839,10.);
#1149=VECTOR('',#4840,10.);
#1150=VECTOR('',#4845,10.);
#1151=VECTOR('',#4846,10.);
#1152=VECTOR('',#4847,10.);
#1153=VECTOR('',#4848,10.);
#1154=VECTOR('',#4849,10.);
#1155=VECTOR('',#4850,10.);
#1156=VECTOR('',#4853,10.);
#1157=VECTOR('',#4854,10.);
#1158=VECTOR('',#4855,10.);
#1159=VECTOR('',#4856,10.);
#1160=VECTOR('',#4857,10.);
#1161=VECTOR('',#4860,10.);
#1162=VECTOR('',#4861,10.);
#1163=VECTOR('',#4862,10.);
#1164=VECTOR('',#4865,10.);
#1165=VECTOR('',#4866,10.);
#1166=VECTOR('',#4867,10.);
#1167=VECTOR('',#4870,10.);
#1168=VECTOR('',#4871,10.);
#1169=VECTOR('',#4874,10.);
#1170=VECTOR('',#4875,10.);
#1171=VECTOR('',#4876,10.);
#1172=VECTOR('',#4877,10.);
#1173=VECTOR('',#4880,10.);
#1174=VECTOR('',#4881,10.);
#1175=VECTOR('',#4882,10.);
#1176=VECTOR('',#4883,10.);
#1177=VECTOR('',#4884,10.);
#1178=VECTOR('',#4885,10.);
#1179=VECTOR('',#4886,10.);
#1180=VECTOR('',#4889,10.);
#1181=VECTOR('',#4890,10.);
#1182=VECTOR('',#4891,10.);
#1183=VECTOR('',#4892,10.);
#1184=VECTOR('',#4893,10.);
#1185=VECTOR('',#4894,10.);
#1186=VECTOR('',#4895,10.);
#1187=VECTOR('',#4896,10.);
#1188=VECTOR('',#4897,10.);
#1189=VECTOR('',#4898,10.);
#1190=VECTOR('',#4899,10.);
#1191=VECTOR('',#4900,10.);
#1192=VECTOR('',#4903,10.);
#1193=VECTOR('',#4904,10.);
#1194=VECTOR('',#4905,10.);
#1195=VECTOR('',#4908,10.);
#1196=VECTOR('',#4909,10.);
#1197=VECTOR('',#4910,10.);
#1198=VECTOR('',#4911,10.);
#1199=VECTOR('',#4914,10.);
#1200=VECTOR('',#4915,10.);
#1201=VECTOR('',#4916,10.);
#1202=VECTOR('',#4919,10.);
#1203=VECTOR('',#4920,10.);
#1204=VECTOR('',#4921,10.);
#1205=VECTOR('',#4924,10.);
#1206=VECTOR('',#4925,10.);
#1207=VECTOR('',#4926,10.);
#1208=VECTOR('',#4929,10.);
#1209=VECTOR('',#4930,10.);
#1210=VECTOR('',#4931,10.);
#1211=VECTOR('',#4934,10.);
#1212=VECTOR('',#4935,10.);
#1213=VECTOR('',#4936,10.);
#1214=VECTOR('',#4939,10.);
#1215=VECTOR('',#4940,10.);
#1216=VECTOR('',#4941,10.);
#1217=VECTOR('',#4944,10.);
#1218=VECTOR('',#4945,10.);
#1219=VECTOR('',#4946,10.);
#1220=VECTOR('',#4949,10.);
#1221=VECTOR('',#4950,10.);
#1222=VECTOR('',#4951,10.);
#1223=VECTOR('',#4954,10.);
#1224=VECTOR('',#4955,10.);
#1225=VECTOR('',#4956,10.);
#1226=VECTOR('',#4959,10.);
#1227=VECTOR('',#4960,10.);
#1228=VECTOR('',#4961,10.);
#1229=VECTOR('',#4964,10.);
#1230=VECTOR('',#4965,10.);
#1231=VECTOR('',#4966,10.);
#1232=VECTOR('',#4967,10.);
#1233=VECTOR('',#4968,10.);
#1234=VECTOR('',#4969,10.);
#1235=VECTOR('',#4970,10.);
#1236=VECTOR('',#4973,10.);
#1237=VECTOR('',#4974,10.);
#1238=VECTOR('',#4975,10.);
#1239=VECTOR('',#4980,10.);
#1240=VECTOR('',#4981,10.);
#1241=VECTOR('',#4982,10.);
#1242=VECTOR('',#4983,10.);
#1243=VECTOR('',#4986,10.);
#1244=VECTOR('',#4987,10.);
#1245=VECTOR('',#4988,10.);
#1246=VECTOR('',#4991,10.);
#1247=VECTOR('',#4992,10.);
#1248=VECTOR('',#4993,10.);
#1249=VECTOR('',#4994,10.);
#1250=VECTOR('',#4995,10.);
#1251=VECTOR('',#4998,10.);
#1252=VECTOR('',#4999,10.);
#1253=VECTOR('',#5000,10.);
#1254=VECTOR('',#5003,10.);
#1255=VECTOR('',#5004,10.);
#1256=VECTOR('',#5005,10.);
#1257=VECTOR('',#5008,10.);
#1258=VECTOR('',#5009,10.);
#1259=VECTOR('',#5010,10.);
#1260=VECTOR('',#5013,10.);
#1261=VECTOR('',#5014,10.);
#1262=VECTOR('',#5019,10.);
#1263=VECTOR('',#5020,10.);
#1264=VECTOR('',#5021,10.);
#1265=VECTOR('',#5022,10.);
#1266=VECTOR('',#5025,10.);
#1267=VECTOR('',#5026,10.);
#1268=VECTOR('',#5027,10.);
#1269=VECTOR('',#5030,10.);
#1270=VECTOR('',#5031,10.);
#1271=VECTOR('',#5032,10.);
#1272=VECTOR('',#5035,10.);
#1273=VECTOR('',#5036,10.);
#1274=VECTOR('',#5037,10.);
#1275=VECTOR('',#5040,10.);
#1276=VECTOR('',#5041,10.);
#1277=VECTOR('',#5042,10.);
#1278=VECTOR('',#5045,10.);
#1279=VECTOR('',#5046,10.);
#1280=VECTOR('',#5047,10.);
#1281=VECTOR('',#5050,10.);
#1282=VECTOR('',#5051,10.);
#1283=VECTOR('',#5052,10.);
#1284=VECTOR('',#5055,10.);
#1285=VECTOR('',#5056,10.);
#1286=VECTOR('',#5061,10.);
#1287=VECTOR('',#5064,10.);
#1288=VECTOR('',#5065,10.);
#1289=VECTOR('',#5066,10.);
#1290=VECTOR('',#5067,10.);
#1291=VECTOR('',#5068,10.);
#1292=VECTOR('',#5069,10.);
#1293=VECTOR('',#5070,10.);
#1294=VECTOR('',#5071,10.);
#1295=VECTOR('',#5072,10.);
#1296=VECTOR('',#5073,10.);
#1297=VECTOR('',#5074,10.);
#1298=VECTOR('',#5075,10.);
#1299=VECTOR('',#5076,10.);
#1300=VECTOR('',#5079,10.);
#1301=VECTOR('',#5082,10.);
#1302=VECTOR('',#5083,10.);
#1303=VECTOR('',#5088,10.);
#1304=VECTOR('',#5093,10.);
#1305=VECTOR('',#5096,10.);
#1306=VECTOR('',#5099,10.);
#1307=VECTOR('',#5100,10.);
#1308=VECTOR('',#5101,10.);
#1309=VECTOR('',#5102,10.);
#1310=VECTOR('',#5103,10.);
#1311=VECTOR('',#5108,10.);
#1312=VECTOR('',#5111,10.);
#1313=VECTOR('',#5116,10.);
#1314=VECTOR('',#5117,10.);
#1315=VECTOR('',#5118,10.);
#1316=VECTOR('',#5119,10.);
#1317=VECTOR('',#5120,10.);
#1318=VECTOR('',#5121,10.);
#1319=VECTOR('',#5122,10.);
#1320=VECTOR('',#5123,10.);
#1321=VECTOR('',#5124,10.);
#1322=VECTOR('',#5125,10.);
#1323=VECTOR('',#5126,10.);
#1324=VECTOR('',#5127,10.);
#1325=VECTOR('',#5128,10.);
#1326=VECTOR('',#5129,10.);
#1327=VECTOR('',#5130,10.);
#1328=VECTOR('',#5131,10.);
#1329=VECTOR('',#5132,10.);
#1330=VECTOR('',#5133,10.);
#1331=VECTOR('',#5134,10.);
#1332=VECTOR('',#5135,10.);
#1333=VECTOR('',#5136,10.);
#1334=VECTOR('',#5137,10.);
#1335=VECTOR('',#5138,10.);
#1336=VECTOR('',#5139,10.);
#1337=VECTOR('',#5140,10.);
#1338=VECTOR('',#5141,10.);
#1339=VECTOR('',#5142,10.);
#1340=VECTOR('',#5143,10.);
#1341=VECTOR('',#5144,10.);
#1342=VECTOR('',#5145,10.);
#1343=VECTOR('',#5146,10.);
#1344=VECTOR('',#5147,10.);
#1345=VECTOR('',#5148,10.);
#1346=VECTOR('',#5149,10.);
#1347=VECTOR('',#5150,10.);
#1348=VECTOR('',#5151,10.);
#1349=VECTOR('',#5152,10.);
#1350=VECTOR('',#5153,10.);
#1351=VECTOR('',#5154,10.);
#1352=VECTOR('',#5155,10.);
#1353=VECTOR('',#5156,10.);
#1354=VECTOR('',#5157,10.);
#1355=VECTOR('',#5160,10.);
#1356=VECTOR('',#5165,10.);
#1357=VECTOR('',#5168,10.);
#1358=VECTOR('',#5173,10.);
#1359=VECTOR('',#5174,10.);
#1360=VECTOR('',#5177,10.);
#1361=VECTOR('',#5178,10.);
#1362=VECTOR('',#5183,10.2275953384712);
#1363=VECTOR('',#5184,10.);
#1364=VECTOR('',#5185,10.7703568533307);
#1365=VECTOR('',#5186,10.6959303103541);
#1366=VECTOR('',#5187,10.6959303103541);
#1367=VECTOR('',#5188,10.);
#1368=VECTOR('',#5189,10.);
#1369=VECTOR('',#5192,10.);
#1370=VECTOR('',#5193,10.);
#1371=VECTOR('',#5196,10.);
#1372=VECTOR('',#5197,10.);
#1373=VECTOR('',#5200,10.);
#1374=VECTOR('',#5201,10.);
#1375=VECTOR('',#5204,10.);
#1376=VECTOR('',#5205,10.);
#1377=VECTOR('',#5208,10.);
#1378=VECTOR('',#5209,10.);
#1379=VECTOR('',#5212,10.);
#1380=VECTOR('',#5213,10.);
#1381=VECTOR('',#5216,10.);
#1382=VECTOR('',#5217,10.);
#1383=VECTOR('',#5220,10.);
#1384=VECTOR('',#5221,10.);
#1385=VECTOR('',#5224,10.);
#1386=VECTOR('',#5225,10.);
#1387=VECTOR('',#5228,10.);
#1388=VECTOR('',#5229,10.);
#1389=VECTOR('',#5232,10.);
#1390=VECTOR('',#5233,10.);
#1391=VECTOR('',#5236,10.);
#1392=VECTOR('',#5237,10.);
#1393=VECTOR('',#5240,10.);
#1394=VECTOR('',#5241,10.);
#1395=VECTOR('',#5244,10.);
#1396=VECTOR('',#5245,10.);
#1397=VECTOR('',#5248,10.);
#1398=VECTOR('',#5249,10.);
#1399=VECTOR('',#5252,10.);
#1400=VECTOR('',#5253,10.);
#1401=VECTOR('',#5256,10.);
#1402=VECTOR('',#5257,10.);
#1403=VECTOR('',#5260,10.);
#1404=VECTOR('',#5261,10.);
#1405=VECTOR('',#5264,10.);
#1406=VECTOR('',#5265,10.);
#1407=VECTOR('',#5268,10.);
#1408=VECTOR('',#5269,10.);
#1409=VECTOR('',#5272,10.);
#1410=VECTOR('',#5273,10.);
#1411=VECTOR('',#5276,10.);
#1412=VECTOR('',#5277,10.);
#1413=VECTOR('',#5280,10.);
#1414=VECTOR('',#5281,10.);
#1415=VECTOR('',#5284,10.);
#1416=VECTOR('',#5285,10.);
#1417=VECTOR('',#5288,10.);
#1418=VECTOR('',#5289,10.);
#1419=VECTOR('',#5292,10.);
#1420=VECTOR('',#5293,10.);
#1421=VECTOR('',#5296,10.);
#1422=VECTOR('',#5297,10.);
#1423=VECTOR('',#5300,10.);
#1424=VECTOR('',#5301,10.);
#1425=VECTOR('',#5304,10.);
#1426=VECTOR('',#5305,10.);
#1427=VECTOR('',#5308,10.);
#1428=VECTOR('',#5309,10.);
#1429=VECTOR('',#5312,10.);
#1430=VECTOR('',#5313,10.);
#1431=VECTOR('',#5316,10.);
#1432=VECTOR('',#5317,10.);
#1433=VECTOR('',#5320,10.);
#1434=VECTOR('',#5321,10.);
#1435=VECTOR('',#5324,10.);
#1436=VECTOR('',#5325,10.);
#1437=VECTOR('',#5328,10.);
#1438=VECTOR('',#5329,10.);
#1439=VECTOR('',#5332,10.);
#1440=VECTOR('',#5333,10.);
#1441=VECTOR('',#5336,10.);
#1442=VECTOR('',#5337,10.);
#1443=VECTOR('',#5340,10.);
#1444=VECTOR('',#5341,10.);
#1445=VECTOR('',#5344,10.);
#1446=VECTOR('',#5345,10.);
#1447=VECTOR('',#5348,10.);
#1448=VECTOR('',#5349,10.);
#1449=VECTOR('',#5352,10.);
#1450=VECTOR('',#5355,10.);
#1451=VECTOR('',#5356,10.);
#1452=VECTOR('',#5359,10.);
#1453=VECTOR('',#5360,10.);
#1454=VECTOR('',#5363,10.);
#1455=VECTOR('',#5364,10.);
#1456=VECTOR('',#5367,10.);
#1457=VECTOR('',#5368,10.);
#1458=VECTOR('',#5371,10.);
#1459=VECTOR('',#5372,10.);
#1460=VECTOR('',#5375,10.);
#1461=VECTOR('',#5376,10.);
#1462=VECTOR('',#5379,10.);
#1463=VECTOR('',#5380,10.);
#1464=VECTOR('',#5383,10.);
#1465=VECTOR('',#5384,10.);
#1466=VECTOR('',#5387,10.);
#1467=VECTOR('',#5388,10.);
#1468=VECTOR('',#5391,10.);
#1469=VECTOR('',#5392,10.);
#1470=VECTOR('',#5395,10.);
#1471=VECTOR('',#5396,10.);
#1472=VECTOR('',#5399,10.);
#1473=VECTOR('',#5400,10.);
#1474=VECTOR('',#5403,10.);
#1475=VECTOR('',#5404,10.);
#1476=VECTOR('',#5407,10.);
#1477=VECTOR('',#5408,10.);
#1478=VECTOR('',#5411,10.);
#1479=VECTOR('',#5412,10.);
#1480=VECTOR('',#5415,10.);
#1481=VECTOR('',#5416,10.);
#1482=VECTOR('',#5419,10.);
#1483=VECTOR('',#5420,10.);
#1484=VECTOR('',#5423,10.);
#1485=VECTOR('',#5424,10.);
#1486=VECTOR('',#5427,10.);
#1487=VECTOR('',#5428,10.);
#1488=VECTOR('',#5431,10.);
#1489=VECTOR('',#5432,10.);
#1490=VECTOR('',#5435,10.);
#1491=VECTOR('',#5436,10.);
#1492=VECTOR('',#5439,10.);
#1493=VECTOR('',#5440,10.);
#1494=VECTOR('',#5443,10.);
#1495=VECTOR('',#5444,10.);
#1496=VECTOR('',#5447,10.);
#1497=VECTOR('',#5448,10.);
#1498=VECTOR('',#5451,10.);
#1499=VECTOR('',#5452,10.);
#1500=VECTOR('',#5455,10.);
#1501=VECTOR('',#5456,10.);
#1502=VECTOR('',#5459,10.);
#1503=VECTOR('',#5460,10.);
#1504=VECTOR('',#5463,10.);
#1505=VECTOR('',#5464,10.);
#1506=VECTOR('',#5467,10.);
#1507=VECTOR('',#5468,10.);
#1508=VECTOR('',#5471,10.);
#1509=VECTOR('',#5472,10.);
#1510=VECTOR('',#5475,10.);
#1511=VECTOR('',#5476,10.);
#1512=VECTOR('',#5479,10.);
#1513=VECTOR('',#5480,10.);
#1514=VECTOR('',#5483,10.);
#1515=VECTOR('',#5484,10.);
#1516=VECTOR('',#5487,10.);
#1517=VECTOR('',#5488,10.);
#1518=VECTOR('',#5491,10.);
#1519=VECTOR('',#5492,10.);
#1520=VECTOR('',#5495,10.);
#1521=VECTOR('',#5496,10.);
#1522=VECTOR('',#5499,10.);
#1523=VECTOR('',#5500,10.);
#1524=VECTOR('',#5503,10.);
#1525=VECTOR('',#5504,10.);
#1526=VECTOR('',#5507,10.);
#1527=VECTOR('',#5508,10.);
#1528=VECTOR('',#5511,10.);
#1529=VECTOR('',#5512,10.);
#1530=VECTOR('',#5515,10.);
#1531=VECTOR('',#5516,10.);
#1532=VECTOR('',#5519,10.);
#1533=VECTOR('',#5520,10.);
#1534=VECTOR('',#5523,10.);
#1535=VECTOR('',#5524,10.);
#1536=VECTOR('',#5527,10.);
#1537=VECTOR('',#5534,10.);
#1538=VECTOR('',#5537,10.);
#1539=VECTOR('',#5542,10.);
#1540=VECTOR('',#5543,10.);
#1541=B_SPLINE_CURVE_WITH_KNOTS('',3,(#5550,#5551,#5552,#5553),
 .UNSPECIFIED.,.F.,.F.,(4,4),(-0.34223288774721,-0.0175203237284879),
 .UNSPECIFIED.);
#1542=B_SPLINE_CURVE_WITH_KNOTS('',3,(#5561,#5562,#5563,#5564),
 .UNSPECIFIED.,.F.,.F.,(4,4),(-0.278109433853007,0.),.UNSPECIFIED.);
#1543=B_SPLINE_CURVE_WITH_KNOTS('',3,(#5572,#5573,#5574,#5575),
 .UNSPECIFIED.,.F.,.F.,(4,4),(-0.377072763233997,-0.0508362376320872),
 .UNSPECIFIED.);
#1544=B_SPLINE_CURVE_WITH_KNOTS('',3,(#5581,#5582,#5583,#5584),
 .UNSPECIFIED.,.F.,.F.,(4,4),(-0.332401149282931,-0.0525919401196829),
 .UNSPECIFIED.);
#1545=B_SPLINE_CURVE_WITH_KNOTS('',3,(#5658,#5659,#5660,#5661,#5662,#5663,
#5664,#5665,#5666,#5667,#5668,#5669,#5670),.UNSPECIFIED.,.F.,.F.,(4,3,3,
3,4),(-1.20660945315849,-1.16179054265465,-1.14596139744874,-1.10675446691037,
-1.08957665153094),.UNSPECIFIED.);
#1546=B_SPLINE_CURVE_WITH_KNOTS('',3,(#5673,#5674,#5675,#5676,#5677,#5678,
#5679,#5680,#5681,#5682,#5683,#5684,#5685),.UNSPECIFIED.,.F.,.F.,(4,3,3,
3,4),(-0.117074037546806,-0.100069995714173,-0.0608982535927612,-0.0160819685164643,
0.),.UNSPECIFIED.);
#1547=B_SPLINE_CURVE_WITH_KNOTS('',3,(#5688,#5689,#5690,#5691,#5692,#5693,
#5694,#5695,#5696,#5697,#5698,#5699,#5700,#5701,#5702,#5703,#5704,#5705,
#5706,#5707,#5708,#5709,#5710,#5711,#5712,#5713),.UNSPECIFIED.,.F.,.F.,
(4,2,2,2,2,2,2,2,2,2,2,2,4),(-1.08957665153094,-1.07069960024147,-1.02480748775251,
-0.942135544272694,-0.82056790576383,-0.702014877023359,-0.591994950442622,
-0.483511937770956,-0.374381251680333,-0.269077133955359,-0.18215661793311,
-0.13615133844078,-0.117074037546806),.UNSPECIFIED.);
#1548=B_SPLINE_CURVE_WITH_KNOTS('',3,(#5850,#5851,#5852,#5853,#5854),
 .UNSPECIFIED.,.F.,.F.,(4,1,4),(0.,0.037604787320066,0.0679455205851822),
 .UNSPECIFIED.);
#1549=B_SPLINE_CURVE_WITH_KNOTS('',3,(#5858,#5859,#5860,#5861,#5862),
 .UNSPECIFIED.,.F.,.F.,(4,1,4),(0.,0.037604787320066,0.0679455205851822),
 .UNSPECIFIED.);
#1550=B_SPLINE_CURVE_WITH_KNOTS('',3,(#5875,#5876,#5877,#5878,#5879),
 .UNSPECIFIED.,.F.,.F.,(4,1,4),(0.,0.0225755394089311,0.0469247753242656),
 .UNSPECIFIED.);
#1551=B_SPLINE_CURVE_WITH_KNOTS('',3,(#5882,#5883,#5884,#5885,#5886),
 .UNSPECIFIED.,.F.,.F.,(4,1,4),(0.,0.0225755394089311,0.0469247753242656),
 .UNSPECIFIED.);
#1552=B_SPLINE_CURVE_WITH_KNOTS('',3,(#5898,#5899,#5900,#5901,#5902),
 .UNSPECIFIED.,.F.,.F.,(4,1,4),(0.,0.019412772974623,0.040276998964481),
 .UNSPECIFIED.);
#1553=B_SPLINE_CURVE_WITH_KNOTS('',3,(#5905,#5906,#5907,#5908,#5909),
 .UNSPECIFIED.,.F.,.F.,(4,1,4),(0.,0.019412772974623,0.040276998964481),
 .UNSPECIFIED.);
#1554=B_SPLINE_CURVE_WITH_KNOTS('',3,(#5921,#5922,#5923,#5924,#5925),
 .UNSPECIFIED.,.F.,.F.,(4,1,4),(0.,0.0181100211183305,0.036850152426204),
 .UNSPECIFIED.);
#1555=B_SPLINE_CURVE_WITH_KNOTS('',3,(#5928,#5929,#5930,#5931,#5932),
 .UNSPECIFIED.,.F.,.F.,(4,1,4),(0.,0.0181100211183305,0.036850152426204),
 .UNSPECIFIED.);
#1556=B_SPLINE_CURVE_WITH_KNOTS('',3,(#5944,#5945,#5946,#5947,#5948),
 .UNSPECIFIED.,.F.,.F.,(4,1,4),(0.,0.01567897101009,0.033110303861189),
 .UNSPECIFIED.);
#1557=B_SPLINE_CURVE_WITH_KNOTS('',3,(#5951,#5952,#5953,#5954,#5955),
 .UNSPECIFIED.,.F.,.F.,(4,1,4),(0.,0.01567897101009,0.033110303861189),
 .UNSPECIFIED.);
#1558=B_SPLINE_CURVE_WITH_KNOTS('',3,(#5967,#5968,#5969,#5970,#5971),
 .UNSPECIFIED.,.F.,.F.,(4,1,4),(0.,0.0160485336812005,0.0313579201270879),
 .UNSPECIFIED.);
#1559=B_SPLINE_CURVE_WITH_KNOTS('',3,(#5974,#5975,#5976,#5977,#5978),
 .UNSPECIFIED.,.F.,.F.,(4,1,4),(0.,0.0160485336812005,0.0313579201270879),
 .UNSPECIFIED.);
#1560=B_SPLINE_CURVE_WITH_KNOTS('',3,(#5990,#5991,#5992,#5993,#5994),
 .UNSPECIFIED.,.F.,.F.,(4,1,4),(0.,0.0344900869786512,0.057113752496559),
 .UNSPECIFIED.);
#1561=B_SPLINE_CURVE_WITH_KNOTS('',3,(#5997,#5998,#5999,#6000,#6001),
 .UNSPECIFIED.,.F.,.F.,(4,1,4),(0.,0.0344900869786512,0.057113752496559),
 .UNSPECIFIED.);
#1562=B_SPLINE_CURVE_WITH_KNOTS('',3,(#6013,#6014,#6015,#6016,#6017),
 .UNSPECIFIED.,.F.,.F.,(4,1,4),(0.,0.0114081357218701,0.0338748992292716),
 .UNSPECIFIED.);
#1563=B_SPLINE_CURVE_WITH_KNOTS('',3,(#6020,#6021,#6022,#6023,#6024),
 .UNSPECIFIED.,.F.,.F.,(4,1,4),(0.,0.0114081357218701,0.0338748992292716),
 .UNSPECIFIED.);
#1564=B_SPLINE_CURVE_WITH_KNOTS('',3,(#6036,#6037,#6038,#6039,#6040),
 .UNSPECIFIED.,.F.,.F.,(4,1,4),(0.,0.00792645201996954,0.0173549579155705),
 .UNSPECIFIED.);
#1565=B_SPLINE_CURVE_WITH_KNOTS('',3,(#6043,#6044,#6045,#6046,#6047),
 .UNSPECIFIED.,.F.,.F.,(4,1,4),(0.,0.00792645201996954,0.0173549579155705),
 .UNSPECIFIED.);
#1566=B_SPLINE_CURVE_WITH_KNOTS('',3,(#6059,#6060,#6061,#6062,#6063),
 .UNSPECIFIED.,.F.,.F.,(4,1,4),(0.,0.0068967016501425,0.013858353840363),
 .UNSPECIFIED.);
#1567=B_SPLINE_CURVE_WITH_KNOTS('',3,(#6066,#6067,#6068,#6069,#6070),
 .UNSPECIFIED.,.F.,.F.,(4,1,4),(0.,0.0068967016501425,0.013858353840363),
 .UNSPECIFIED.);
#1568=B_SPLINE_CURVE_WITH_KNOTS('',3,(#6082,#6083,#6084,#6085,#6086),
 .UNSPECIFIED.,.F.,.F.,(4,1,4),(0.,0.0122104417148822,0.0230925345301737),
 .UNSPECIFIED.);
#1569=B_SPLINE_CURVE_WITH_KNOTS('',3,(#6089,#6090,#6091,#6092,#6093),
 .UNSPECIFIED.,.F.,.F.,(4,1,4),(0.,0.0122104417148822,0.0230925345301737),
 .UNSPECIFIED.);
#1570=B_SPLINE_CURVE_WITH_KNOTS('',3,(#6105,#6106,#6107,#6108,#6109),
 .UNSPECIFIED.,.F.,.F.,(4,1,4),(0.,0.021843777268423,0.0376303074100472),
 .UNSPECIFIED.);
#1571=B_SPLINE_CURVE_WITH_KNOTS('',3,(#6112,#6113,#6114,#6115,#6116),
 .UNSPECIFIED.,.F.,.F.,(4,1,4),(0.,0.021843777268423,0.0376303074100472),
 .UNSPECIFIED.);
#1572=B_SPLINE_CURVE_WITH_KNOTS('',3,(#6128,#6129,#6130,#6131,#6132),
 .UNSPECIFIED.,.F.,.F.,(4,1,4),(0.,0.0157867005688982,0.0349630337316804),
 .UNSPECIFIED.);
#1573=B_SPLINE_CURVE_WITH_KNOTS('',3,(#6135,#6136,#6137,#6138,#6139),
 .UNSPECIFIED.,.F.,.F.,(4,1,4),(0.,0.0157867005688982,0.0349630337316804),
 .UNSPECIFIED.);
#1574=B_SPLINE_CURVE_WITH_KNOTS('',3,(#6151,#6152,#6153,#6154,#6155),
 .UNSPECIFIED.,.F.,.F.,(4,1,4),(0.,0.0156935831521084,0.0304321697364875),
 .UNSPECIFIED.);
#1575=B_SPLINE_CURVE_WITH_KNOTS('',3,(#6158,#6159,#6160,#6161,#6162),
 .UNSPECIFIED.,.F.,.F.,(4,1,4),(0.,0.0156935831521084,0.0304321697364875),
 .UNSPECIFIED.);
#1576=B_SPLINE_CURVE_WITH_KNOTS('',3,(#6180,#6181,#6182,#6183,#6184),
 .UNSPECIFIED.,.F.,.F.,(4,1,4),(0.,0.0165697081566879,0.0361255390753417),
 .UNSPECIFIED.);
#1577=B_SPLINE_CURVE_WITH_KNOTS('',3,(#6187,#6188,#6189,#6190,#6191),
 .UNSPECIFIED.,.F.,.F.,(4,1,4),(0.,0.0165697081566879,0.0361255390753417),
 .UNSPECIFIED.);
#1578=B_SPLINE_CURVE_WITH_KNOTS('',3,(#6203,#6204,#6205,#6206,#6207),
 .UNSPECIFIED.,.F.,.F.,(4,1,4),(0.,0.0189911711425561,0.0353449812056698),
 .UNSPECIFIED.);
#1579=B_SPLINE_CURVE_WITH_KNOTS('',3,(#6210,#6211,#6212,#6213,#6214),
 .UNSPECIFIED.,.F.,.F.,(4,1,4),(0.,0.0189911711425561,0.0353449812056698),
 .UNSPECIFIED.);
#1580=B_SPLINE_CURVE_WITH_KNOTS('',3,(#6226,#6227,#6228,#6229,#6230),
 .UNSPECIFIED.,.F.,.F.,(4,1,4),(0.,0.0240644393315011,0.045607012513838),
 .UNSPECIFIED.);
#1581=B_SPLINE_CURVE_WITH_KNOTS('',3,(#6233,#6234,#6235,#6236,#6237),
 .UNSPECIFIED.,.F.,.F.,(4,1,4),(0.,0.0240644393315011,0.045607012513838),
 .UNSPECIFIED.);
#1582=B_SPLINE_CURVE_WITH_KNOTS('',3,(#6249,#6250,#6251,#6252,#6253),
 .UNSPECIFIED.,.F.,.F.,(4,1,4),(0.,0.0158148564698367,0.0323266586672957),
 .UNSPECIFIED.);
#1583=B_SPLINE_CURVE_WITH_KNOTS('',3,(#6256,#6257,#6258,#6259,#6260),
 .UNSPECIFIED.,.F.,.F.,(4,1,4),(0.,0.0158148564698367,0.0323266586672957),
 .UNSPECIFIED.);
#1584=B_SPLINE_CURVE_WITH_KNOTS('',3,(#6272,#6273,#6274,#6275,#6276),
 .UNSPECIFIED.,.F.,.F.,(4,1,4),(0.,0.0116885975818936,0.025736555005455),
 .UNSPECIFIED.);
#1585=B_SPLINE_CURVE_WITH_KNOTS('',3,(#6279,#6280,#6281,#6282,#6283),
 .UNSPECIFIED.,.F.,.F.,(4,1,4),(0.,0.0116885975818936,0.025736555005455),
 .UNSPECIFIED.);
#1586=B_SPLINE_CURVE_WITH_KNOTS('',3,(#6295,#6296,#6297,#6298,#6299),
 .UNSPECIFIED.,.F.,.F.,(4,1,4),(0.,0.0138937721406693,0.0277316607189546),
 .UNSPECIFIED.);
#1587=B_SPLINE_CURVE_WITH_KNOTS('',3,(#6302,#6303,#6304,#6305,#6306),
 .UNSPECIFIED.,.F.,.F.,(4,1,4),(0.,0.0138937721406693,0.0277316607189546),
 .UNSPECIFIED.);
#1588=B_SPLINE_CURVE_WITH_KNOTS('',3,(#6318,#6319,#6320,#6321,#6322),
 .UNSPECIFIED.,.F.,.F.,(4,1,4),(0.,0.0140621957488043,0.0278104439135451),
 .UNSPECIFIED.);
#1589=B_SPLINE_CURVE_WITH_KNOTS('',3,(#6325,#6326,#6327,#6328,#6329),
 .UNSPECIFIED.,.F.,.F.,(4,1,4),(0.,0.0140621957488043,0.0278104439135451),
 .UNSPECIFIED.);
#1590=B_SPLINE_CURVE_WITH_KNOTS('',3,(#6341,#6342,#6343,#6344,#6345),
 .UNSPECIFIED.,.F.,.F.,(4,1,4),(0.,0.0151951820219342,0.030621483929913),
 .UNSPECIFIED.);
#1591=B_SPLINE_CURVE_WITH_KNOTS('',3,(#6348,#6349,#6350,#6351,#6352),
 .UNSPECIFIED.,.F.,.F.,(4,1,4),(0.,0.0151951820219342,0.030621483929913),
 .UNSPECIFIED.);
#1592=B_SPLINE_CURVE_WITH_KNOTS('',3,(#6364,#6365,#6366,#6367,#6368),
 .UNSPECIFIED.,.F.,.F.,(4,1,4),(0.,0.016375001423924,0.0317957697333217),
 .UNSPECIFIED.);
#1593=B_SPLINE_CURVE_WITH_KNOTS('',3,(#6371,#6372,#6373,#6374,#6375),
 .UNSPECIFIED.,.F.,.F.,(4,1,4),(0.,0.016375001423924,0.0317957697333217),
 .UNSPECIFIED.);
#1594=B_SPLINE_CURVE_WITH_KNOTS('',3,(#6387,#6388,#6389,#6390,#6391),
 .UNSPECIFIED.,.F.,.F.,(4,1,4),(0.,0.0356225667016736,0.0590112447801635),
 .UNSPECIFIED.);
#1595=B_SPLINE_CURVE_WITH_KNOTS('',3,(#6394,#6395,#6396,#6397,#6398),
 .UNSPECIFIED.,.F.,.F.,(4,1,4),(0.,0.0356225667016736,0.0590112447801635),
 .UNSPECIFIED.);
#1596=B_SPLINE_CURVE_WITH_KNOTS('',3,(#6410,#6411,#6412,#6413,#6414),
 .UNSPECIFIED.,.F.,.F.,(4,1,4),(0.,0.0143288038926315,0.0397396846085773),
 .UNSPECIFIED.);
#1597=B_SPLINE_CURVE_WITH_KNOTS('',3,(#6417,#6418,#6419,#6420,#6421),
 .UNSPECIFIED.,.F.,.F.,(4,1,4),(0.,0.0143288038926315,0.0397396846085773),
 .UNSPECIFIED.);
#1598=B_SPLINE_CURVE_WITH_KNOTS('',3,(#6433,#6434,#6435,#6436,#6437),
 .UNSPECIFIED.,.F.,.F.,(4,1,4),(0.,0.0114776761622223,0.0232373607158253),
 .UNSPECIFIED.);
#1599=B_SPLINE_CURVE_WITH_KNOTS('',3,(#6440,#6441,#6442,#6443,#6444),
 .UNSPECIFIED.,.F.,.F.,(4,1,4),(0.,0.0114776761622223,0.0232373607158253),
 .UNSPECIFIED.);
#1600=B_SPLINE_CURVE_WITH_KNOTS('',3,(#6456,#6457,#6458,#6459,#6460),
 .UNSPECIFIED.,.F.,.F.,(4,1,4),(0.,0.0145819073483628,0.0279838976248114),
 .UNSPECIFIED.);
#1601=B_SPLINE_CURVE_WITH_KNOTS('',3,(#6463,#6464,#6465,#6466,#6467),
 .UNSPECIFIED.,.F.,.F.,(4,1,4),(0.,0.0145819073483628,0.0279838976248114),
 .UNSPECIFIED.);
#1602=B_SPLINE_CURVE_WITH_KNOTS('',3,(#6479,#6480,#6481,#6482,#6483),
 .UNSPECIFIED.,.F.,.F.,(4,1,4),(0.,0.022248502872219,0.0395912360779149),
 .UNSPECIFIED.);
#1603=B_SPLINE_CURVE_WITH_KNOTS('',3,(#6486,#6487,#6488,#6489,#6490),
 .UNSPECIFIED.,.F.,.F.,(4,1,4),(0.,0.022248502872219,0.0395912360779149),
 .UNSPECIFIED.);
#1604=B_SPLINE_CURVE_WITH_KNOTS('',3,(#6502,#6503,#6504,#6505,#6506),
 .UNSPECIFIED.,.F.,.F.,(4,1,4),(0.,0.0190146594372474,0.0416115205690201),
 .UNSPECIFIED.);
#1605=B_SPLINE_CURVE_WITH_KNOTS('',3,(#6509,#6510,#6511,#6512,#6513),
 .UNSPECIFIED.,.F.,.F.,(4,1,4),(0.,0.0190146594372474,0.0416115205690201),
 .UNSPECIFIED.);
#1606=B_SPLINE_CURVE_WITH_KNOTS('',3,(#6525,#6526,#6527,#6528,#6529),
 .UNSPECIFIED.,.F.,.F.,(4,1,4),(0.,0.0201839479029645,0.0382893288513448),
 .UNSPECIFIED.);
#1607=B_SPLINE_CURVE_WITH_KNOTS('',3,(#6532,#6533,#6534,#6535,#6536),
 .UNSPECIFIED.,.F.,.F.,(4,1,4),(0.,0.0201839479029645,0.0382893288513448),
 .UNSPECIFIED.);
#1608=B_SPLINE_CURVE_WITH_KNOTS('',3,(#6553,#6554,#6555,#6556,#6557),
 .UNSPECIFIED.,.F.,.F.,(4,1,4),(0.,0.0283760732877044,0.0603601440793901),
 .UNSPECIFIED.);
#1609=B_SPLINE_CURVE_WITH_KNOTS('',3,(#6558,#6559,#6560,#6561,#6562),
 .UNSPECIFIED.,.F.,.F.,(4,1,4),(0.,0.0283760732877044,0.0603601440793901),
 .UNSPECIFIED.);
#1610=B_SPLINE_CURVE_WITH_KNOTS('',3,(#6584,#6585,#6586,#6587,#6588),
 .UNSPECIFIED.,.F.,.F.,(4,1,4),(0.,0.0283647634159468,0.052004267193858),
 .UNSPECIFIED.);
#1611=B_SPLINE_CURVE_WITH_KNOTS('',3,(#6591,#6592,#6593,#6594,#6595),
 .UNSPECIFIED.,.F.,.F.,(4,1,4),(0.,0.0283647634159468,0.052004267193858),
 .UNSPECIFIED.);
#1612=B_SPLINE_CURVE_WITH_KNOTS('',3,(#6607,#6608,#6609,#6610,#6611),
 .UNSPECIFIED.,.F.,.F.,(4,1,4),(0.,0.033113834147398,0.0646497533600046),
 .UNSPECIFIED.);
#1613=B_SPLINE_CURVE_WITH_KNOTS('',3,(#6614,#6615,#6616,#6617,#6618),
 .UNSPECIFIED.,.F.,.F.,(4,1,4),(0.,0.033113834147398,0.0646497533600046),
 .UNSPECIFIED.);
#1614=B_SPLINE_CURVE_WITH_KNOTS('',3,(#6636,#6637,#6638,#6639,#6640),
 .UNSPECIFIED.,.F.,.F.,(4,1,4),(0.,0.0232362693534792,0.0431474171410824),
 .UNSPECIFIED.);
#1615=B_SPLINE_CURVE_WITH_KNOTS('',3,(#6643,#6644,#6645,#6646,#6647),
 .UNSPECIFIED.,.F.,.F.,(4,1,4),(0.,0.0232362693534792,0.0431474171410824),
 .UNSPECIFIED.);
#1616=B_SPLINE_CURVE_WITH_KNOTS('',3,(#6659,#6660,#6661,#6662,#6663),
 .UNSPECIFIED.,.F.,.F.,(4,1,4),(0.,0.0199525757963547,0.0432957777611762),
 .UNSPECIFIED.);
#1617=B_SPLINE_CURVE_WITH_KNOTS('',3,(#6666,#6667,#6668,#6669,#6670),
 .UNSPECIFIED.,.F.,.F.,(4,1,4),(0.,0.0199525757963547,0.0432957777611762),
 .UNSPECIFIED.);
#1618=B_SPLINE_CURVE_WITH_KNOTS('',3,(#6699,#6700,#6701,#6702,#6703),
 .UNSPECIFIED.,.F.,.F.,(4,1,4),(0.,0.0237624163575698,0.0469621552016738),
 .UNSPECIFIED.);
#1619=B_SPLINE_CURVE_WITH_KNOTS('',3,(#6707,#6708,#6709,#6710,#6711),
 .UNSPECIFIED.,.F.,.F.,(4,1,4),(0.,0.0237624163575698,0.0469621552016738),
 .UNSPECIFIED.);
#1620=B_SPLINE_CURVE_WITH_KNOTS('',3,(#6724,#6725,#6726,#6727,#6728),
 .UNSPECIFIED.,.F.,.F.,(4,1,4),(0.,0.0257515834401313,0.051728639080738),
 .UNSPECIFIED.);
#1621=B_SPLINE_CURVE_WITH_KNOTS('',3,(#6731,#6732,#6733,#6734,#6735),
 .UNSPECIFIED.,.F.,.F.,(4,1,4),(0.,0.0257515834401313,0.051728639080738),
 .UNSPECIFIED.);
#1622=B_SPLINE_CURVE_WITH_KNOTS('',3,(#6747,#6748,#6749,#6750,#6751),
 .UNSPECIFIED.,.F.,.F.,(4,1,4),(0.,0.0244511281937737,0.043906927630112),
 .UNSPECIFIED.);
#1623=B_SPLINE_CURVE_WITH_KNOTS('',3,(#6754,#6755,#6756,#6757,#6758),
 .UNSPECIFIED.,.F.,.F.,(4,1,4),(0.,0.0244511281937737,0.043906927630112),
 .UNSPECIFIED.);
#1624=B_SPLINE_CURVE_WITH_KNOTS('',3,(#6775,#6776,#6777,#6778,#6779),
 .UNSPECIFIED.,.F.,.F.,(4,1,4),(0.,0.023923079948121,0.050125646887771),
 .UNSPECIFIED.);
#1625=B_SPLINE_CURVE_WITH_KNOTS('',3,(#6780,#6781,#6782,#6783,#6784),
 .UNSPECIFIED.,.F.,.F.,(4,1,4),(0.,0.023923079948121,0.050125646887771),
 .UNSPECIFIED.);
#1626=B_SPLINE_CURVE_WITH_KNOTS('',3,(#6797,#6798,#6799,#6800,#6801),
 .UNSPECIFIED.,.F.,.F.,(4,1,4),(0.,0.0189631186462206,0.0366717970161361),
 .UNSPECIFIED.);
#1627=B_SPLINE_CURVE_WITH_KNOTS('',3,(#6805,#6806,#6807,#6808,#6809),
 .UNSPECIFIED.,.F.,.F.,(4,1,4),(0.,0.0189631186462206,0.0366717970161361),
 .UNSPECIFIED.);
#1628=B_SPLINE_CURVE_WITH_KNOTS('',3,(#6822,#6823,#6824,#6825,#6826),
 .UNSPECIFIED.,.F.,.F.,(4,1,4),(0.,0.0249500343824,0.050365244181284),
 .UNSPECIFIED.);
#1629=B_SPLINE_CURVE_WITH_KNOTS('',3,(#6829,#6830,#6831,#6832,#6833),
 .UNSPECIFIED.,.F.,.F.,(4,1,4),(0.,0.0249500343824,0.050365244181284),
 .UNSPECIFIED.);
#1630=B_SPLINE_CURVE_WITH_KNOTS('',3,(#6845,#6846,#6847,#6848,#6849),
 .UNSPECIFIED.,.F.,.F.,(4,1,4),(0.,0.0321974643733872,0.0594057496605828),
 .UNSPECIFIED.);
#1631=B_SPLINE_CURVE_WITH_KNOTS('',3,(#6852,#6853,#6854,#6855,#6856),
 .UNSPECIFIED.,.F.,.F.,(4,1,4),(0.,0.0321974643733872,0.0594057496605828),
 .UNSPECIFIED.);
#1632=B_SPLINE_CURVE_WITH_KNOTS('',3,(#6874,#6875,#6876,#6877,#6878),
 .UNSPECIFIED.,.F.,.F.,(4,1,4),(0.,0.00409307262077522,0.00982501176257857),
 .UNSPECIFIED.);
#1633=B_SPLINE_CURVE_WITH_KNOTS('',3,(#6881,#6882,#6883,#6884,#6885),
 .UNSPECIFIED.,.F.,.F.,(4,1,4),(0.,0.00409307262077522,0.00982501176257857),
 .UNSPECIFIED.);
#1634=B_SPLINE_CURVE_WITH_KNOTS('',3,(#6897,#6898,#6899,#6900,#6901),
 .UNSPECIFIED.,.F.,.F.,(4,1,4),(0.,0.0412851767094973,0.0895648239594153),
 .UNSPECIFIED.);
#1635=B_SPLINE_CURVE_WITH_KNOTS('',3,(#6904,#6905,#6906,#6907,#6908),
 .UNSPECIFIED.,.F.,.F.,(4,1,4),(0.,0.0412851767094973,0.0895648239594153),
 .UNSPECIFIED.);
#1636=B_SPLINE_CURVE_WITH_KNOTS('',3,(#6920,#6921,#6922,#6923,#6924),
 .UNSPECIFIED.,.F.,.F.,(4,1,4),(0.,0.0402864005980434,0.0789499764096867),
 .UNSPECIFIED.);
#1637=B_SPLINE_CURVE_WITH_KNOTS('',3,(#6927,#6928,#6929,#6930,#6931),
 .UNSPECIFIED.,.F.,.F.,(4,1,4),(0.,0.0402864005980434,0.0789499764096867),
 .UNSPECIFIED.);
#1638=B_SPLINE_CURVE_WITH_KNOTS('',3,(#6943,#6944,#6945,#6946,#6947),
 .UNSPECIFIED.,.F.,.F.,(4,1,4),(0.,0.0395980714944398,0.0811196328729164),
 .UNSPECIFIED.);
#1639=B_SPLINE_CURVE_WITH_KNOTS('',3,(#6950,#6951,#6952,#6953,#6954),
 .UNSPECIFIED.,.F.,.F.,(4,1,4),(0.,0.0395980714944398,0.0811196328729164),
 .UNSPECIFIED.);
#1640=B_SPLINE_CURVE_WITH_KNOTS('',3,(#6966,#6967,#6968,#6969,#6970),
 .UNSPECIFIED.,.F.,.F.,(4,1,4),(0.,0.0492130117731878,0.0913487906901976),
 .UNSPECIFIED.);
#1641=B_SPLINE_CURVE_WITH_KNOTS('',3,(#6973,#6974,#6975,#6976,#6977),
 .UNSPECIFIED.,.F.,.F.,(4,1,4),(0.,0.0492130117731878,0.0913487906901976),
 .UNSPECIFIED.);
#1642=B_SPLINE_CURVE_WITH_KNOTS('',3,(#6989,#6990,#6991,#6992,#6993),
 .UNSPECIFIED.,.F.,.F.,(4,1,4),(0.,0.0410536230011339,0.0886825678809764),
 .UNSPECIFIED.);
#1643=B_SPLINE_CURVE_WITH_KNOTS('',3,(#6996,#6997,#6998,#6999,#7000),
 .UNSPECIFIED.,.F.,.F.,(4,1,4),(0.,0.0410536230011339,0.0886825678809764),
 .UNSPECIFIED.);
#1644=B_SPLINE_CURVE_WITH_KNOTS('',3,(#7012,#7013,#7014,#7015,#7016),
 .UNSPECIFIED.,.F.,.F.,(4,1,4),(0.,0.04339062224086,0.0829782997111148),
 .UNSPECIFIED.);
#1645=B_SPLINE_CURVE_WITH_KNOTS('',3,(#7019,#7020,#7021,#7022,#7023),
 .UNSPECIFIED.,.F.,.F.,(4,1,4),(0.,0.04339062224086,0.0829782997111148),
 .UNSPECIFIED.);
#1646=B_SPLINE_CURVE_WITH_KNOTS('',3,(#7035,#7036,#7037,#7038,#7039),
 .UNSPECIFIED.,.F.,.F.,(4,1,4),(0.,0.0309785794544882,0.065766205068332),
 .UNSPECIFIED.);
#1647=B_SPLINE_CURVE_WITH_KNOTS('',3,(#7042,#7043,#7044,#7045,#7046),
 .UNSPECIFIED.,.F.,.F.,(4,1,4),(0.,0.0309785794544882,0.065766205068332),
 .UNSPECIFIED.);
#1648=B_SPLINE_CURVE_WITH_KNOTS('',3,(#7058,#7059,#7060,#7061,#7062),
 .UNSPECIFIED.,.F.,.F.,(4,1,4),(0.,0.0322850042575705,0.0624774255668373),
 .UNSPECIFIED.);
#1649=B_SPLINE_CURVE_WITH_KNOTS('',3,(#7065,#7066,#7067,#7068,#7069),
 .UNSPECIFIED.,.F.,.F.,(4,1,4),(0.,0.0322850042575705,0.0624774255668373),
 .UNSPECIFIED.);
#1650=B_SPLINE_CURVE_WITH_KNOTS('',3,(#7086,#7087,#7088,#7089,#7090),
 .UNSPECIFIED.,.F.,.F.,(4,1,4),(0.,0.0188598509103814,0.0413051955343998),
 .UNSPECIFIED.);
#1651=B_SPLINE_CURVE_WITH_KNOTS('',3,(#7091,#7092,#7093,#7094,#7095),
 .UNSPECIFIED.,.F.,.F.,(4,1,4),(0.,0.0188598509103814,0.0413051955343998),
 .UNSPECIFIED.);
#1652=B_SPLINE_CURVE_WITH_KNOTS('',3,(#7109,#7110,#7111,#7112,#7113),
 .UNSPECIFIED.,.F.,.F.,(4,1,4),(0.,0.0057783238597341,0.0130733695852026),
 .UNSPECIFIED.);
#1653=B_SPLINE_CURVE_WITH_KNOTS('',3,(#7117,#7118,#7119,#7120,#7121),
 .UNSPECIFIED.,.F.,.F.,(4,1,4),(0.,0.0057783238597341,0.0130733695852026),
 .UNSPECIFIED.);
#1654=B_SPLINE_CURVE_WITH_KNOTS('',3,(#7134,#7135,#7136,#7137,#7138),
 .UNSPECIFIED.,.F.,.F.,(4,1,4),(0.,0.00481063887724484,0.00967753512903276),
 .UNSPECIFIED.);
#1655=B_SPLINE_CURVE_WITH_KNOTS('',3,(#7141,#7142,#7143,#7144,#7145),
 .UNSPECIFIED.,.F.,.F.,(4,1,4),(0.,0.00481063887724484,0.00967753512903276),
 .UNSPECIFIED.);
#1656=B_SPLINE_CURVE_WITH_KNOTS('',3,(#7157,#7158,#7159,#7160,#7161),
 .UNSPECIFIED.,.F.,.F.,(4,1,4),(0.,0.0129515740895358,0.0203966498498169),
 .UNSPECIFIED.);
#1657=B_SPLINE_CURVE_WITH_KNOTS('',3,(#7164,#7165,#7166,#7167,#7168),
 .UNSPECIFIED.,.F.,.F.,(4,1,4),(0.,0.0129515740895358,0.0203966498498169),
 .UNSPECIFIED.);
#1658=B_SPLINE_CURVE_WITH_KNOTS('',3,(#7246,#7247,#7248,#7249,#7250),
 .UNSPECIFIED.,.F.,.F.,(4,1,4),(0.,0.0164652112357713,0.0439609613664738),
 .UNSPECIFIED.);
#1659=B_SPLINE_CURVE_WITH_KNOTS('',3,(#7253,#7254,#7255,#7256,#7257),
 .UNSPECIFIED.,.F.,.F.,(4,1,4),(0.,0.0164652112357713,0.0439609613664738),
 .UNSPECIFIED.);
#1660=B_SPLINE_CURVE_WITH_KNOTS('',3,(#7269,#7270,#7271,#7272,#7273),
 .UNSPECIFIED.,.F.,.F.,(4,1,4),(0.,0.011921943121445,0.0230320784118463),
 .UNSPECIFIED.);
#1661=B_SPLINE_CURVE_WITH_KNOTS('',3,(#7276,#7277,#7278,#7279,#7280),
 .UNSPECIFIED.,.F.,.F.,(4,1,4),(0.,0.011921943121445,0.0230320784118463),
 .UNSPECIFIED.);
#1662=B_SPLINE_CURVE_WITH_KNOTS('',3,(#7292,#7293,#7294,#7295,#7296),
 .UNSPECIFIED.,.F.,.F.,(4,1,4),(0.,0.0178740471106254,0.0320008701553124),
 .UNSPECIFIED.);
#1663=B_SPLINE_CURVE_WITH_KNOTS('',3,(#7299,#7300,#7301,#7302,#7303),
 .UNSPECIFIED.,.F.,.F.,(4,1,4),(0.,0.0178740471106254,0.0320008701553124),
 .UNSPECIFIED.);
#1664=B_SPLINE_CURVE_WITH_KNOTS('',3,(#7315,#7316,#7317,#7318,#7319),
 .UNSPECIFIED.,.F.,.F.,(4,1,4),(0.,0.0149372053074678,0.028059621521497),
 .UNSPECIFIED.);
#1665=B_SPLINE_CURVE_WITH_KNOTS('',3,(#7322,#7323,#7324,#7325,#7326),
 .UNSPECIFIED.,.F.,.F.,(4,1,4),(0.,0.0149372053074678,0.028059621521497),
 .UNSPECIFIED.);
#1666=B_SPLINE_CURVE_WITH_KNOTS('',3,(#7343,#7344,#7345,#7346,#7347),
 .UNSPECIFIED.,.F.,.F.,(4,1,4),(0.,0.00712019530030997,0.0162389647018056),
 .UNSPECIFIED.);
#1667=B_SPLINE_CURVE_WITH_KNOTS('',3,(#7348,#7349,#7350,#7351,#7352),
 .UNSPECIFIED.,.F.,.F.,(4,1,4),(0.,0.00712019530030997,0.0162389647018056),
 .UNSPECIFIED.);
#1668=B_SPLINE_CURVE_WITH_KNOTS('',3,(#7386,#7387,#7388,#7389,#7390),
 .UNSPECIFIED.,.F.,.F.,(4,1,4),(0.,0.0256823703766011,0.0517166056908907),
 .UNSPECIFIED.);
#1669=B_SPLINE_CURVE_WITH_KNOTS('',3,(#7393,#7394,#7395,#7396,#7397),
 .UNSPECIFIED.,.F.,.F.,(4,1,4),(0.,0.0256823703766011,0.0517166056908907),
 .UNSPECIFIED.);
#1670=B_SPLINE_CURVE_WITH_KNOTS('',3,(#7409,#7410,#7411,#7412,#7413),
 .UNSPECIFIED.,.F.,.F.,(4,1,4),(0.,0.0268077041830256,0.0515880264319201),
 .UNSPECIFIED.);
#1671=B_SPLINE_CURVE_WITH_KNOTS('',3,(#7416,#7417,#7418,#7419,#7420),
 .UNSPECIFIED.,.F.,.F.,(4,1,4),(0.,0.0268077041830256,0.0515880264319201),
 .UNSPECIFIED.);
#1672=B_SPLINE_CURVE_WITH_KNOTS('',3,(#7511,#7512,#7513,#7514),
 .UNSPECIFIED.,.F.,.F.,(4,4),(1.16738558131324,1.19187796369336),
 .UNSPECIFIED.);
#1673=B_SPLINE_CURVE_WITH_KNOTS('',3,(#7518,#7519,#7520,#7521),
 .UNSPECIFIED.,.F.,.F.,(4,4),(0.,0.0417259951336543),.UNSPECIFIED.);
#1674=B_SPLINE_CURVE_WITH_KNOTS('',3,(#7523,#7524,#7525,#7526),
 .UNSPECIFIED.,.F.,.F.,(4,4),(0.0226922677742693,0.13528453483271),
 .UNSPECIFIED.);
#1675=B_SPLINE_CURVE_WITH_KNOTS('',3,(#7528,#7529,#7530,#7531),
 .UNSPECIFIED.,.F.,.F.,(4,4),(0.0866249372677094,0.171919302866871),
 .UNSPECIFIED.);
#1676=B_SPLINE_CURVE_WITH_KNOTS('',3,(#7533,#7534,#7535,#7536),
 .UNSPECIFIED.,.F.,.F.,(4,4),(0.134568710425294,0.205879416428057),
 .UNSPECIFIED.);
#1677=B_SPLINE_CURVE_WITH_KNOTS('',3,(#7538,#7539,#7540,#7541,#7542,#7543),
 .UNSPECIFIED.,.F.,.F.,(4,2,4),(0.0121776290443125,0.297282693177421,0.595079264254309),
 .UNSPECIFIED.);
#1678=B_SPLINE_CURVE_WITH_KNOTS('',3,(#7545,#7546,#7547,#7548),
 .UNSPECIFIED.,.F.,.F.,(4,4),(0.800464356061977,1.53800787401315),
 .UNSPECIFIED.);
#1679=B_SPLINE_CURVE_WITH_KNOTS('',3,(#7550,#7551,#7552,#7553,#7554,#7555,
#7556,#7557),.UNSPECIFIED.,.F.,.F.,(4,2,2,4),(-0.576958253912665,-0.303781673919605,
0.,0.00138504220787568),.UNSPECIFIED.);
#1680=B_SPLINE_CURVE_WITH_KNOTS('',3,(#7559,#7560,#7561,#7562),
 .UNSPECIFIED.,.F.,.F.,(4,4),(0.773183686648513,1.0296437132111),
 .UNSPECIFIED.);
#1681=B_SPLINE_CURVE_WITH_KNOTS('',3,(#7564,#7565,#7566,#7567),
 .UNSPECIFIED.,.F.,.F.,(4,4),(1.02929507998644,1.06700186748619),
 .UNSPECIFIED.);
#1682=B_SPLINE_CURVE_WITH_KNOTS('',3,(#7569,#7570,#7571,#7572),
 .UNSPECIFIED.,.F.,.F.,(4,4),(1.04757570692923,1.13595876864055),
 .UNSPECIFIED.);
#1683=B_SPLINE_CURVE_WITH_KNOTS('',3,(#7573,#7574,#7575,#7576),
 .UNSPECIFIED.,.F.,.F.,(4,4),(1.13799700129756,1.16585979764123),
 .UNSPECIFIED.);
#1684=B_SPLINE_CURVE_WITH_KNOTS('',3,(#7582,#7583,#7584,#7585,#7586),
 .UNSPECIFIED.,.F.,.F.,(4,1,4),(2.49962174372943,2.77277797993602,2.98726655896548),
 .UNSPECIFIED.);
#1685=B_SPLINE_CURVE_WITH_KNOTS('',3,(#7635,#7636,#7637,#7638,#7639,#7640,
#7641,#7642),.UNSPECIFIED.,.F.,.F.,(4,2,2,4),(-1.12836172763056,-1.11053117186325,
-1.06428648576612,-0.976301326409331),.UNSPECIFIED.);
#1686=B_SPLINE_CURVE_WITH_KNOTS('',3,(#7644,#7645,#7646,#7647),
 .UNSPECIFIED.,.F.,.F.,(4,4),(3.0745588292874,3.13704982822302),
 .UNSPECIFIED.);
#1687=B_SPLINE_CURVE_WITH_KNOTS('',3,(#7653,#7654,#7655,#7656),
 .UNSPECIFIED.,.F.,.F.,(4,4),(0.,0.0254876976575845),.UNSPECIFIED.);
#1688=B_SPLINE_CURVE_WITH_KNOTS('',3,(#7658,#7659,#7660,#7661),
 .UNSPECIFIED.,.F.,.F.,(4,4),(0.0351837458912061,0.0689386370866896),
 .UNSPECIFIED.);
#1689=B_SPLINE_CURVE_WITH_KNOTS('',3,(#7662,#7663,#7664,#7665),
 .UNSPECIFIED.,.F.,.F.,(4,4),(1.27367314597553,1.28812098809874),
 .UNSPECIFIED.);
#1690=B_SPLINE_CURVE_WITH_KNOTS('',3,(#7672,#7673,#7674,#7675),
 .UNSPECIFIED.,.F.,.F.,(4,4),(3.20745411708166,3.28001875913583),
 .UNSPECIFIED.);
#1691=B_SPLINE_CURVE_WITH_KNOTS('',3,(#7719,#7720,#7721,#7722),
 .UNSPECIFIED.,.F.,.F.,(4,4),(1.28427727928923,1.3042289630955),
 .UNSPECIFIED.);
#1692=B_SPLINE_CURVE_WITH_KNOTS('',3,(#7725,#7726,#7727,#7728,#7729,#7730,
#7731,#7732),.UNSPECIFIED.,.F.,.F.,(4,2,2,4),(0.,0.291860600565219,0.729753303592389,
0.863131726545512),.UNSPECIFIED.);
#1693=B_SPLINE_CURVE_WITH_KNOTS('',3,(#7734,#7735,#7736,#7737,#7738,#7739,
#7740,#7741),.UNSPECIFIED.,.F.,.F.,(4,2,2,4),(0.201983198197967,0.311721858122932,
0.623384638836165,0.698759593645485),.UNSPECIFIED.);
#1694=B_SPLINE_CURVE_WITH_KNOTS('',3,(#7743,#7744,#7745,#7746),
 .UNSPECIFIED.,.F.,.F.,(4,4),(0.585795514842375,0.607916125554791),
 .UNSPECIFIED.);
#1695=B_SPLINE_CURVE_WITH_KNOTS('',3,(#7748,#7749,#7750,#7751),
 .UNSPECIFIED.,.F.,.F.,(4,4),(0.601377348574578,0.707522181900661),
 .UNSPECIFIED.);
#1696=B_SPLINE_CURVE_WITH_KNOTS('',3,(#7753,#7754,#7755,#7756),
 .UNSPECIFIED.,.F.,.F.,(4,4),(0.70222311139998,0.760427514622773),
 .UNSPECIFIED.);
#1697=B_SPLINE_CURVE_WITH_KNOTS('',3,(#7758,#7759,#7760,#7761),
 .UNSPECIFIED.,.F.,.F.,(4,4),(0.754020949305192,0.925767397842252),
 .UNSPECIFIED.);
#1698=B_SPLINE_CURVE_WITH_KNOTS('',3,(#7763,#7764,#7765,#7766),
 .UNSPECIFIED.,.F.,.F.,(4,4),(0.91914884298887,0.920977983694228),
 .UNSPECIFIED.);
#1699=B_SPLINE_CURVE_WITH_KNOTS('',3,(#7768,#7769,#7770,#7771),
 .UNSPECIFIED.,.F.,.F.,(4,4),(0.914334732647117,1.17200489982302),
 .UNSPECIFIED.);
#1700=B_SPLINE_CURVE_WITH_KNOTS('',3,(#7773,#7774,#7775,#7776),
 .UNSPECIFIED.,.F.,.F.,(4,4),(1.04118759913179,1.04686736578177),
 .UNSPECIFIED.);
#1701=B_SPLINE_CURVE_WITH_KNOTS('',3,(#7778,#7779,#7780,#7781),
 .UNSPECIFIED.,.F.,.F.,(4,4),(1.01088328142092,1.04516085631969),
 .UNSPECIFIED.);
#1702=B_SPLINE_CURVE_WITH_KNOTS('',3,(#7783,#7784,#7785,#7786),
 .UNSPECIFIED.,.F.,.F.,(4,4),(0.967988991062103,0.99289273425601),
 .UNSPECIFIED.);
#1703=B_SPLINE_CURVE_WITH_KNOTS('',3,(#7788,#7789,#7790,#7791),
 .UNSPECIFIED.,.F.,.F.,(4,4),(1.0586452203368,1.08980425936956),
 .UNSPECIFIED.);
#1704=B_SPLINE_CURVE_WITH_KNOTS('',3,(#7793,#7794,#7795,#7796),
 .UNSPECIFIED.,.F.,.F.,(4,4),(1.09479827705821,1.1014368508189),
 .UNSPECIFIED.);
#1705=B_SPLINE_CURVE_WITH_KNOTS('',3,(#7798,#7799,#7800,#7801),
 .UNSPECIFIED.,.F.,.F.,(4,4),(1.10722105853614,1.13336012205721),
 .UNSPECIFIED.);
#1706=B_SPLINE_CURVE_WITH_KNOTS('',3,(#7803,#7804,#7805,#7806),
 .UNSPECIFIED.,.F.,.F.,(4,4),(1.14679291103936,1.15093467686167),
 .UNSPECIFIED.);
#1707=B_SPLINE_CURVE_WITH_KNOTS('',3,(#7808,#7809,#7810,#7811),
 .UNSPECIFIED.,.F.,.F.,(4,4),(1.28652922674013,1.31804103484729),
 .UNSPECIFIED.);
#1708=B_SPLINE_CURVE_WITH_KNOTS('',3,(#7812,#7813,#7814,#7815),
 .UNSPECIFIED.,.F.,.F.,(4,4),(1.34682201594052,1.35107149679359),
 .UNSPECIFIED.);
#1709=B_SPLINE_CURVE_WITH_KNOTS('',3,(#7848,#7849,#7850,#7851),
 .UNSPECIFIED.,.F.,.F.,(4,4),(0.,1.),.UNSPECIFIED.);
#1710=B_SPLINE_CURVE_WITH_KNOTS('',3,(#7853,#7854,#7855,#7856),
 .UNSPECIFIED.,.F.,.F.,(4,4),(0.,1.),.UNSPECIFIED.);
#1711=B_SPLINE_CURVE_WITH_KNOTS('',3,(#7977,#7978,#7979,#7980,#7981,#7982),
 .UNSPECIFIED.,.F.,.F.,(4,2,4),(0.254718610257878,0.298815162944111,0.518266732117139),
 .UNSPECIFIED.);
#1712=B_SPLINE_CURVE_WITH_KNOTS('',3,(#7984,#7985,#7986,#7987,#7988,#7989,
#7990,#7991,#7992,#7993),.UNSPECIFIED.,.F.,.F.,(4,2,2,2,4),(0.0121212914132759,
0.0479064801051167,0.121355590815565,0.183276306573425,0.241659196990908),
 .UNSPECIFIED.);
#1713=B_SPLINE_CURVE_WITH_KNOTS('',3,(#7995,#7996,#7997,#7998),
 .UNSPECIFIED.,.F.,.F.,(4,4),(0.,0.0117817239082217),.UNSPECIFIED.);
#1714=B_SPLINE_CURVE_WITH_KNOTS('',3,(#8018,#8019,#8020,#8021,#8022,#8023,
#8024,#8025,#8026,#8027,#8028,#8029,#8030),.UNSPECIFIED.,.F.,.F.,(4,3,3,
3,4),(0.,0.0244343261002659,0.0367458657273872,0.0572458096842189,0.0817379914898424),
 .UNSPECIFIED.);
#1715=B_SPLINE_CURVE_WITH_KNOTS('',3,(#8049,#8050,#8051,#8052,#8053,#8054),
 .UNSPECIFIED.,.F.,.F.,(4,2,4),(0.,0.0262055721555633,0.0512098032856101),
 .UNSPECIFIED.);
#1716=B_SPLINE_CURVE_WITH_KNOTS('',3,(#8422,#8423,#8424,#8425,#8426,#8427),
 .UNSPECIFIED.,.F.,.F.,(4,2,4),(-0.00467765685704931,0.,0.0700277549713204),
 .UNSPECIFIED.);
#1717=B_SPLINE_CURVE_WITH_KNOTS('',3,(#8432,#8433,#8434,#8435,#8436,#8437,
#8438),.UNSPECIFIED.,.F.,.F.,(4,3,4),(0.0499404552582026,0.0532542969059412,
0.0952374750013416),.UNSPECIFIED.);
#1718=VERTEX_POINT('',#5548);
#1719=VERTEX_POINT('',#5549);
#1720=VERTEX_POINT('',#5554);
#1721=VERTEX_POINT('',#5556);
#1722=VERTEX_POINT('',#5560);
#1723=VERTEX_POINT('',#5565);
#1724=VERTEX_POINT('',#5567);
#1725=VERTEX_POINT('',#5571);
#1726=VERTEX_POINT('',#5576);
#1727=VERTEX_POINT('',#5580);
#1728=VERTEX_POINT('',#5585);
#1729=VERTEX_POINT('',#5587);
#1730=VERTEX_POINT('',#5591);
#1731=VERTEX_POINT('',#5593);
#1732=VERTEX_POINT('',#5600);
#1733=VERTEX_POINT('',#5622);
#1734=VERTEX_POINT('',#5624);
#1735=VERTEX_POINT('',#5635);
#1736=VERTEX_POINT('',#5637);
#1737=VERTEX_POINT('',#5650);
#1738=VERTEX_POINT('',#5651);
#1739=VERTEX_POINT('',#5653);
#1740=VERTEX_POINT('',#5655);
#1741=VERTEX_POINT('',#5657);
#1742=VERTEX_POINT('',#5671);
#1743=VERTEX_POINT('',#5717);
#1744=VERTEX_POINT('',#5720);
#1745=VERTEX_POINT('',#5722);
#1746=VERTEX_POINT('',#5724);
#1747=VERTEX_POINT('',#5726);
#1748=VERTEX_POINT('',#5775);
#1749=VERTEX_POINT('',#5786);
#1750=VERTEX_POINT('',#5799);
#1751=VERTEX_POINT('',#5803);
#1752=VERTEX_POINT('',#5833);
#1753=VERTEX_POINT('',#5835);
#1754=VERTEX_POINT('',#5848);
#1755=VERTEX_POINT('',#5849);
#1756=VERTEX_POINT('',#5855);
#1757=VERTEX_POINT('',#5857);
#1758=VERTEX_POINT('',#5874);
#1759=VERTEX_POINT('',#5880);
#1760=VERTEX_POINT('',#5897);
#1761=VERTEX_POINT('',#5903);
#1762=VERTEX_POINT('',#5920);
#1763=VERTEX_POINT('',#5926);
#1764=VERTEX_POINT('',#5943);
#1765=VERTEX_POINT('',#5949);
#1766=VERTEX_POINT('',#5966);
#1767=VERTEX_POINT('',#5972);
#1768=VERTEX_POINT('',#5989);
#1769=VERTEX_POINT('',#5995);
#1770=VERTEX_POINT('',#6012);
#1771=VERTEX_POINT('',#6018);
#1772=VERTEX_POINT('',#6035);
#1773=VERTEX_POINT('',#6041);
#1774=VERTEX_POINT('',#6058);
#1775=VERTEX_POINT('',#6064);
#1776=VERTEX_POINT('',#6081);
#1777=VERTEX_POINT('',#6087);
#1778=VERTEX_POINT('',#6104);
#1779=VERTEX_POINT('',#6110);
#1780=VERTEX_POINT('',#6127);
#1781=VERTEX_POINT('',#6133);
#1782=VERTEX_POINT('',#6150);
#1783=VERTEX_POINT('',#6156);
#1784=VERTEX_POINT('',#6164);
#1785=VERTEX_POINT('',#6166);
#1786=VERTEX_POINT('',#6179);
#1787=VERTEX_POINT('',#6185);
#1788=VERTEX_POINT('',#6202);
#1789=VERTEX_POINT('',#6208);
#1790=VERTEX_POINT('',#6225);
#1791=VERTEX_POINT('',#6231);
#1792=VERTEX_POINT('',#6248);
#1793=VERTEX_POINT('',#6254);
#1794=VERTEX_POINT('',#6271);
#1795=VERTEX_POINT('',#6277);
#1796=VERTEX_POINT('',#6294);
#1797=VERTEX_POINT('',#6300);
#1798=VERTEX_POINT('',#6317);
#1799=VERTEX_POINT('',#6323);
#1800=VERTEX_POINT('',#6340);
#1801=VERTEX_POINT('',#6346);
#1802=VERTEX_POINT('',#6363);
#1803=VERTEX_POINT('',#6369);
#1804=VERTEX_POINT('',#6386);
#1805=VERTEX_POINT('',#6392);
#1806=VERTEX_POINT('',#6409);
#1807=VERTEX_POINT('',#6415);
#1808=VERTEX_POINT('',#6432);
#1809=VERTEX_POINT('',#6438);
#1810=VERTEX_POINT('',#6455);
#1811=VERTEX_POINT('',#6461);
#1812=VERTEX_POINT('',#6478);
#1813=VERTEX_POINT('',#6484);
#1814=VERTEX_POINT('',#6501);
#1815=VERTEX_POINT('',#6507);
#1816=VERTEX_POINT('',#6524);
#1817=VERTEX_POINT('',#6530);
#1818=VERTEX_POINT('',#6538);
#1819=VERTEX_POINT('',#6540);
#1820=VERTEX_POINT('',#6565);
#1821=VERTEX_POINT('',#6566);
#1822=VERTEX_POINT('',#6568);
#1823=VERTEX_POINT('',#6570);
#1824=VERTEX_POINT('',#6583);
#1825=VERTEX_POINT('',#6589);
#1826=VERTEX_POINT('',#6606);
#1827=VERTEX_POINT('',#6612);
#1828=VERTEX_POINT('',#6620);
#1829=VERTEX_POINT('',#6622);
#1830=VERTEX_POINT('',#6635);
#1831=VERTEX_POINT('',#6641);
#1832=VERTEX_POINT('',#6658);
#1833=VERTEX_POINT('',#6664);
#1834=VERTEX_POINT('',#6672);
#1835=VERTEX_POINT('',#6674);
#1836=VERTEX_POINT('',#6678);
#1837=VERTEX_POINT('',#6680);
#1838=VERTEX_POINT('',#6697);
#1839=VERTEX_POINT('',#6698);
#1840=VERTEX_POINT('',#6704);
#1841=VERTEX_POINT('',#6706);
#1842=VERTEX_POINT('',#6723);
#1843=VERTEX_POINT('',#6729);
#1844=VERTEX_POINT('',#6746);
#1845=VERTEX_POINT('',#6752);
#1846=VERTEX_POINT('',#6760);
#1847=VERTEX_POINT('',#6762);
#1848=VERTEX_POINT('',#6795);
#1849=VERTEX_POINT('',#6796);
#1850=VERTEX_POINT('',#6802);
#1851=VERTEX_POINT('',#6804);
#1852=VERTEX_POINT('',#6821);
#1853=VERTEX_POINT('',#6827);
#1854=VERTEX_POINT('',#6844);
#1855=VERTEX_POINT('',#6850);
#1856=VERTEX_POINT('',#6858);
#1857=VERTEX_POINT('',#6860);
#1858=VERTEX_POINT('',#6873);
#1859=VERTEX_POINT('',#6879);
#1860=VERTEX_POINT('',#6896);
#1861=VERTEX_POINT('',#6902);
#1862=VERTEX_POINT('',#6919);
#1863=VERTEX_POINT('',#6925);
#1864=VERTEX_POINT('',#6942);
#1865=VERTEX_POINT('',#6948);
#1866=VERTEX_POINT('',#6965);
#1867=VERTEX_POINT('',#6971);
#1868=VERTEX_POINT('',#6988);
#1869=VERTEX_POINT('',#6994);
#1870=VERTEX_POINT('',#7011);
#1871=VERTEX_POINT('',#7017);
#1872=VERTEX_POINT('',#7034);
#1873=VERTEX_POINT('',#7040);
#1874=VERTEX_POINT('',#7057);
#1875=VERTEX_POINT('',#7063);
#1876=VERTEX_POINT('',#7071);
#1877=VERTEX_POINT('',#7073);
#1878=VERTEX_POINT('',#7107);
#1879=VERTEX_POINT('',#7108);
#1880=VERTEX_POINT('',#7114);
#1881=VERTEX_POINT('',#7116);
#1882=VERTEX_POINT('',#7133);
#1883=VERTEX_POINT('',#7139);
#1884=VERTEX_POINT('',#7156);
#1885=VERTEX_POINT('',#7162);
#1886=VERTEX_POINT('',#7170);
#1887=VERTEX_POINT('',#7172);
#1888=VERTEX_POINT('',#7176);
#1889=VERTEX_POINT('',#7178);
#1890=VERTEX_POINT('',#7182);
#1891=VERTEX_POINT('',#7184);
#1892=VERTEX_POINT('',#7188);
#1893=VERTEX_POINT('',#7190);
#1894=VERTEX_POINT('',#7194);
#1895=VERTEX_POINT('',#7196);
#1896=VERTEX_POINT('',#7200);
#1897=VERTEX_POINT('',#7202);
#1898=VERTEX_POINT('',#7206);
#1899=VERTEX_POINT('',#7208);
#1900=VERTEX_POINT('',#7212);
#1901=VERTEX_POINT('',#7214);
#1902=VERTEX_POINT('',#7218);
#1903=VERTEX_POINT('',#7220);
#1904=VERTEX_POINT('',#7224);
#1905=VERTEX_POINT('',#7226);
#1906=VERTEX_POINT('',#7230);
#1907=VERTEX_POINT('',#7232);
#1908=VERTEX_POINT('',#7245);
#1909=VERTEX_POINT('',#7251);
#1910=VERTEX_POINT('',#7268);
#1911=VERTEX_POINT('',#7274);
#1912=VERTEX_POINT('',#7291);
#1913=VERTEX_POINT('',#7297);
#1914=VERTEX_POINT('',#7314);
#1915=VERTEX_POINT('',#7320);
#1916=VERTEX_POINT('',#7328);
#1917=VERTEX_POINT('',#7330);
#1918=VERTEX_POINT('',#7355);
#1919=VERTEX_POINT('',#7356);
#1920=VERTEX_POINT('',#7358);
#1921=VERTEX_POINT('',#7360);
#1922=VERTEX_POINT('',#7364);
#1923=VERTEX_POINT('',#7366);
#1924=VERTEX_POINT('',#7370);
#1925=VERTEX_POINT('',#7372);
#1926=VERTEX_POINT('',#7385);
#1927=VERTEX_POINT('',#7391);
#1928=VERTEX_POINT('',#7408);
#1929=VERTEX_POINT('',#7414);
#1930=VERTEX_POINT('',#7422);
#1931=VERTEX_POINT('',#7424);
#1932=VERTEX_POINT('',#7428);
#1933=VERTEX_POINT('',#7430);
#1934=VERTEX_POINT('',#7434);
#1935=VERTEX_POINT('',#7436);
#1936=VERTEX_POINT('',#7444);
#1937=VERTEX_POINT('',#7445);
#1938=VERTEX_POINT('',#7447);
#1939=VERTEX_POINT('',#7449);
#1940=VERTEX_POINT('',#7453);
#1941=VERTEX_POINT('',#7455);
#1942=VERTEX_POINT('',#7459);
#1943=VERTEX_POINT('',#7461);
#1944=VERTEX_POINT('',#7465);
#1945=VERTEX_POINT('',#7467);
#1946=VERTEX_POINT('',#7471);
#1947=VERTEX_POINT('',#7473);
#1948=VERTEX_POINT('',#7477);
#1949=VERTEX_POINT('',#7479);
#1950=VERTEX_POINT('',#7483);
#1951=VERTEX_POINT('',#7485);
#1952=VERTEX_POINT('',#7509);
#1953=VERTEX_POINT('',#7510);
#1954=VERTEX_POINT('',#7515);
#1955=VERTEX_POINT('',#7517);
#1956=VERTEX_POINT('',#7522);
#1957=VERTEX_POINT('',#7527);
#1958=VERTEX_POINT('',#7532);
#1959=VERTEX_POINT('',#7537);
#1960=VERTEX_POINT('',#7544);
#1961=VERTEX_POINT('',#7549);
#1962=VERTEX_POINT('',#7558);
#1963=VERTEX_POINT('',#7563);
#1964=VERTEX_POINT('',#7568);
#1965=VERTEX_POINT('',#7578);
#1966=VERTEX_POINT('',#7579);
#1967=VERTEX_POINT('',#7581);
#1968=VERTEX_POINT('',#7587);
#1969=VERTEX_POINT('',#7589);
#1970=VERTEX_POINT('',#7591);
#1971=VERTEX_POINT('',#7593);
#1972=VERTEX_POINT('',#7595);
#1973=VERTEX_POINT('',#7597);
#1974=VERTEX_POINT('',#7599);
#1975=VERTEX_POINT('',#7601);
#1976=VERTEX_POINT('',#7603);
#1977=VERTEX_POINT('',#7605);
#1978=VERTEX_POINT('',#7607);
#1979=VERTEX_POINT('',#7643);
#1980=VERTEX_POINT('',#7648);
#1981=VERTEX_POINT('',#7650);
#1982=VERTEX_POINT('',#7652);
#1983=VERTEX_POINT('',#7657);
#1984=VERTEX_POINT('',#7667);
#1985=VERTEX_POINT('',#7669);
#1986=VERTEX_POINT('',#7671);
#1987=VERTEX_POINT('',#7717);
#1988=VERTEX_POINT('',#7718);
#1989=VERTEX_POINT('',#7724);
#1990=VERTEX_POINT('',#7733);
#1991=VERTEX_POINT('',#7742);
#1992=VERTEX_POINT('',#7747);
#1993=VERTEX_POINT('',#7752);
#1994=VERTEX_POINT('',#7757);
#1995=VERTEX_POINT('',#7762);
#1996=VERTEX_POINT('',#7767);
#1997=VERTEX_POINT('',#7772);
#1998=VERTEX_POINT('',#7777);
#1999=VERTEX_POINT('',#7782);
#2000=VERTEX_POINT('',#7787);
#2001=VERTEX_POINT('',#7792);
#2002=VERTEX_POINT('',#7797);
#2003=VERTEX_POINT('',#7802);
#2004=VERTEX_POINT('',#7807);
#2005=VERTEX_POINT('',#7817);
#2006=VERTEX_POINT('',#7818);
#2007=VERTEX_POINT('',#7820);
#2008=VERTEX_POINT('',#7822);
#2009=VERTEX_POINT('',#7826);
#2010=VERTEX_POINT('',#7828);
#2011=VERTEX_POINT('',#7830);
#2012=VERTEX_POINT('',#7836);
#2013=VERTEX_POINT('',#7838);
#2014=VERTEX_POINT('',#7841);
#2015=VERTEX_POINT('',#7843);
#2016=VERTEX_POINT('',#7845);
#2017=VERTEX_POINT('',#7847);
#2018=VERTEX_POINT('',#7852);
#2019=VERTEX_POINT('',#7857);
#2020=VERTEX_POINT('',#7859);
#2021=VERTEX_POINT('',#7861);
#2022=VERTEX_POINT('',#7863);
#2023=VERTEX_POINT('',#7865);
#2024=VERTEX_POINT('',#7867);
#2025=VERTEX_POINT('',#7869);
#2026=VERTEX_POINT('',#7871);
#2027=VERTEX_POINT('',#7873);
#2028=VERTEX_POINT('',#7875);
#2029=VERTEX_POINT('',#7877);
#2030=VERTEX_POINT('',#7879);
#2031=VERTEX_POINT('',#7881);
#2032=VERTEX_POINT('',#7883);
#2033=VERTEX_POINT('',#7885);
#2034=VERTEX_POINT('',#7887);
#2035=VERTEX_POINT('',#7889);
#2036=VERTEX_POINT('',#7891);
#2037=VERTEX_POINT('',#7893);
#2038=VERTEX_POINT('',#7895);
#2039=VERTEX_POINT('',#7897);
#2040=VERTEX_POINT('',#7899);
#2041=VERTEX_POINT('',#7901);
#2042=VERTEX_POINT('',#7903);
#2043=VERTEX_POINT('',#7905);
#2044=VERTEX_POINT('',#7907);
#2045=VERTEX_POINT('',#7909);
#2046=VERTEX_POINT('',#7911);
#2047=VERTEX_POINT('',#7913);
#2048=VERTEX_POINT('',#7915);
#2049=VERTEX_POINT('',#7917);
#2050=VERTEX_POINT('',#7919);
#2051=VERTEX_POINT('',#7921);
#2052=VERTEX_POINT('',#7923);
#2053=VERTEX_POINT('',#7925);
#2054=VERTEX_POINT('',#7927);
#2055=VERTEX_POINT('',#7929);
#2056=VERTEX_POINT('',#7931);
#2057=VERTEX_POINT('',#7933);
#2058=VERTEX_POINT('',#7935);
#2059=VERTEX_POINT('',#7939);
#2060=VERTEX_POINT('',#7941);
#2061=VERTEX_POINT('',#7944);
#2062=VERTEX_POINT('',#7946);
#2063=VERTEX_POINT('',#7954);
#2064=VERTEX_POINT('',#7975);
#2065=VERTEX_POINT('',#7976);
#2066=VERTEX_POINT('',#7983);
#2067=VERTEX_POINT('',#7994);
#2068=VERTEX_POINT('',#8017);
#2069=VERTEX_POINT('',#8048);
#2070=VERTEX_POINT('',#8055);
#2071=VERTEX_POINT('',#8074);
#2072=VERTEX_POINT('',#8078);
#2073=VERTEX_POINT('',#8082);
#2074=VERTEX_POINT('',#8086);
#2075=VERTEX_POINT('',#8090);
#2076=VERTEX_POINT('',#8094);
#2077=VERTEX_POINT('',#8098);
#2078=VERTEX_POINT('',#8102);
#2079=VERTEX_POINT('',#8106);
#2080=VERTEX_POINT('',#8110);
#2081=VERTEX_POINT('',#8114);
#2082=VERTEX_POINT('',#8118);
#2083=VERTEX_POINT('',#8122);
#2084=VERTEX_POINT('',#8126);
#2085=VERTEX_POINT('',#8130);
#2086=VERTEX_POINT('',#8134);
#2087=VERTEX_POINT('',#8138);
#2088=VERTEX_POINT('',#8142);
#2089=VERTEX_POINT('',#8146);
#2090=VERTEX_POINT('',#8150);
#2091=VERTEX_POINT('',#8154);
#2092=VERTEX_POINT('',#8158);
#2093=VERTEX_POINT('',#8162);
#2094=VERTEX_POINT('',#8166);
#2095=VERTEX_POINT('',#8170);
#2096=VERTEX_POINT('',#8174);
#2097=VERTEX_POINT('',#8178);
#2098=VERTEX_POINT('',#8182);
#2099=VERTEX_POINT('',#8186);
#2100=VERTEX_POINT('',#8190);
#2101=VERTEX_POINT('',#8194);
#2102=VERTEX_POINT('',#8198);
#2103=VERTEX_POINT('',#8202);
#2104=VERTEX_POINT('',#8206);
#2105=VERTEX_POINT('',#8210);
#2106=VERTEX_POINT('',#8214);
#2107=VERTEX_POINT('',#8218);
#2108=VERTEX_POINT('',#8222);
#2109=VERTEX_POINT('',#8226);
#2110=VERTEX_POINT('',#8230);
#2111=VERTEX_POINT('',#8234);
#2112=VERTEX_POINT('',#8240);
#2113=VERTEX_POINT('',#8244);
#2114=VERTEX_POINT('',#8248);
#2115=VERTEX_POINT('',#8252);
#2116=VERTEX_POINT('',#8256);
#2117=VERTEX_POINT('',#8260);
#2118=VERTEX_POINT('',#8264);
#2119=VERTEX_POINT('',#8268);
#2120=VERTEX_POINT('',#8272);
#2121=VERTEX_POINT('',#8276);
#2122=VERTEX_POINT('',#8280);
#2123=VERTEX_POINT('',#8284);
#2124=VERTEX_POINT('',#8288);
#2125=VERTEX_POINT('',#8292);
#2126=VERTEX_POINT('',#8296);
#2127=VERTEX_POINT('',#8300);
#2128=VERTEX_POINT('',#8304);
#2129=VERTEX_POINT('',#8308);
#2130=VERTEX_POINT('',#8312);
#2131=VERTEX_POINT('',#8316);
#2132=VERTEX_POINT('',#8320);
#2133=VERTEX_POINT('',#8324);
#2134=VERTEX_POINT('',#8328);
#2135=VERTEX_POINT('',#8332);
#2136=VERTEX_POINT('',#8336);
#2137=VERTEX_POINT('',#8340);
#2138=VERTEX_POINT('',#8344);
#2139=VERTEX_POINT('',#8348);
#2140=VERTEX_POINT('',#8352);
#2141=VERTEX_POINT('',#8356);
#2142=VERTEX_POINT('',#8360);
#2143=VERTEX_POINT('',#8364);
#2144=VERTEX_POINT('',#8368);
#2145=VERTEX_POINT('',#8372);
#2146=VERTEX_POINT('',#8376);
#2147=VERTEX_POINT('',#8380);
#2148=VERTEX_POINT('',#8384);
#2149=VERTEX_POINT('',#8388);
#2150=VERTEX_POINT('',#8392);
#2151=VERTEX_POINT('',#8396);
#2152=VERTEX_POINT('',#8400);
#2153=VERTEX_POINT('',#8404);
#2154=VERTEX_POINT('',#8420);
#2155=VERTEX_POINT('',#8421);
#2156=VERTEX_POINT('',#8428);
#2157=EDGE_CURVE('',#1718,#1719,#1541,.T.);
#2158=EDGE_CURVE('',#1718,#1720,#617,.T.);
#2159=EDGE_CURVE('',#1720,#1721,#618,.T.);
#2160=EDGE_CURVE('',#1719,#1721,#619,.T.);
#2161=EDGE_CURVE('',#1719,#1722,#1542,.T.);
#2162=EDGE_CURVE('',#1721,#1723,#620,.T.);
#2163=EDGE_CURVE('',#1724,#1723,#621,.T.);
#2164=EDGE_CURVE('',#1722,#1724,#622,.T.);
#2165=EDGE_CURVE('',#1725,#1718,#1543,.T.);
#2166=EDGE_CURVE('',#1725,#1726,#623,.T.);
#2167=EDGE_CURVE('',#1726,#1720,#624,.T.);
#2168=EDGE_CURVE('',#1727,#1725,#1544,.T.);
#2169=EDGE_CURVE('',#1728,#1727,#625,.T.);
#2170=EDGE_CURVE('',#1728,#1729,#626,.T.);
#2171=EDGE_CURVE('',#1729,#1726,#627,.T.);
#2172=EDGE_CURVE('',#1730,#1728,#628,.T.);
#2173=EDGE_CURVE('',#1730,#1731,#629,.T.);
#2174=EDGE_CURVE('',#1731,#1729,#630,.T.);
#2175=EDGE_CURVE('',#1724,#1730,#631,.T.);
#2176=EDGE_CURVE('',#1723,#1731,#632,.T.);
#2177=EDGE_CURVE('',#1732,#1732,#116,.T.);
#2178=EDGE_CURVE('',#1722,#1733,#633,.T.);
#2179=EDGE_CURVE('',#1734,#1733,#94,.T.);
#2180=EDGE_CURVE('',#1735,#1734,#634,.T.);
#2181=EDGE_CURVE('',#1735,#1736,#95,.T.);
#2182=EDGE_CURVE('',#1736,#1727,#635,.T.);
#2183=EDGE_CURVE('',#1737,#1738,#636,.T.);
#2184=EDGE_CURVE('',#1738,#1739,#117,.T.);
#2185=EDGE_CURVE('',#1740,#1739,#637,.T.);
#2186=EDGE_CURVE('',#1741,#1740,#1545,.T.);
#2187=EDGE_CURVE('',#1742,#1741,#118,.T.);
#2188=EDGE_CURVE('',#1737,#1742,#1546,.T.);
#2189=EDGE_CURVE('',#1737,#1738,#638,.T.);
#2190=EDGE_CURVE('',#1740,#1737,#1547,.T.);
#2191=EDGE_CURVE('',#1740,#1739,#639,.T.);
#2192=EDGE_CURVE('',#1739,#1738,#119,.T.);
#2193=EDGE_CURVE('',#1743,#1743,#120,.T.);
#2194=EDGE_CURVE('',#1741,#1744,#640,.T.);
#2195=EDGE_CURVE('',#1745,#1744,#641,.T.);
#2196=EDGE_CURVE('',#1746,#1745,#642,.T.);
#2197=EDGE_CURVE('',#1746,#1747,#643,.T.);
#2198=EDGE_CURVE('',#1747,#1742,#644,.T.);
#2199=EDGE_CURVE('',#1744,#1740,#96,.T.);
#2200=EDGE_CURVE('',#1737,#1748,#97,.T.);
#2201=EDGE_CURVE('',#1748,#1749,#645,.T.);
#2202=EDGE_CURVE('',#1740,#1749,#98,.T.);
#2203=EDGE_CURVE('',#1743,#1750,#646,.T.);
#2204=EDGE_CURVE('',#1750,#1750,#121,.T.);
#2205=EDGE_CURVE('',#1751,#1751,#122,.T.);
#2206=EDGE_CURVE('',#1751,#1732,#647,.T.);
#2207=EDGE_CURVE('',#1747,#1737,#99,.T.);
#2208=EDGE_CURVE('',#1752,#1736,#648,.T.);
#2209=EDGE_CURVE('',#1753,#1752,#649,.T.);
#2210=EDGE_CURVE('',#1733,#1753,#650,.T.);
#2211=EDGE_CURVE('',#1754,#1755,#1548,.T.);
#2212=EDGE_CURVE('',#1754,#1756,#651,.T.);
#2213=EDGE_CURVE('',#1756,#1757,#1549,.T.);
#2214=EDGE_CURVE('',#1755,#1757,#652,.T.);
#2215=EDGE_CURVE('',#1758,#1754,#1550,.T.);
#2216=EDGE_CURVE('',#1758,#1759,#653,.T.);
#2217=EDGE_CURVE('',#1759,#1756,#1551,.T.);
#2218=EDGE_CURVE('',#1760,#1758,#1552,.T.);
#2219=EDGE_CURVE('',#1760,#1761,#654,.T.);
#2220=EDGE_CURVE('',#1761,#1759,#1553,.T.);
#2221=EDGE_CURVE('',#1762,#1760,#1554,.T.);
#2222=EDGE_CURVE('',#1762,#1763,#655,.T.);
#2223=EDGE_CURVE('',#1763,#1761,#1555,.T.);
#2224=EDGE_CURVE('',#1764,#1762,#1556,.T.);
#2225=EDGE_CURVE('',#1764,#1765,#656,.T.);
#2226=EDGE_CURVE('',#1765,#1763,#1557,.T.);
#2227=EDGE_CURVE('',#1766,#1764,#1558,.T.);
#2228=EDGE_CURVE('',#1766,#1767,#657,.T.);
#2229=EDGE_CURVE('',#1767,#1765,#1559,.T.);
#2230=EDGE_CURVE('',#1768,#1766,#1560,.T.);
#2231=EDGE_CURVE('',#1768,#1769,#658,.T.);
#2232=EDGE_CURVE('',#1769,#1767,#1561,.T.);
#2233=EDGE_CURVE('',#1770,#1768,#1562,.T.);
#2234=EDGE_CURVE('',#1770,#1771,#659,.T.);
#2235=EDGE_CURVE('',#1771,#1769,#1563,.T.);
#2236=EDGE_CURVE('',#1772,#1770,#1564,.T.);
#2237=EDGE_CURVE('',#1772,#1773,#660,.T.);
#2238=EDGE_CURVE('',#1773,#1771,#1565,.T.);
#2239=EDGE_CURVE('',#1774,#1772,#1566,.T.);
#2240=EDGE_CURVE('',#1774,#1775,#661,.T.);
#2241=EDGE_CURVE('',#1775,#1773,#1567,.T.);
#2242=EDGE_CURVE('',#1776,#1774,#1568,.T.);
#2243=EDGE_CURVE('',#1776,#1777,#662,.T.);
#2244=EDGE_CURVE('',#1777,#1775,#1569,.T.);
#2245=EDGE_CURVE('',#1778,#1776,#1570,.T.);
#2246=EDGE_CURVE('',#1778,#1779,#663,.T.);
#2247=EDGE_CURVE('',#1779,#1777,#1571,.T.);
#2248=EDGE_CURVE('',#1780,#1778,#1572,.T.);
#2249=EDGE_CURVE('',#1780,#1781,#664,.T.);
#2250=EDGE_CURVE('',#1781,#1779,#1573,.T.);
#2251=EDGE_CURVE('',#1782,#1780,#1574,.T.);
#2252=EDGE_CURVE('',#1782,#1783,#665,.T.);
#2253=EDGE_CURVE('',#1783,#1781,#1575,.T.);
#2254=EDGE_CURVE('',#1784,#1782,#666,.T.);
#2255=EDGE_CURVE('',#1784,#1785,#667,.T.);
#2256=EDGE_CURVE('',#1785,#1783,#668,.T.);
#2257=EDGE_CURVE('',#1786,#1784,#1576,.T.);
#2258=EDGE_CURVE('',#1786,#1787,#669,.T.);
#2259=EDGE_CURVE('',#1787,#1785,#1577,.T.);
#2260=EDGE_CURVE('',#1788,#1786,#1578,.T.);
#2261=EDGE_CURVE('',#1788,#1789,#670,.T.);
#2262=EDGE_CURVE('',#1789,#1787,#1579,.T.);
#2263=EDGE_CURVE('',#1790,#1788,#1580,.T.);
#2264=EDGE_CURVE('',#1790,#1791,#671,.T.);
#2265=EDGE_CURVE('',#1791,#1789,#1581,.T.);
#2266=EDGE_CURVE('',#1792,#1790,#1582,.T.);
#2267=EDGE_CURVE('',#1792,#1793,#672,.T.);
#2268=EDGE_CURVE('',#1793,#1791,#1583,.T.);
#2269=EDGE_CURVE('',#1794,#1792,#1584,.T.);
#2270=EDGE_CURVE('',#1794,#1795,#673,.T.);
#2271=EDGE_CURVE('',#1795,#1793,#1585,.T.);
#2272=EDGE_CURVE('',#1796,#1794,#1586,.T.);
#2273=EDGE_CURVE('',#1796,#1797,#674,.T.);
#2274=EDGE_CURVE('',#1797,#1795,#1587,.T.);
#2275=EDGE_CURVE('',#1798,#1796,#1588,.T.);
#2276=EDGE_CURVE('',#1798,#1799,#675,.T.);
#2277=EDGE_CURVE('',#1799,#1797,#1589,.T.);
#2278=EDGE_CURVE('',#1800,#1798,#1590,.T.);
#2279=EDGE_CURVE('',#1800,#1801,#676,.T.);
#2280=EDGE_CURVE('',#1801,#1799,#1591,.T.);
#2281=EDGE_CURVE('',#1802,#1800,#1592,.T.);
#2282=EDGE_CURVE('',#1802,#1803,#677,.T.);
#2283=EDGE_CURVE('',#1803,#1801,#1593,.T.);
#2284=EDGE_CURVE('',#1804,#1802,#1594,.T.);
#2285=EDGE_CURVE('',#1804,#1805,#678,.T.);
#2286=EDGE_CURVE('',#1805,#1803,#1595,.T.);
#2287=EDGE_CURVE('',#1806,#1804,#1596,.T.);
#2288=EDGE_CURVE('',#1806,#1807,#679,.T.);
#2289=EDGE_CURVE('',#1807,#1805,#1597,.T.);
#2290=EDGE_CURVE('',#1808,#1806,#1598,.T.);
#2291=EDGE_CURVE('',#1808,#1809,#680,.T.);
#2292=EDGE_CURVE('',#1809,#1807,#1599,.T.);
#2293=EDGE_CURVE('',#1810,#1808,#1600,.T.);
#2294=EDGE_CURVE('',#1810,#1811,#681,.T.);
#2295=EDGE_CURVE('',#1811,#1809,#1601,.T.);
#2296=EDGE_CURVE('',#1812,#1810,#1602,.T.);
#2297=EDGE_CURVE('',#1812,#1813,#682,.T.);
#2298=EDGE_CURVE('',#1813,#1811,#1603,.T.);
#2299=EDGE_CURVE('',#1814,#1812,#1604,.T.);
#2300=EDGE_CURVE('',#1814,#1815,#683,.T.);
#2301=EDGE_CURVE('',#1815,#1813,#1605,.T.);
#2302=EDGE_CURVE('',#1816,#1814,#1606,.T.);
#2303=EDGE_CURVE('',#1816,#1817,#684,.T.);
#2304=EDGE_CURVE('',#1817,#1815,#1607,.T.);
#2305=EDGE_CURVE('',#1818,#1816,#685,.T.);
#2306=EDGE_CURVE('',#1818,#1819,#686,.T.);
#2307=EDGE_CURVE('',#1819,#1817,#687,.T.);
#2308=EDGE_CURVE('',#1755,#1818,#1608,.T.);
#2309=EDGE_CURVE('',#1757,#1819,#1609,.T.);
#2310=EDGE_CURVE('',#1820,#1821,#688,.T.);
#2311=EDGE_CURVE('',#1820,#1822,#689,.T.);
#2312=EDGE_CURVE('',#1822,#1823,#690,.T.);
#2313=EDGE_CURVE('',#1821,#1823,#691,.T.);
#2314=EDGE_CURVE('',#1824,#1820,#1610,.T.);
#2315=EDGE_CURVE('',#1824,#1825,#692,.T.);
#2316=EDGE_CURVE('',#1825,#1822,#1611,.T.);
#2317=EDGE_CURVE('',#1826,#1824,#1612,.T.);
#2318=EDGE_CURVE('',#1826,#1827,#693,.T.);
#2319=EDGE_CURVE('',#1827,#1825,#1613,.T.);
#2320=EDGE_CURVE('',#1828,#1826,#694,.T.);
#2321=EDGE_CURVE('',#1828,#1829,#695,.T.);
#2322=EDGE_CURVE('',#1829,#1827,#696,.T.);
#2323=EDGE_CURVE('',#1830,#1828,#1614,.T.);
#2324=EDGE_CURVE('',#1830,#1831,#697,.T.);
#2325=EDGE_CURVE('',#1831,#1829,#1615,.T.);
#2326=EDGE_CURVE('',#1832,#1830,#1616,.T.);
#2327=EDGE_CURVE('',#1832,#1833,#698,.T.);
#2328=EDGE_CURVE('',#1833,#1831,#1617,.T.);
#2329=EDGE_CURVE('',#1834,#1832,#699,.T.);
#2330=EDGE_CURVE('',#1834,#1835,#700,.T.);
#2331=EDGE_CURVE('',#1835,#1833,#701,.T.);
#2332=EDGE_CURVE('',#1836,#1834,#702,.T.);
#2333=EDGE_CURVE('',#1836,#1837,#703,.T.);
#2334=EDGE_CURVE('',#1837,#1835,#704,.T.);
#2335=EDGE_CURVE('',#1821,#1836,#705,.T.);
#2336=EDGE_CURVE('',#1823,#1837,#706,.T.);
#2337=EDGE_CURVE('',#1838,#1839,#1618,.T.);
#2338=EDGE_CURVE('',#1838,#1840,#707,.T.);
#2339=EDGE_CURVE('',#1840,#1841,#1619,.T.);
#2340=EDGE_CURVE('',#1839,#1841,#708,.T.);
#2341=EDGE_CURVE('',#1842,#1838,#1620,.T.);
#2342=EDGE_CURVE('',#1842,#1843,#709,.T.);
#2343=EDGE_CURVE('',#1843,#1840,#1621,.T.);
#2344=EDGE_CURVE('',#1844,#1842,#1622,.T.);
#2345=EDGE_CURVE('',#1844,#1845,#710,.T.);
#2346=EDGE_CURVE('',#1845,#1843,#1623,.T.);
#2347=EDGE_CURVE('',#1846,#1844,#711,.T.);
#2348=EDGE_CURVE('',#1846,#1847,#712,.T.);
#2349=EDGE_CURVE('',#1847,#1845,#713,.T.);
#2350=EDGE_CURVE('',#1839,#1846,#1624,.T.);
#2351=EDGE_CURVE('',#1841,#1847,#1625,.T.);
#2352=EDGE_CURVE('',#1848,#1849,#1626,.T.);
#2353=EDGE_CURVE('',#1848,#1850,#714,.T.);
#2354=EDGE_CURVE('',#1850,#1851,#1627,.T.);
#2355=EDGE_CURVE('',#1849,#1851,#715,.T.);
#2356=EDGE_CURVE('',#1852,#1848,#1628,.T.);
#2357=EDGE_CURVE('',#1852,#1853,#716,.T.);
#2358=EDGE_CURVE('',#1853,#1850,#1629,.T.);
#2359=EDGE_CURVE('',#1854,#1852,#1630,.T.);
#2360=EDGE_CURVE('',#1854,#1855,#717,.T.);
#2361=EDGE_CURVE('',#1855,#1853,#1631,.T.);
#2362=EDGE_CURVE('',#1856,#1854,#718,.T.);
#2363=EDGE_CURVE('',#1856,#1857,#719,.T.);
#2364=EDGE_CURVE('',#1857,#1855,#720,.T.);
#2365=EDGE_CURVE('',#1858,#1856,#1632,.T.);
#2366=EDGE_CURVE('',#1858,#1859,#721,.T.);
#2367=EDGE_CURVE('',#1859,#1857,#1633,.T.);
#2368=EDGE_CURVE('',#1860,#1858,#1634,.T.);
#2369=EDGE_CURVE('',#1860,#1861,#722,.T.);
#2370=EDGE_CURVE('',#1861,#1859,#1635,.T.);
#2371=EDGE_CURVE('',#1862,#1860,#1636,.T.);
#2372=EDGE_CURVE('',#1862,#1863,#723,.T.);
#2373=EDGE_CURVE('',#1863,#1861,#1637,.T.);
#2374=EDGE_CURVE('',#1864,#1862,#1638,.T.);
#2375=EDGE_CURVE('',#1864,#1865,#724,.T.);
#2376=EDGE_CURVE('',#1865,#1863,#1639,.T.);
#2377=EDGE_CURVE('',#1866,#1864,#1640,.T.);
#2378=EDGE_CURVE('',#1866,#1867,#725,.T.);
#2379=EDGE_CURVE('',#1867,#1865,#1641,.T.);
#2380=EDGE_CURVE('',#1868,#1866,#1642,.T.);
#2381=EDGE_CURVE('',#1868,#1869,#726,.T.);
#2382=EDGE_CURVE('',#1869,#1867,#1643,.T.);
#2383=EDGE_CURVE('',#1870,#1868,#1644,.T.);
#2384=EDGE_CURVE('',#1870,#1871,#727,.T.);
#2385=EDGE_CURVE('',#1871,#1869,#1645,.T.);
#2386=EDGE_CURVE('',#1872,#1870,#1646,.T.);
#2387=EDGE_CURVE('',#1872,#1873,#728,.T.);
#2388=EDGE_CURVE('',#1873,#1871,#1647,.T.);
#2389=EDGE_CURVE('',#1874,#1872,#1648,.T.);
#2390=EDGE_CURVE('',#1874,#1875,#729,.T.);
#2391=EDGE_CURVE('',#1875,#1873,#1649,.T.);
#2392=EDGE_CURVE('',#1876,#1874,#730,.T.);
#2393=EDGE_CURVE('',#1876,#1877,#731,.T.);
#2394=EDGE_CURVE('',#1877,#1875,#732,.T.);
#2395=EDGE_CURVE('',#1849,#1876,#1650,.T.);
#2396=EDGE_CURVE('',#1851,#1877,#1651,.T.);
#2397=EDGE_CURVE('',#1878,#1879,#1652,.T.);
#2398=EDGE_CURVE('',#1878,#1880,#733,.T.);
#2399=EDGE_CURVE('',#1880,#1881,#1653,.T.);
#2400=EDGE_CURVE('',#1879,#1881,#734,.T.);
#2401=EDGE_CURVE('',#1882,#1878,#1654,.T.);
#2402=EDGE_CURVE('',#1882,#1883,#735,.T.);
#2403=EDGE_CURVE('',#1883,#1880,#1655,.T.);
#2404=EDGE_CURVE('',#1884,#1882,#1656,.T.);
#2405=EDGE_CURVE('',#1884,#1885,#736,.T.);
#2406=EDGE_CURVE('',#1885,#1883,#1657,.T.);
#2407=EDGE_CURVE('',#1886,#1884,#737,.T.);
#2408=EDGE_CURVE('',#1886,#1887,#738,.T.);
#2409=EDGE_CURVE('',#1887,#1885,#739,.T.);
#2410=EDGE_CURVE('',#1888,#1886,#740,.T.);
#2411=EDGE_CURVE('',#1888,#1889,#741,.T.);
#2412=EDGE_CURVE('',#1889,#1887,#742,.T.);
#2413=EDGE_CURVE('',#1890,#1888,#743,.T.);
#2414=EDGE_CURVE('',#1890,#1891,#744,.T.);
#2415=EDGE_CURVE('',#1891,#1889,#745,.T.);
#2416=EDGE_CURVE('',#1892,#1890,#746,.T.);
#2417=EDGE_CURVE('',#1892,#1893,#747,.T.);
#2418=EDGE_CURVE('',#1893,#1891,#748,.T.);
#2419=EDGE_CURVE('',#1894,#1892,#749,.T.);
#2420=EDGE_CURVE('',#1894,#1895,#750,.T.);
#2421=EDGE_CURVE('',#1895,#1893,#751,.T.);
#2422=EDGE_CURVE('',#1896,#1894,#752,.T.);
#2423=EDGE_CURVE('',#1896,#1897,#753,.T.);
#2424=EDGE_CURVE('',#1897,#1895,#754,.T.);
#2425=EDGE_CURVE('',#1898,#1896,#755,.T.);
#2426=EDGE_CURVE('',#1898,#1899,#756,.T.);
#2427=EDGE_CURVE('',#1899,#1897,#757,.T.);
#2428=EDGE_CURVE('',#1900,#1898,#758,.T.);
#2429=EDGE_CURVE('',#1900,#1901,#759,.T.);
#2430=EDGE_CURVE('',#1901,#1899,#760,.T.);
#2431=EDGE_CURVE('',#1902,#1900,#761,.T.);
#2432=EDGE_CURVE('',#1902,#1903,#762,.T.);
#2433=EDGE_CURVE('',#1903,#1901,#763,.T.);
#2434=EDGE_CURVE('',#1904,#1902,#764,.T.);
#2435=EDGE_CURVE('',#1904,#1905,#765,.T.);
#2436=EDGE_CURVE('',#1905,#1903,#766,.T.);
#2437=EDGE_CURVE('',#1906,#1904,#767,.T.);
#2438=EDGE_CURVE('',#1906,#1907,#768,.T.);
#2439=EDGE_CURVE('',#1907,#1905,#769,.T.);
#2440=EDGE_CURVE('',#1908,#1906,#1658,.T.);
#2441=EDGE_CURVE('',#1908,#1909,#770,.T.);
#2442=EDGE_CURVE('',#1909,#1907,#1659,.T.);
#2443=EDGE_CURVE('',#1910,#1908,#1660,.T.);
#2444=EDGE_CURVE('',#1910,#1911,#771,.T.);
#2445=EDGE_CURVE('',#1911,#1909,#1661,.T.);
#2446=EDGE_CURVE('',#1912,#1910,#1662,.T.);
#2447=EDGE_CURVE('',#1912,#1913,#772,.T.);
#2448=EDGE_CURVE('',#1913,#1911,#1663,.T.);
#2449=EDGE_CURVE('',#1914,#1912,#1664,.T.);
#2450=EDGE_CURVE('',#1914,#1915,#773,.T.);
#2451=EDGE_CURVE('',#1915,#1913,#1665,.T.);
#2452=EDGE_CURVE('',#1916,#1914,#774,.T.);
#2453=EDGE_CURVE('',#1916,#1917,#775,.T.);
#2454=EDGE_CURVE('',#1917,#1915,#776,.T.);
#2455=EDGE_CURVE('',#1879,#1916,#1666,.T.);
#2456=EDGE_CURVE('',#1881,#1917,#1667,.T.);
#2457=EDGE_CURVE('',#1918,#1919,#777,.T.);
#2458=EDGE_CURVE('',#1918,#1920,#778,.T.);
#2459=EDGE_CURVE('',#1920,#1921,#779,.T.);
#2460=EDGE_CURVE('',#1919,#1921,#780,.T.);
#2461=EDGE_CURVE('',#1922,#1918,#781,.T.);
#2462=EDGE_CURVE('',#1922,#1923,#782,.T.);
#2463=EDGE_CURVE('',#1923,#1920,#783,.T.);
#2464=EDGE_CURVE('',#1924,#1922,#784,.T.);
#2465=EDGE_CURVE('',#1924,#1925,#785,.T.);
#2466=EDGE_CURVE('',#1925,#1923,#786,.T.);
#2467=EDGE_CURVE('',#1926,#1924,#1668,.T.);
#2468=EDGE_CURVE('',#1926,#1927,#787,.T.);
#2469=EDGE_CURVE('',#1927,#1925,#1669,.T.);
#2470=EDGE_CURVE('',#1928,#1926,#1670,.T.);
#2471=EDGE_CURVE('',#1928,#1929,#788,.T.);
#2472=EDGE_CURVE('',#1929,#1927,#1671,.T.);
#2473=EDGE_CURVE('',#1930,#1928,#789,.T.);
#2474=EDGE_CURVE('',#1930,#1931,#790,.T.);
#2475=EDGE_CURVE('',#1931,#1929,#791,.T.);
#2476=EDGE_CURVE('',#1932,#1930,#792,.T.);
#2477=EDGE_CURVE('',#1932,#1933,#793,.T.);
#2478=EDGE_CURVE('',#1933,#1931,#794,.T.);
#2479=EDGE_CURVE('',#1934,#1932,#795,.T.);
#2480=EDGE_CURVE('',#1934,#1935,#796,.T.);
#2481=EDGE_CURVE('',#1935,#1933,#797,.T.);
#2482=EDGE_CURVE('',#1919,#1934,#798,.T.);
#2483=EDGE_CURVE('',#1921,#1935,#799,.T.);
#2484=EDGE_CURVE('',#1936,#1937,#800,.T.);
#2485=EDGE_CURVE('',#1936,#1938,#801,.T.);
#2486=EDGE_CURVE('',#1938,#1939,#802,.T.);
#2487=EDGE_CURVE('',#1937,#1939,#803,.T.);
#2488=EDGE_CURVE('',#1940,#1936,#804,.T.);
#2489=EDGE_CURVE('',#1940,#1941,#805,.T.);
#2490=EDGE_CURVE('',#1941,#1938,#806,.T.);
#2491=EDGE_CURVE('',#1942,#1940,#807,.T.);
#2492=EDGE_CURVE('',#1942,#1943,#808,.T.);
#2493=EDGE_CURVE('',#1943,#1941,#809,.T.);
#2494=EDGE_CURVE('',#1944,#1942,#810,.T.);
#2495=EDGE_CURVE('',#1944,#1945,#811,.T.);
#2496=EDGE_CURVE('',#1945,#1943,#812,.T.);
#2497=EDGE_CURVE('',#1946,#1944,#813,.T.);
#2498=EDGE_CURVE('',#1946,#1947,#814,.T.);
#2499=EDGE_CURVE('',#1947,#1945,#815,.T.);
#2500=EDGE_CURVE('',#1948,#1946,#816,.T.);
#2501=EDGE_CURVE('',#1948,#1949,#817,.T.);
#2502=EDGE_CURVE('',#1949,#1947,#818,.T.);
#2503=EDGE_CURVE('',#1950,#1948,#819,.T.);
#2504=EDGE_CURVE('',#1950,#1951,#820,.T.);
#2505=EDGE_CURVE('',#1951,#1949,#821,.T.);
#2506=EDGE_CURVE('',#1937,#1950,#822,.T.);
#2507=EDGE_CURVE('',#1939,#1951,#823,.T.);
#2508=EDGE_CURVE('',#1952,#1953,#1672,.F.);
#2509=EDGE_CURVE('',#1954,#1952,#824,.T.);
#2510=EDGE_CURVE('',#1954,#1955,#1673,.T.);
#2511=EDGE_CURVE('',#1955,#1956,#1674,.T.);
#2512=EDGE_CURVE('',#1956,#1957,#1675,.T.);
#2513=EDGE_CURVE('',#1957,#1958,#1676,.T.);
#2514=EDGE_CURVE('',#1958,#1959,#1677,.T.);
#2515=EDGE_CURVE('',#1959,#1960,#1678,.T.);
#2516=EDGE_CURVE('',#1961,#1960,#1679,.T.);
#2517=EDGE_CURVE('',#1962,#1961,#1680,.F.);
#2518=EDGE_CURVE('',#1963,#1962,#1681,.F.);
#2519=EDGE_CURVE('',#1964,#1963,#1682,.F.);
#2520=EDGE_CURVE('',#1953,#1964,#1683,.F.);
#2521=EDGE_CURVE('',#1965,#1966,#825,.T.);
#2522=EDGE_CURVE('',#1966,#1967,#1684,.T.);
#2523=EDGE_CURVE('',#1968,#1967,#826,.T.);
#2524=EDGE_CURVE('',#1969,#1968,#827,.T.);
#2525=EDGE_CURVE('',#1970,#1969,#828,.T.);
#2526=EDGE_CURVE('',#1971,#1970,#829,.T.);
#2527=EDGE_CURVE('',#1972,#1971,#830,.T.);
#2528=EDGE_CURVE('',#1973,#1972,#831,.T.);
#2529=EDGE_CURVE('',#1974,#1973,#832,.T.);
#2530=EDGE_CURVE('',#1975,#1974,#833,.T.);
#2531=EDGE_CURVE('',#1976,#1975,#834,.T.);
#2532=EDGE_CURVE('',#1977,#1976,#835,.T.);
#2533=EDGE_CURVE('',#1978,#1977,#836,.T.);
#2534=EDGE_CURVE('',#1965,#1978,#837,.T.);
#2535=EDGE_CURVE('',#1966,#1961,#1685,.T.);
#2536=EDGE_CURVE('',#1960,#1979,#1686,.T.);
#2537=EDGE_CURVE('',#1979,#1980,#123,.T.);
#2538=EDGE_CURVE('',#1981,#1980,#838,.T.);
#2539=EDGE_CURVE('',#1982,#1981,#1687,.F.);
#2540=EDGE_CURVE('',#1983,#1982,#1688,.F.);
#2541=EDGE_CURVE('',#1967,#1983,#1689,.F.);
#2542=EDGE_CURVE('',#1959,#1984,#839,.T.);
#2543=EDGE_CURVE('',#1985,#1984,#840,.T.);
#2544=EDGE_CURVE('',#1986,#1985,#1690,.T.);
#2545=EDGE_CURVE('',#1979,#1986,#124,.T.);
#2546=EDGE_CURVE('',#1986,#1980,#125,.T.);
#2547=EDGE_CURVE('',#1987,#1988,#1691,.F.);
#2548=EDGE_CURVE('',#1980,#1987,#841,.T.);
#2549=EDGE_CURVE('',#1985,#1989,#1692,.T.);
#2550=EDGE_CURVE('',#1990,#1989,#1693,.F.);
#2551=EDGE_CURVE('',#1991,#1990,#1694,.F.);
#2552=EDGE_CURVE('',#1992,#1991,#1695,.F.);
#2553=EDGE_CURVE('',#1993,#1992,#1696,.F.);
#2554=EDGE_CURVE('',#1994,#1993,#1697,.F.);
#2555=EDGE_CURVE('',#1995,#1994,#1698,.F.);
#2556=EDGE_CURVE('',#1996,#1995,#1699,.F.);
#2557=EDGE_CURVE('',#1997,#1996,#1700,.F.);
#2558=EDGE_CURVE('',#1998,#1997,#1701,.F.);
#2559=EDGE_CURVE('',#1999,#1998,#1702,.F.);
#2560=EDGE_CURVE('',#2000,#1999,#1703,.F.);
#2561=EDGE_CURVE('',#2001,#2000,#1704,.F.);
#2562=EDGE_CURVE('',#2002,#2001,#1705,.F.);
#2563=EDGE_CURVE('',#2003,#2002,#1706,.F.);
#2564=EDGE_CURVE('',#2004,#2003,#1707,.F.);
#2565=EDGE_CURVE('',#1988,#2004,#1708,.F.);
#2566=EDGE_CURVE('',#2005,#2006,#126,.T.);
#2567=EDGE_CURVE('',#2007,#2006,#842,.T.);
#2568=EDGE_CURVE('',#2007,#2008,#127,.T.);
#2569=EDGE_CURVE('',#2008,#2005,#843,.T.);
#2570=EDGE_CURVE('',#2009,#2008,#844,.T.);
#2571=EDGE_CURVE('',#2010,#2009,#845,.T.);
#2572=EDGE_CURVE('',#2011,#2010,#846,.T.);
#2573=EDGE_CURVE('',#1990,#2011,#847,.T.);
#2574=EDGE_CURVE('',#2005,#1989,#848,.T.);
#2575=EDGE_CURVE('',#1752,#2007,#128,.T.);
#2576=EDGE_CURVE('',#1735,#2012,#849,.T.);
#2577=EDGE_CURVE('',#2013,#2012,#129,.T.);
#2578=EDGE_CURVE('',#2013,#1748,#850,.T.);
#2579=EDGE_CURVE('',#2014,#1746,#130,.T.);
#2580=EDGE_CURVE('',#2015,#2014,#131,.T.);
#2581=EDGE_CURVE('',#2015,#2016,#851,.T.);
#2582=EDGE_CURVE('',#2016,#2017,#1709,.T.);
#2583=EDGE_CURVE('',#2017,#2018,#1710,.T.);
#2584=EDGE_CURVE('',#2018,#2019,#852,.T.);
#2585=EDGE_CURVE('',#2019,#2020,#853,.T.);
#2586=EDGE_CURVE('',#2020,#2021,#854,.T.);
#2587=EDGE_CURVE('',#2021,#2022,#855,.T.);
#2588=EDGE_CURVE('',#2022,#2023,#856,.T.);
#2589=EDGE_CURVE('',#2023,#2024,#857,.T.);
#2590=EDGE_CURVE('',#2024,#2025,#858,.T.);
#2591=EDGE_CURVE('',#2025,#2026,#859,.T.);
#2592=EDGE_CURVE('',#2026,#2027,#860,.T.);
#2593=EDGE_CURVE('',#2027,#2028,#861,.T.);
#2594=EDGE_CURVE('',#2028,#2029,#862,.T.);
#2595=EDGE_CURVE('',#2029,#2030,#863,.T.);
#2596=EDGE_CURVE('',#2030,#2031,#864,.T.);
#2597=EDGE_CURVE('',#2031,#2032,#865,.T.);
#2598=EDGE_CURVE('',#2032,#2033,#866,.T.);
#2599=EDGE_CURVE('',#2033,#2034,#867,.T.);
#2600=EDGE_CURVE('',#2034,#2035,#868,.T.);
#2601=EDGE_CURVE('',#2035,#2036,#869,.T.);
#2602=EDGE_CURVE('',#2036,#2037,#870,.T.);
#2603=EDGE_CURVE('',#2037,#2038,#871,.T.);
#2604=EDGE_CURVE('',#2038,#2039,#872,.T.);
#2605=EDGE_CURVE('',#2039,#2040,#873,.T.);
#2606=EDGE_CURVE('',#2040,#2041,#874,.T.);
#2607=EDGE_CURVE('',#2041,#2042,#875,.T.);
#2608=EDGE_CURVE('',#2042,#2043,#876,.T.);
#2609=EDGE_CURVE('',#2043,#2044,#877,.T.);
#2610=EDGE_CURVE('',#2044,#2045,#878,.T.);
#2611=EDGE_CURVE('',#2045,#2046,#879,.T.);
#2612=EDGE_CURVE('',#2046,#2047,#880,.T.);
#2613=EDGE_CURVE('',#2047,#2048,#881,.T.);
#2614=EDGE_CURVE('',#2048,#2049,#882,.T.);
#2615=EDGE_CURVE('',#2049,#2050,#883,.T.);
#2616=EDGE_CURVE('',#2050,#2051,#884,.T.);
#2617=EDGE_CURVE('',#2051,#2052,#885,.T.);
#2618=EDGE_CURVE('',#2052,#2053,#886,.T.);
#2619=EDGE_CURVE('',#2053,#2054,#887,.T.);
#2620=EDGE_CURVE('',#2054,#2055,#888,.T.);
#2621=EDGE_CURVE('',#2055,#2056,#889,.T.);
#2622=EDGE_CURVE('',#2056,#2057,#890,.T.);
#2623=EDGE_CURVE('',#2057,#2058,#891,.T.);
#2624=EDGE_CURVE('',#2058,#2009,#892,.T.);
#2625=EDGE_CURVE('',#1984,#2059,#893,.T.);
#2626=EDGE_CURVE('',#2060,#2059,#132,.T.);
#2627=EDGE_CURVE('',#1745,#2060,#133,.T.);
#2628=EDGE_CURVE('',#1749,#2061,#894,.T.);
#2629=EDGE_CURVE('',#2061,#2062,#134,.T.);
#2630=EDGE_CURVE('',#2062,#1734,#895,.T.);
#2631=EDGE_CURVE('',#2006,#1753,#135,.T.);
#2632=EDGE_CURVE('',#2059,#2015,#896,.T.);
#2633=EDGE_CURVE('',#2060,#2014,#897,.T.);
#2634=EDGE_CURVE('',#2063,#1959,#898,.T.);
#2635=EDGE_CURVE('',#2016,#2063,#899,.T.);
#2636=EDGE_CURVE('',#2064,#2065,#1711,.T.);
#2637=EDGE_CURVE('',#2066,#2064,#1712,.T.);
#2638=EDGE_CURVE('',#2067,#2066,#1713,.T.);
#2639=EDGE_CURVE('',#2067,#2063,#900,.T.);
#2640=EDGE_CURVE('',#2065,#2063,#901,.T.);
#2641=EDGE_CURVE('',#2068,#2067,#1714,.T.);
#2642=EDGE_CURVE('',#2068,#2016,#902,.T.);
#2643=EDGE_CURVE('',#2069,#2068,#1715,.T.);
#2644=EDGE_CURVE('',#2069,#2070,#903,.T.);
#2645=EDGE_CURVE('',#2070,#2017,#904,.T.);
#2646=EDGE_CURVE('',#2071,#2069,#905,.T.);
#2647=EDGE_CURVE('',#2071,#2018,#906,.T.);
#2648=EDGE_CURVE('',#2072,#2071,#907,.T.);
#2649=EDGE_CURVE('',#2072,#2019,#908,.T.);
#2650=EDGE_CURVE('',#2073,#2072,#909,.T.);
#2651=EDGE_CURVE('',#2073,#2020,#910,.T.);
#2652=EDGE_CURVE('',#2074,#2073,#911,.T.);
#2653=EDGE_CURVE('',#2074,#2021,#912,.T.);
#2654=EDGE_CURVE('',#2075,#2074,#913,.T.);
#2655=EDGE_CURVE('',#2075,#2022,#914,.T.);
#2656=EDGE_CURVE('',#2076,#2075,#915,.T.);
#2657=EDGE_CURVE('',#2076,#2023,#916,.T.);
#2658=EDGE_CURVE('',#2077,#2076,#917,.T.);
#2659=EDGE_CURVE('',#2077,#2024,#918,.T.);
#2660=EDGE_CURVE('',#2078,#2077,#919,.T.);
#2661=EDGE_CURVE('',#2078,#2025,#920,.T.);
#2662=EDGE_CURVE('',#2079,#2078,#921,.T.);
#2663=EDGE_CURVE('',#2079,#2026,#922,.T.);
#2664=EDGE_CURVE('',#2080,#2079,#923,.T.);
#2665=EDGE_CURVE('',#2080,#2027,#924,.T.);
#2666=EDGE_CURVE('',#2081,#2080,#925,.T.);
#2667=EDGE_CURVE('',#2081,#2028,#926,.T.);
#2668=EDGE_CURVE('',#2082,#2081,#927,.T.);
#2669=EDGE_CURVE('',#2082,#2029,#928,.T.);
#2670=EDGE_CURVE('',#2083,#2082,#929,.T.);
#2671=EDGE_CURVE('',#2083,#2030,#930,.T.);
#2672=EDGE_CURVE('',#2084,#2083,#931,.T.);
#2673=EDGE_CURVE('',#2084,#2031,#932,.T.);
#2674=EDGE_CURVE('',#2085,#2084,#933,.T.);
#2675=EDGE_CURVE('',#2085,#2032,#934,.T.);
#2676=EDGE_CURVE('',#2086,#2085,#935,.T.);
#2677=EDGE_CURVE('',#2086,#2033,#936,.T.);
#2678=EDGE_CURVE('',#2087,#2086,#937,.T.);
#2679=EDGE_CURVE('',#2087,#2034,#938,.T.);
#2680=EDGE_CURVE('',#2088,#2087,#939,.T.);
#2681=EDGE_CURVE('',#2088,#2035,#940,.T.);
#2682=EDGE_CURVE('',#2089,#2088,#941,.T.);
#2683=EDGE_CURVE('',#2089,#2036,#942,.T.);
#2684=EDGE_CURVE('',#2090,#2089,#943,.T.);
#2685=EDGE_CURVE('',#2090,#2037,#944,.T.);
#2686=EDGE_CURVE('',#2091,#2090,#945,.T.);
#2687=EDGE_CURVE('',#2091,#2038,#946,.T.);
#2688=EDGE_CURVE('',#2092,#2091,#947,.T.);
#2689=EDGE_CURVE('',#2092,#2039,#948,.T.);
#2690=EDGE_CURVE('',#2093,#2092,#949,.T.);
#2691=EDGE_CURVE('',#2093,#2040,#950,.T.);
#2692=EDGE_CURVE('',#2094,#2093,#951,.T.);
#2693=EDGE_CURVE('',#2094,#2041,#952,.T.);
#2694=EDGE_CURVE('',#2095,#2094,#953,.T.);
#2695=EDGE_CURVE('',#2095,#2042,#954,.T.);
#2696=EDGE_CURVE('',#2096,#2095,#955,.T.);
#2697=EDGE_CURVE('',#2096,#2043,#956,.T.);
#2698=EDGE_CURVE('',#2097,#2096,#957,.T.);
#2699=EDGE_CURVE('',#2097,#2044,#958,.T.);
#2700=EDGE_CURVE('',#2098,#2097,#959,.T.);
#2701=EDGE_CURVE('',#2098,#2045,#960,.T.);
#2702=EDGE_CURVE('',#2099,#2098,#961,.T.);
#2703=EDGE_CURVE('',#2099,#2046,#962,.T.);
#2704=EDGE_CURVE('',#2100,#2099,#963,.T.);
#2705=EDGE_CURVE('',#2100,#2047,#964,.T.);
#2706=EDGE_CURVE('',#2101,#2100,#965,.T.);
#2707=EDGE_CURVE('',#2101,#2048,#966,.T.);
#2708=EDGE_CURVE('',#2102,#2101,#967,.T.);
#2709=EDGE_CURVE('',#2102,#2049,#968,.T.);
#2710=EDGE_CURVE('',#2103,#2102,#969,.T.);
#2711=EDGE_CURVE('',#2103,#2050,#970,.T.);
#2712=EDGE_CURVE('',#2104,#2103,#971,.T.);
#2713=EDGE_CURVE('',#2104,#2051,#972,.T.);
#2714=EDGE_CURVE('',#2105,#2104,#973,.T.);
#2715=EDGE_CURVE('',#2105,#2052,#974,.T.);
#2716=EDGE_CURVE('',#2106,#2105,#975,.T.);
#2717=EDGE_CURVE('',#2106,#2053,#976,.T.);
#2718=EDGE_CURVE('',#2107,#2106,#977,.T.);
#2719=EDGE_CURVE('',#2107,#2054,#978,.T.);
#2720=EDGE_CURVE('',#2108,#2107,#979,.T.);
#2721=EDGE_CURVE('',#2108,#2055,#980,.T.);
#2722=EDGE_CURVE('',#2109,#2108,#981,.T.);
#2723=EDGE_CURVE('',#2109,#2056,#982,.T.);
#2724=EDGE_CURVE('',#2110,#2109,#983,.T.);
#2725=EDGE_CURVE('',#2110,#2057,#984,.T.);
#2726=EDGE_CURVE('',#2111,#2110,#985,.T.);
#2727=EDGE_CURVE('',#2111,#2058,#986,.T.);
#2728=EDGE_CURVE('',#2010,#2111,#987,.T.);
#2729=EDGE_CURVE('',#2112,#2011,#988,.T.);
#2730=EDGE_CURVE('',#1991,#2112,#989,.T.);
#2731=EDGE_CURVE('',#2113,#2112,#990,.T.);
#2732=EDGE_CURVE('',#1992,#2113,#991,.T.);
#2733=EDGE_CURVE('',#2114,#2113,#992,.T.);
#2734=EDGE_CURVE('',#1993,#2114,#993,.T.);
#2735=EDGE_CURVE('',#2115,#2114,#994,.T.);
#2736=EDGE_CURVE('',#1994,#2115,#995,.T.);
#2737=EDGE_CURVE('',#2116,#2115,#996,.T.);
#2738=EDGE_CURVE('',#1995,#2116,#997,.T.);
#2739=EDGE_CURVE('',#2117,#2116,#998,.T.);
#2740=EDGE_CURVE('',#1996,#2117,#999,.T.);
#2741=EDGE_CURVE('',#2118,#2117,#1000,.T.);
#2742=EDGE_CURVE('',#1997,#2118,#1001,.T.);
#2743=EDGE_CURVE('',#2119,#2118,#1002,.T.);
#2744=EDGE_CURVE('',#1998,#2119,#1003,.T.);
#2745=EDGE_CURVE('',#2120,#2119,#1004,.T.);
#2746=EDGE_CURVE('',#1999,#2120,#1005,.T.);
#2747=EDGE_CURVE('',#2121,#2120,#1006,.T.);
#2748=EDGE_CURVE('',#2000,#2121,#1007,.T.);
#2749=EDGE_CURVE('',#2122,#2121,#1008,.T.);
#2750=EDGE_CURVE('',#2001,#2122,#1009,.T.);
#2751=EDGE_CURVE('',#2123,#2122,#1010,.T.);
#2752=EDGE_CURVE('',#2002,#2123,#1011,.T.);
#2753=EDGE_CURVE('',#2124,#2123,#1012,.T.);
#2754=EDGE_CURVE('',#2003,#2124,#1013,.T.);
#2755=EDGE_CURVE('',#2125,#2124,#1014,.T.);
#2756=EDGE_CURVE('',#2004,#2125,#1015,.T.);
#2757=EDGE_CURVE('',#2126,#2125,#1016,.T.);
#2758=EDGE_CURVE('',#1988,#2126,#1017,.T.);
#2759=EDGE_CURVE('',#2127,#2126,#1018,.T.);
#2760=EDGE_CURVE('',#1987,#2127,#1019,.T.);
#2761=EDGE_CURVE('',#2128,#2127,#1020,.T.);
#2762=EDGE_CURVE('',#1980,#2128,#1021,.T.);
#2763=EDGE_CURVE('',#2129,#2128,#1022,.T.);
#2764=EDGE_CURVE('',#1981,#2129,#1023,.T.);
#2765=EDGE_CURVE('',#2130,#2129,#1024,.T.);
#2766=EDGE_CURVE('',#1982,#2130,#1025,.T.);
#2767=EDGE_CURVE('',#2131,#2130,#1026,.T.);
#2768=EDGE_CURVE('',#1983,#2131,#1027,.T.);
#2769=EDGE_CURVE('',#2132,#2131,#1028,.T.);
#2770=EDGE_CURVE('',#1968,#2132,#1029,.T.);
#2771=EDGE_CURVE('',#2133,#2132,#1030,.T.);
#2772=EDGE_CURVE('',#1969,#2133,#1031,.T.);
#2773=EDGE_CURVE('',#2134,#2133,#1032,.T.);
#2774=EDGE_CURVE('',#1970,#2134,#1033,.T.);
#2775=EDGE_CURVE('',#2135,#2134,#1034,.T.);
#2776=EDGE_CURVE('',#1971,#2135,#1035,.T.);
#2777=EDGE_CURVE('',#2136,#2135,#1036,.T.);
#2778=EDGE_CURVE('',#1972,#2136,#1037,.T.);
#2779=EDGE_CURVE('',#2137,#2136,#1038,.T.);
#2780=EDGE_CURVE('',#1973,#2137,#1039,.T.);
#2781=EDGE_CURVE('',#2138,#2137,#1040,.T.);
#2782=EDGE_CURVE('',#1974,#2138,#1041,.T.);
#2783=EDGE_CURVE('',#2139,#2138,#1042,.T.);
#2784=EDGE_CURVE('',#1975,#2139,#1043,.T.);
#2785=EDGE_CURVE('',#2140,#2139,#1044,.T.);
#2786=EDGE_CURVE('',#1976,#2140,#1045,.T.);
#2787=EDGE_CURVE('',#2141,#2140,#1046,.T.);
#2788=EDGE_CURVE('',#1977,#2141,#1047,.T.);
#2789=EDGE_CURVE('',#2142,#2141,#1048,.T.);
#2790=EDGE_CURVE('',#1978,#2142,#1049,.T.);
#2791=EDGE_CURVE('',#2143,#2142,#1050,.T.);
#2792=EDGE_CURVE('',#1965,#2143,#1051,.T.);
#2793=EDGE_CURVE('',#2144,#2143,#1052,.T.);
#2794=EDGE_CURVE('',#1962,#2144,#1053,.T.);
#2795=EDGE_CURVE('',#2145,#2144,#1054,.T.);
#2796=EDGE_CURVE('',#1963,#2145,#1055,.T.);
#2797=EDGE_CURVE('',#2146,#2145,#1056,.T.);
#2798=EDGE_CURVE('',#1964,#2146,#1057,.T.);
#2799=EDGE_CURVE('',#2147,#2146,#1058,.T.);
#2800=EDGE_CURVE('',#1953,#2147,#1059,.T.);
#2801=EDGE_CURVE('',#2148,#2147,#1060,.T.);
#2802=EDGE_CURVE('',#1952,#2148,#1061,.T.);
#2803=EDGE_CURVE('',#2149,#2148,#1062,.T.);
#2804=EDGE_CURVE('',#1954,#2149,#1063,.T.);
#2805=EDGE_CURVE('',#2150,#2149,#1064,.T.);
#2806=EDGE_CURVE('',#1955,#2150,#1065,.T.);
#2807=EDGE_CURVE('',#2151,#2150,#1066,.T.);
#2808=EDGE_CURVE('',#1956,#2151,#1067,.T.);
#2809=EDGE_CURVE('',#2152,#2151,#1068,.T.);
#2810=EDGE_CURVE('',#1957,#2152,#1069,.T.);
#2811=EDGE_CURVE('',#2153,#2152,#1070,.T.);
#2812=EDGE_CURVE('',#1958,#2153,#1071,.T.);
#2813=EDGE_CURVE('',#2069,#2153,#1072,.T.);
#2814=EDGE_CURVE('',#2065,#2069,#1073,.T.);
#2815=EDGE_CURVE('',#2064,#2066,#1074,.T.);
#2816=EDGE_CURVE('',#2012,#2062,#1075,.T.);
#2817=EDGE_CURVE('',#2013,#2061,#1076,.T.);
#2818=EDGE_CURVE('',#2154,#2155,#1716,.T.);
#2819=EDGE_CURVE('',#2156,#2155,#1077,.T.);
#2820=EDGE_CURVE('',#2154,#2156,#1078,.T.);
#2821=EDGE_CURVE('',#2155,#2156,#1717,.T.);
#2822=ORIENTED_EDGE('',*,*,#2157,.F.);
#2823=ORIENTED_EDGE('',*,*,#2158,.T.);
#2824=ORIENTED_EDGE('',*,*,#2159,.T.);
#2825=ORIENTED_EDGE('',*,*,#2160,.F.);
#2826=ORIENTED_EDGE('',*,*,#2161,.F.);
#2827=ORIENTED_EDGE('',*,*,#2160,.T.);
#2828=ORIENTED_EDGE('',*,*,#2162,.T.);
#2829=ORIENTED_EDGE('',*,*,#2163,.F.);
#2830=ORIENTED_EDGE('',*,*,#2164,.F.);
#2831=ORIENTED_EDGE('',*,*,#2165,.F.);
#2832=ORIENTED_EDGE('',*,*,#2166,.T.);
#2833=ORIENTED_EDGE('',*,*,#2167,.T.);
#2834=ORIENTED_EDGE('',*,*,#2158,.F.);
#2835=ORIENTED_EDGE('',*,*,#2168,.F.);
#2836=ORIENTED_EDGE('',*,*,#2169,.F.);
#2837=ORIENTED_EDGE('',*,*,#2170,.T.);
#2838=ORIENTED_EDGE('',*,*,#2171,.T.);
#2839=ORIENTED_EDGE('',*,*,#2166,.F.);
#2840=ORIENTED_EDGE('',*,*,#2172,.F.);
#2841=ORIENTED_EDGE('',*,*,#2173,.T.);
#2842=ORIENTED_EDGE('',*,*,#2174,.T.);
#2843=ORIENTED_EDGE('',*,*,#2170,.F.);
#2844=ORIENTED_EDGE('',*,*,#2175,.F.);
#2845=ORIENTED_EDGE('',*,*,#2163,.T.);
#2846=ORIENTED_EDGE('',*,*,#2176,.T.);
#2847=ORIENTED_EDGE('',*,*,#2173,.F.);
#2848=ORIENTED_EDGE('',*,*,#2162,.F.);
#2849=ORIENTED_EDGE('',*,*,#2159,.F.);
#2850=ORIENTED_EDGE('',*,*,#2167,.F.);
#2851=ORIENTED_EDGE('',*,*,#2171,.F.);
#2852=ORIENTED_EDGE('',*,*,#2174,.F.);
#2853=ORIENTED_EDGE('',*,*,#2176,.F.);
#2854=ORIENTED_EDGE('',*,*,#2177,.F.);
#2855=ORIENTED_EDGE('',*,*,#2168,.T.);
#2856=ORIENTED_EDGE('',*,*,#2165,.T.);
#2857=ORIENTED_EDGE('',*,*,#2157,.T.);
#2858=ORIENTED_EDGE('',*,*,#2161,.T.);
#2859=ORIENTED_EDGE('',*,*,#2178,.T.);
#2860=ORIENTED_EDGE('',*,*,#2179,.F.);
#2861=ORIENTED_EDGE('',*,*,#2180,.F.);
#2862=ORIENTED_EDGE('',*,*,#2181,.T.);
#2863=ORIENTED_EDGE('',*,*,#2182,.T.);
#2864=ORIENTED_EDGE('',*,*,#2183,.T.);
#2865=ORIENTED_EDGE('',*,*,#2184,.T.);
#2866=ORIENTED_EDGE('',*,*,#2185,.F.);
#2867=ORIENTED_EDGE('',*,*,#2186,.F.);
#2868=ORIENTED_EDGE('',*,*,#2187,.F.);
#2869=ORIENTED_EDGE('',*,*,#2188,.F.);
#2870=ORIENTED_EDGE('',*,*,#2189,.F.);
#2871=ORIENTED_EDGE('',*,*,#2190,.F.);
#2872=ORIENTED_EDGE('',*,*,#2191,.T.);
#2873=ORIENTED_EDGE('',*,*,#2192,.T.);
#2874=ORIENTED_EDGE('',*,*,#2184,.F.);
#2875=ORIENTED_EDGE('',*,*,#2192,.F.);
#2876=ORIENTED_EDGE('',*,*,#2193,.F.);
#2877=ORIENTED_EDGE('',*,*,#2187,.T.);
#2878=ORIENTED_EDGE('',*,*,#2194,.T.);
#2879=ORIENTED_EDGE('',*,*,#2195,.F.);
#2880=ORIENTED_EDGE('',*,*,#2196,.F.);
#2881=ORIENTED_EDGE('',*,*,#2197,.T.);
#2882=ORIENTED_EDGE('',*,*,#2198,.T.);
#2883=ORIENTED_EDGE('',*,*,#2186,.T.);
#2884=ORIENTED_EDGE('',*,*,#2199,.F.);
#2885=ORIENTED_EDGE('',*,*,#2194,.F.);
#2886=ORIENTED_EDGE('',*,*,#2190,.T.);
#2887=ORIENTED_EDGE('',*,*,#2200,.T.);
#2888=ORIENTED_EDGE('',*,*,#2201,.T.);
#2889=ORIENTED_EDGE('',*,*,#2202,.F.);
#2890=ORIENTED_EDGE('',*,*,#2193,.T.);
#2891=ORIENTED_EDGE('',*,*,#2203,.T.);
#2892=ORIENTED_EDGE('',*,*,#2204,.F.);
#2893=ORIENTED_EDGE('',*,*,#2203,.F.);
#2894=ORIENTED_EDGE('',*,*,#2205,.F.);
#2895=ORIENTED_EDGE('',*,*,#2206,.T.);
#2896=ORIENTED_EDGE('',*,*,#2177,.T.);
#2897=ORIENTED_EDGE('',*,*,#2206,.F.);
#2898=ORIENTED_EDGE('',*,*,#2188,.T.);
#2899=ORIENTED_EDGE('',*,*,#2198,.F.);
#2900=ORIENTED_EDGE('',*,*,#2207,.T.);
#2901=ORIENTED_EDGE('',*,*,#2169,.T.);
#2902=ORIENTED_EDGE('',*,*,#2182,.F.);
#2903=ORIENTED_EDGE('',*,*,#2208,.F.);
#2904=ORIENTED_EDGE('',*,*,#2209,.F.);
#2905=ORIENTED_EDGE('',*,*,#2210,.F.);
#2906=ORIENTED_EDGE('',*,*,#2178,.F.);
#2907=ORIENTED_EDGE('',*,*,#2164,.T.);
#2908=ORIENTED_EDGE('',*,*,#2175,.T.);
#2909=ORIENTED_EDGE('',*,*,#2172,.T.);
#2910=ORIENTED_EDGE('',*,*,#2211,.F.);
#2911=ORIENTED_EDGE('',*,*,#2212,.T.);
#2912=ORIENTED_EDGE('',*,*,#2213,.T.);
#2913=ORIENTED_EDGE('',*,*,#2214,.F.);
#2914=ORIENTED_EDGE('',*,*,#2215,.F.);
#2915=ORIENTED_EDGE('',*,*,#2216,.T.);
#2916=ORIENTED_EDGE('',*,*,#2217,.T.);
#2917=ORIENTED_EDGE('',*,*,#2212,.F.);
#2918=ORIENTED_EDGE('',*,*,#2218,.F.);
#2919=ORIENTED_EDGE('',*,*,#2219,.T.);
#2920=ORIENTED_EDGE('',*,*,#2220,.T.);
#2921=ORIENTED_EDGE('',*,*,#2216,.F.);
#2922=ORIENTED_EDGE('',*,*,#2221,.F.);
#2923=ORIENTED_EDGE('',*,*,#2222,.T.);
#2924=ORIENTED_EDGE('',*,*,#2223,.T.);
#2925=ORIENTED_EDGE('',*,*,#2219,.F.);
#2926=ORIENTED_EDGE('',*,*,#2224,.F.);
#2927=ORIENTED_EDGE('',*,*,#2225,.T.);
#2928=ORIENTED_EDGE('',*,*,#2226,.T.);
#2929=ORIENTED_EDGE('',*,*,#2222,.F.);
#2930=ORIENTED_EDGE('',*,*,#2227,.F.);
#2931=ORIENTED_EDGE('',*,*,#2228,.T.);
#2932=ORIENTED_EDGE('',*,*,#2229,.T.);
#2933=ORIENTED_EDGE('',*,*,#2225,.F.);
#2934=ORIENTED_EDGE('',*,*,#2230,.F.);
#2935=ORIENTED_EDGE('',*,*,#2231,.T.);
#2936=ORIENTED_EDGE('',*,*,#2232,.T.);
#2937=ORIENTED_EDGE('',*,*,#2228,.F.);
#2938=ORIENTED_EDGE('',*,*,#2233,.F.);
#2939=ORIENTED_EDGE('',*,*,#2234,.T.);
#2940=ORIENTED_EDGE('',*,*,#2235,.T.);
#2941=ORIENTED_EDGE('',*,*,#2231,.F.);
#2942=ORIENTED_EDGE('',*,*,#2236,.F.);
#2943=ORIENTED_EDGE('',*,*,#2237,.T.);
#2944=ORIENTED_EDGE('',*,*,#2238,.T.);
#2945=ORIENTED_EDGE('',*,*,#2234,.F.);
#2946=ORIENTED_EDGE('',*,*,#2239,.F.);
#2947=ORIENTED_EDGE('',*,*,#2240,.T.);
#2948=ORIENTED_EDGE('',*,*,#2241,.T.);
#2949=ORIENTED_EDGE('',*,*,#2237,.F.);
#2950=ORIENTED_EDGE('',*,*,#2242,.F.);
#2951=ORIENTED_EDGE('',*,*,#2243,.T.);
#2952=ORIENTED_EDGE('',*,*,#2244,.T.);
#2953=ORIENTED_EDGE('',*,*,#2240,.F.);
#2954=ORIENTED_EDGE('',*,*,#2245,.F.);
#2955=ORIENTED_EDGE('',*,*,#2246,.T.);
#2956=ORIENTED_EDGE('',*,*,#2247,.T.);
#2957=ORIENTED_EDGE('',*,*,#2243,.F.);
#2958=ORIENTED_EDGE('',*,*,#2248,.F.);
#2959=ORIENTED_EDGE('',*,*,#2249,.T.);
#2960=ORIENTED_EDGE('',*,*,#2250,.T.);
#2961=ORIENTED_EDGE('',*,*,#2246,.F.);
#2962=ORIENTED_EDGE('',*,*,#2251,.F.);
#2963=ORIENTED_EDGE('',*,*,#2252,.T.);
#2964=ORIENTED_EDGE('',*,*,#2253,.T.);
#2965=ORIENTED_EDGE('',*,*,#2249,.F.);
#2966=ORIENTED_EDGE('',*,*,#2254,.F.);
#2967=ORIENTED_EDGE('',*,*,#2255,.T.);
#2968=ORIENTED_EDGE('',*,*,#2256,.T.);
#2969=ORIENTED_EDGE('',*,*,#2252,.F.);
#2970=ORIENTED_EDGE('',*,*,#2257,.F.);
#2971=ORIENTED_EDGE('',*,*,#2258,.T.);
#2972=ORIENTED_EDGE('',*,*,#2259,.T.);
#2973=ORIENTED_EDGE('',*,*,#2255,.F.);
#2974=ORIENTED_EDGE('',*,*,#2260,.F.);
#2975=ORIENTED_EDGE('',*,*,#2261,.T.);
#2976=ORIENTED_EDGE('',*,*,#2262,.T.);
#2977=ORIENTED_EDGE('',*,*,#2258,.F.);
#2978=ORIENTED_EDGE('',*,*,#2263,.F.);
#2979=ORIENTED_EDGE('',*,*,#2264,.T.);
#2980=ORIENTED_EDGE('',*,*,#2265,.T.);
#2981=ORIENTED_EDGE('',*,*,#2261,.F.);
#2982=ORIENTED_EDGE('',*,*,#2266,.F.);
#2983=ORIENTED_EDGE('',*,*,#2267,.T.);
#2984=ORIENTED_EDGE('',*,*,#2268,.T.);
#2985=ORIENTED_EDGE('',*,*,#2264,.F.);
#2986=ORIENTED_EDGE('',*,*,#2269,.F.);
#2987=ORIENTED_EDGE('',*,*,#2270,.T.);
#2988=ORIENTED_EDGE('',*,*,#2271,.T.);
#2989=ORIENTED_EDGE('',*,*,#2267,.F.);
#2990=ORIENTED_EDGE('',*,*,#2272,.F.);
#2991=ORIENTED_EDGE('',*,*,#2273,.T.);
#2992=ORIENTED_EDGE('',*,*,#2274,.T.);
#2993=ORIENTED_EDGE('',*,*,#2270,.F.);
#2994=ORIENTED_EDGE('',*,*,#2275,.F.);
#2995=ORIENTED_EDGE('',*,*,#2276,.T.);
#2996=ORIENTED_EDGE('',*,*,#2277,.T.);
#2997=ORIENTED_EDGE('',*,*,#2273,.F.);
#2998=ORIENTED_EDGE('',*,*,#2278,.F.);
#2999=ORIENTED_EDGE('',*,*,#2279,.T.);
#3000=ORIENTED_EDGE('',*,*,#2280,.T.);
#3001=ORIENTED_EDGE('',*,*,#2276,.F.);
#3002=ORIENTED_EDGE('',*,*,#2281,.F.);
#3003=ORIENTED_EDGE('',*,*,#2282,.T.);
#3004=ORIENTED_EDGE('',*,*,#2283,.T.);
#3005=ORIENTED_EDGE('',*,*,#2279,.F.);
#3006=ORIENTED_EDGE('',*,*,#2284,.F.);
#3007=ORIENTED_EDGE('',*,*,#2285,.T.);
#3008=ORIENTED_EDGE('',*,*,#2286,.T.);
#3009=ORIENTED_EDGE('',*,*,#2282,.F.);
#3010=ORIENTED_EDGE('',*,*,#2287,.F.);
#3011=ORIENTED_EDGE('',*,*,#2288,.T.);
#3012=ORIENTED_EDGE('',*,*,#2289,.T.);
#3013=ORIENTED_EDGE('',*,*,#2285,.F.);
#3014=ORIENTED_EDGE('',*,*,#2290,.F.);
#3015=ORIENTED_EDGE('',*,*,#2291,.T.);
#3016=ORIENTED_EDGE('',*,*,#2292,.T.);
#3017=ORIENTED_EDGE('',*,*,#2288,.F.);
#3018=ORIENTED_EDGE('',*,*,#2293,.F.);
#3019=ORIENTED_EDGE('',*,*,#2294,.T.);
#3020=ORIENTED_EDGE('',*,*,#2295,.T.);
#3021=ORIENTED_EDGE('',*,*,#2291,.F.);
#3022=ORIENTED_EDGE('',*,*,#2296,.F.);
#3023=ORIENTED_EDGE('',*,*,#2297,.T.);
#3024=ORIENTED_EDGE('',*,*,#2298,.T.);
#3025=ORIENTED_EDGE('',*,*,#2294,.F.);
#3026=ORIENTED_EDGE('',*,*,#2299,.F.);
#3027=ORIENTED_EDGE('',*,*,#2300,.T.);
#3028=ORIENTED_EDGE('',*,*,#2301,.T.);
#3029=ORIENTED_EDGE('',*,*,#2297,.F.);
#3030=ORIENTED_EDGE('',*,*,#2302,.F.);
#3031=ORIENTED_EDGE('',*,*,#2303,.T.);
#3032=ORIENTED_EDGE('',*,*,#2304,.T.);
#3033=ORIENTED_EDGE('',*,*,#2300,.F.);
#3034=ORIENTED_EDGE('',*,*,#2305,.F.);
#3035=ORIENTED_EDGE('',*,*,#2306,.T.);
#3036=ORIENTED_EDGE('',*,*,#2307,.T.);
#3037=ORIENTED_EDGE('',*,*,#2303,.F.);
#3038=ORIENTED_EDGE('',*,*,#2308,.F.);
#3039=ORIENTED_EDGE('',*,*,#2214,.T.);
#3040=ORIENTED_EDGE('',*,*,#2309,.T.);
#3041=ORIENTED_EDGE('',*,*,#2306,.F.);
#3042=ORIENTED_EDGE('',*,*,#2309,.F.);
#3043=ORIENTED_EDGE('',*,*,#2213,.F.);
#3044=ORIENTED_EDGE('',*,*,#2217,.F.);
#3045=ORIENTED_EDGE('',*,*,#2220,.F.);
#3046=ORIENTED_EDGE('',*,*,#2223,.F.);
#3047=ORIENTED_EDGE('',*,*,#2226,.F.);
#3048=ORIENTED_EDGE('',*,*,#2229,.F.);
#3049=ORIENTED_EDGE('',*,*,#2232,.F.);
#3050=ORIENTED_EDGE('',*,*,#2235,.F.);
#3051=ORIENTED_EDGE('',*,*,#2238,.F.);
#3052=ORIENTED_EDGE('',*,*,#2241,.F.);
#3053=ORIENTED_EDGE('',*,*,#2244,.F.);
#3054=ORIENTED_EDGE('',*,*,#2247,.F.);
#3055=ORIENTED_EDGE('',*,*,#2250,.F.);
#3056=ORIENTED_EDGE('',*,*,#2253,.F.);
#3057=ORIENTED_EDGE('',*,*,#2256,.F.);
#3058=ORIENTED_EDGE('',*,*,#2259,.F.);
#3059=ORIENTED_EDGE('',*,*,#2262,.F.);
#3060=ORIENTED_EDGE('',*,*,#2265,.F.);
#3061=ORIENTED_EDGE('',*,*,#2268,.F.);
#3062=ORIENTED_EDGE('',*,*,#2271,.F.);
#3063=ORIENTED_EDGE('',*,*,#2274,.F.);
#3064=ORIENTED_EDGE('',*,*,#2277,.F.);
#3065=ORIENTED_EDGE('',*,*,#2280,.F.);
#3066=ORIENTED_EDGE('',*,*,#2283,.F.);
#3067=ORIENTED_EDGE('',*,*,#2286,.F.);
#3068=ORIENTED_EDGE('',*,*,#2289,.F.);
#3069=ORIENTED_EDGE('',*,*,#2292,.F.);
#3070=ORIENTED_EDGE('',*,*,#2295,.F.);
#3071=ORIENTED_EDGE('',*,*,#2298,.F.);
#3072=ORIENTED_EDGE('',*,*,#2301,.F.);
#3073=ORIENTED_EDGE('',*,*,#2304,.F.);
#3074=ORIENTED_EDGE('',*,*,#2307,.F.);
#3075=ORIENTED_EDGE('',*,*,#2310,.F.);
#3076=ORIENTED_EDGE('',*,*,#2311,.T.);
#3077=ORIENTED_EDGE('',*,*,#2312,.T.);
#3078=ORIENTED_EDGE('',*,*,#2313,.F.);
#3079=ORIENTED_EDGE('',*,*,#2314,.F.);
#3080=ORIENTED_EDGE('',*,*,#2315,.T.);
#3081=ORIENTED_EDGE('',*,*,#2316,.T.);
#3082=ORIENTED_EDGE('',*,*,#2311,.F.);
#3083=ORIENTED_EDGE('',*,*,#2317,.F.);
#3084=ORIENTED_EDGE('',*,*,#2318,.T.);
#3085=ORIENTED_EDGE('',*,*,#2319,.T.);
#3086=ORIENTED_EDGE('',*,*,#2315,.F.);
#3087=ORIENTED_EDGE('',*,*,#2320,.F.);
#3088=ORIENTED_EDGE('',*,*,#2321,.T.);
#3089=ORIENTED_EDGE('',*,*,#2322,.T.);
#3090=ORIENTED_EDGE('',*,*,#2318,.F.);
#3091=ORIENTED_EDGE('',*,*,#2323,.F.);
#3092=ORIENTED_EDGE('',*,*,#2324,.T.);
#3093=ORIENTED_EDGE('',*,*,#2325,.T.);
#3094=ORIENTED_EDGE('',*,*,#2321,.F.);
#3095=ORIENTED_EDGE('',*,*,#2326,.F.);
#3096=ORIENTED_EDGE('',*,*,#2327,.T.);
#3097=ORIENTED_EDGE('',*,*,#2328,.T.);
#3098=ORIENTED_EDGE('',*,*,#2324,.F.);
#3099=ORIENTED_EDGE('',*,*,#2329,.F.);
#3100=ORIENTED_EDGE('',*,*,#2330,.T.);
#3101=ORIENTED_EDGE('',*,*,#2331,.T.);
#3102=ORIENTED_EDGE('',*,*,#2327,.F.);
#3103=ORIENTED_EDGE('',*,*,#2332,.F.);
#3104=ORIENTED_EDGE('',*,*,#2333,.T.);
#3105=ORIENTED_EDGE('',*,*,#2334,.T.);
#3106=ORIENTED_EDGE('',*,*,#2330,.F.);
#3107=ORIENTED_EDGE('',*,*,#2335,.F.);
#3108=ORIENTED_EDGE('',*,*,#2313,.T.);
#3109=ORIENTED_EDGE('',*,*,#2336,.T.);
#3110=ORIENTED_EDGE('',*,*,#2333,.F.);
#3111=ORIENTED_EDGE('',*,*,#2336,.F.);
#3112=ORIENTED_EDGE('',*,*,#2312,.F.);
#3113=ORIENTED_EDGE('',*,*,#2316,.F.);
#3114=ORIENTED_EDGE('',*,*,#2319,.F.);
#3115=ORIENTED_EDGE('',*,*,#2322,.F.);
#3116=ORIENTED_EDGE('',*,*,#2325,.F.);
#3117=ORIENTED_EDGE('',*,*,#2328,.F.);
#3118=ORIENTED_EDGE('',*,*,#2331,.F.);
#3119=ORIENTED_EDGE('',*,*,#2334,.F.);
#3120=ORIENTED_EDGE('',*,*,#2337,.F.);
#3121=ORIENTED_EDGE('',*,*,#2338,.T.);
#3122=ORIENTED_EDGE('',*,*,#2339,.T.);
#3123=ORIENTED_EDGE('',*,*,#2340,.F.);
#3124=ORIENTED_EDGE('',*,*,#2341,.F.);
#3125=ORIENTED_EDGE('',*,*,#2342,.T.);
#3126=ORIENTED_EDGE('',*,*,#2343,.T.);
#3127=ORIENTED_EDGE('',*,*,#2338,.F.);
#3128=ORIENTED_EDGE('',*,*,#2344,.F.);
#3129=ORIENTED_EDGE('',*,*,#2345,.T.);
#3130=ORIENTED_EDGE('',*,*,#2346,.T.);
#3131=ORIENTED_EDGE('',*,*,#2342,.F.);
#3132=ORIENTED_EDGE('',*,*,#2347,.F.);
#3133=ORIENTED_EDGE('',*,*,#2348,.T.);
#3134=ORIENTED_EDGE('',*,*,#2349,.T.);
#3135=ORIENTED_EDGE('',*,*,#2345,.F.);
#3136=ORIENTED_EDGE('',*,*,#2350,.F.);
#3137=ORIENTED_EDGE('',*,*,#2340,.T.);
#3138=ORIENTED_EDGE('',*,*,#2351,.T.);
#3139=ORIENTED_EDGE('',*,*,#2348,.F.);
#3140=ORIENTED_EDGE('',*,*,#2352,.F.);
#3141=ORIENTED_EDGE('',*,*,#2353,.T.);
#3142=ORIENTED_EDGE('',*,*,#2354,.T.);
#3143=ORIENTED_EDGE('',*,*,#2355,.F.);
#3144=ORIENTED_EDGE('',*,*,#2356,.F.);
#3145=ORIENTED_EDGE('',*,*,#2357,.T.);
#3146=ORIENTED_EDGE('',*,*,#2358,.T.);
#3147=ORIENTED_EDGE('',*,*,#2353,.F.);
#3148=ORIENTED_EDGE('',*,*,#2359,.F.);
#3149=ORIENTED_EDGE('',*,*,#2360,.T.);
#3150=ORIENTED_EDGE('',*,*,#2361,.T.);
#3151=ORIENTED_EDGE('',*,*,#2357,.F.);
#3152=ORIENTED_EDGE('',*,*,#2362,.F.);
#3153=ORIENTED_EDGE('',*,*,#2363,.T.);
#3154=ORIENTED_EDGE('',*,*,#2364,.T.);
#3155=ORIENTED_EDGE('',*,*,#2360,.F.);
#3156=ORIENTED_EDGE('',*,*,#2365,.F.);
#3157=ORIENTED_EDGE('',*,*,#2366,.T.);
#3158=ORIENTED_EDGE('',*,*,#2367,.T.);
#3159=ORIENTED_EDGE('',*,*,#2363,.F.);
#3160=ORIENTED_EDGE('',*,*,#2368,.F.);
#3161=ORIENTED_EDGE('',*,*,#2369,.T.);
#3162=ORIENTED_EDGE('',*,*,#2370,.T.);
#3163=ORIENTED_EDGE('',*,*,#2366,.F.);
#3164=ORIENTED_EDGE('',*,*,#2371,.F.);
#3165=ORIENTED_EDGE('',*,*,#2372,.T.);
#3166=ORIENTED_EDGE('',*,*,#2373,.T.);
#3167=ORIENTED_EDGE('',*,*,#2369,.F.);
#3168=ORIENTED_EDGE('',*,*,#2374,.F.);
#3169=ORIENTED_EDGE('',*,*,#2375,.T.);
#3170=ORIENTED_EDGE('',*,*,#2376,.T.);
#3171=ORIENTED_EDGE('',*,*,#2372,.F.);
#3172=ORIENTED_EDGE('',*,*,#2377,.F.);
#3173=ORIENTED_EDGE('',*,*,#2378,.T.);
#3174=ORIENTED_EDGE('',*,*,#2379,.T.);
#3175=ORIENTED_EDGE('',*,*,#2375,.F.);
#3176=ORIENTED_EDGE('',*,*,#2380,.F.);
#3177=ORIENTED_EDGE('',*,*,#2381,.T.);
#3178=ORIENTED_EDGE('',*,*,#2382,.T.);
#3179=ORIENTED_EDGE('',*,*,#2378,.F.);
#3180=ORIENTED_EDGE('',*,*,#2383,.F.);
#3181=ORIENTED_EDGE('',*,*,#2384,.T.);
#3182=ORIENTED_EDGE('',*,*,#2385,.T.);
#3183=ORIENTED_EDGE('',*,*,#2381,.F.);
#3184=ORIENTED_EDGE('',*,*,#2386,.F.);
#3185=ORIENTED_EDGE('',*,*,#2387,.T.);
#3186=ORIENTED_EDGE('',*,*,#2388,.T.);
#3187=ORIENTED_EDGE('',*,*,#2384,.F.);
#3188=ORIENTED_EDGE('',*,*,#2389,.F.);
#3189=ORIENTED_EDGE('',*,*,#2390,.T.);
#3190=ORIENTED_EDGE('',*,*,#2391,.T.);
#3191=ORIENTED_EDGE('',*,*,#2387,.F.);
#3192=ORIENTED_EDGE('',*,*,#2392,.F.);
#3193=ORIENTED_EDGE('',*,*,#2393,.T.);
#3194=ORIENTED_EDGE('',*,*,#2394,.T.);
#3195=ORIENTED_EDGE('',*,*,#2390,.F.);
#3196=ORIENTED_EDGE('',*,*,#2395,.F.);
#3197=ORIENTED_EDGE('',*,*,#2355,.T.);
#3198=ORIENTED_EDGE('',*,*,#2396,.T.);
#3199=ORIENTED_EDGE('',*,*,#2393,.F.);
#3200=ORIENTED_EDGE('',*,*,#2396,.F.);
#3201=ORIENTED_EDGE('',*,*,#2354,.F.);
#3202=ORIENTED_EDGE('',*,*,#2358,.F.);
#3203=ORIENTED_EDGE('',*,*,#2361,.F.);
#3204=ORIENTED_EDGE('',*,*,#2364,.F.);
#3205=ORIENTED_EDGE('',*,*,#2367,.F.);
#3206=ORIENTED_EDGE('',*,*,#2370,.F.);
#3207=ORIENTED_EDGE('',*,*,#2373,.F.);
#3208=ORIENTED_EDGE('',*,*,#2376,.F.);
#3209=ORIENTED_EDGE('',*,*,#2379,.F.);
#3210=ORIENTED_EDGE('',*,*,#2382,.F.);
#3211=ORIENTED_EDGE('',*,*,#2385,.F.);
#3212=ORIENTED_EDGE('',*,*,#2388,.F.);
#3213=ORIENTED_EDGE('',*,*,#2391,.F.);
#3214=ORIENTED_EDGE('',*,*,#2394,.F.);
#3215=ORIENTED_EDGE('',*,*,#2351,.F.);
#3216=ORIENTED_EDGE('',*,*,#2339,.F.);
#3217=ORIENTED_EDGE('',*,*,#2343,.F.);
#3218=ORIENTED_EDGE('',*,*,#2346,.F.);
#3219=ORIENTED_EDGE('',*,*,#2349,.F.);
#3220=ORIENTED_EDGE('',*,*,#2397,.F.);
#3221=ORIENTED_EDGE('',*,*,#2398,.T.);
#3222=ORIENTED_EDGE('',*,*,#2399,.T.);
#3223=ORIENTED_EDGE('',*,*,#2400,.F.);
#3224=ORIENTED_EDGE('',*,*,#2401,.F.);
#3225=ORIENTED_EDGE('',*,*,#2402,.T.);
#3226=ORIENTED_EDGE('',*,*,#2403,.T.);
#3227=ORIENTED_EDGE('',*,*,#2398,.F.);
#3228=ORIENTED_EDGE('',*,*,#2404,.F.);
#3229=ORIENTED_EDGE('',*,*,#2405,.T.);
#3230=ORIENTED_EDGE('',*,*,#2406,.T.);
#3231=ORIENTED_EDGE('',*,*,#2402,.F.);
#3232=ORIENTED_EDGE('',*,*,#2407,.F.);
#3233=ORIENTED_EDGE('',*,*,#2408,.T.);
#3234=ORIENTED_EDGE('',*,*,#2409,.T.);
#3235=ORIENTED_EDGE('',*,*,#2405,.F.);
#3236=ORIENTED_EDGE('',*,*,#2410,.F.);
#3237=ORIENTED_EDGE('',*,*,#2411,.T.);
#3238=ORIENTED_EDGE('',*,*,#2412,.T.);
#3239=ORIENTED_EDGE('',*,*,#2408,.F.);
#3240=ORIENTED_EDGE('',*,*,#2413,.F.);
#3241=ORIENTED_EDGE('',*,*,#2414,.T.);
#3242=ORIENTED_EDGE('',*,*,#2415,.T.);
#3243=ORIENTED_EDGE('',*,*,#2411,.F.);
#3244=ORIENTED_EDGE('',*,*,#2416,.F.);
#3245=ORIENTED_EDGE('',*,*,#2417,.T.);
#3246=ORIENTED_EDGE('',*,*,#2418,.T.);
#3247=ORIENTED_EDGE('',*,*,#2414,.F.);
#3248=ORIENTED_EDGE('',*,*,#2419,.F.);
#3249=ORIENTED_EDGE('',*,*,#2420,.T.);
#3250=ORIENTED_EDGE('',*,*,#2421,.T.);
#3251=ORIENTED_EDGE('',*,*,#2417,.F.);
#3252=ORIENTED_EDGE('',*,*,#2422,.F.);
#3253=ORIENTED_EDGE('',*,*,#2423,.T.);
#3254=ORIENTED_EDGE('',*,*,#2424,.T.);
#3255=ORIENTED_EDGE('',*,*,#2420,.F.);
#3256=ORIENTED_EDGE('',*,*,#2425,.F.);
#3257=ORIENTED_EDGE('',*,*,#2426,.T.);
#3258=ORIENTED_EDGE('',*,*,#2427,.T.);
#3259=ORIENTED_EDGE('',*,*,#2423,.F.);
#3260=ORIENTED_EDGE('',*,*,#2428,.F.);
#3261=ORIENTED_EDGE('',*,*,#2429,.T.);
#3262=ORIENTED_EDGE('',*,*,#2430,.T.);
#3263=ORIENTED_EDGE('',*,*,#2426,.F.);
#3264=ORIENTED_EDGE('',*,*,#2431,.F.);
#3265=ORIENTED_EDGE('',*,*,#2432,.T.);
#3266=ORIENTED_EDGE('',*,*,#2433,.T.);
#3267=ORIENTED_EDGE('',*,*,#2429,.F.);
#3268=ORIENTED_EDGE('',*,*,#2434,.F.);
#3269=ORIENTED_EDGE('',*,*,#2435,.T.);
#3270=ORIENTED_EDGE('',*,*,#2436,.T.);
#3271=ORIENTED_EDGE('',*,*,#2432,.F.);
#3272=ORIENTED_EDGE('',*,*,#2437,.F.);
#3273=ORIENTED_EDGE('',*,*,#2438,.T.);
#3274=ORIENTED_EDGE('',*,*,#2439,.T.);
#3275=ORIENTED_EDGE('',*,*,#2435,.F.);
#3276=ORIENTED_EDGE('',*,*,#2440,.F.);
#3277=ORIENTED_EDGE('',*,*,#2441,.T.);
#3278=ORIENTED_EDGE('',*,*,#2442,.T.);
#3279=ORIENTED_EDGE('',*,*,#2438,.F.);
#3280=ORIENTED_EDGE('',*,*,#2443,.F.);
#3281=ORIENTED_EDGE('',*,*,#2444,.T.);
#3282=ORIENTED_EDGE('',*,*,#2445,.T.);
#3283=ORIENTED_EDGE('',*,*,#2441,.F.);
#3284=ORIENTED_EDGE('',*,*,#2446,.F.);
#3285=ORIENTED_EDGE('',*,*,#2447,.T.);
#3286=ORIENTED_EDGE('',*,*,#2448,.T.);
#3287=ORIENTED_EDGE('',*,*,#2444,.F.);
#3288=ORIENTED_EDGE('',*,*,#2449,.F.);
#3289=ORIENTED_EDGE('',*,*,#2450,.T.);
#3290=ORIENTED_EDGE('',*,*,#2451,.T.);
#3291=ORIENTED_EDGE('',*,*,#2447,.F.);
#3292=ORIENTED_EDGE('',*,*,#2452,.F.);
#3293=ORIENTED_EDGE('',*,*,#2453,.T.);
#3294=ORIENTED_EDGE('',*,*,#2454,.T.);
#3295=ORIENTED_EDGE('',*,*,#2450,.F.);
#3296=ORIENTED_EDGE('',*,*,#2455,.F.);
#3297=ORIENTED_EDGE('',*,*,#2400,.T.);
#3298=ORIENTED_EDGE('',*,*,#2456,.T.);
#3299=ORIENTED_EDGE('',*,*,#2453,.F.);
#3300=ORIENTED_EDGE('',*,*,#2456,.F.);
#3301=ORIENTED_EDGE('',*,*,#2399,.F.);
#3302=ORIENTED_EDGE('',*,*,#2403,.F.);
#3303=ORIENTED_EDGE('',*,*,#2406,.F.);
#3304=ORIENTED_EDGE('',*,*,#2409,.F.);
#3305=ORIENTED_EDGE('',*,*,#2412,.F.);
#3306=ORIENTED_EDGE('',*,*,#2415,.F.);
#3307=ORIENTED_EDGE('',*,*,#2418,.F.);
#3308=ORIENTED_EDGE('',*,*,#2421,.F.);
#3309=ORIENTED_EDGE('',*,*,#2424,.F.);
#3310=ORIENTED_EDGE('',*,*,#2427,.F.);
#3311=ORIENTED_EDGE('',*,*,#2430,.F.);
#3312=ORIENTED_EDGE('',*,*,#2433,.F.);
#3313=ORIENTED_EDGE('',*,*,#2436,.F.);
#3314=ORIENTED_EDGE('',*,*,#2439,.F.);
#3315=ORIENTED_EDGE('',*,*,#2442,.F.);
#3316=ORIENTED_EDGE('',*,*,#2445,.F.);
#3317=ORIENTED_EDGE('',*,*,#2448,.F.);
#3318=ORIENTED_EDGE('',*,*,#2451,.F.);
#3319=ORIENTED_EDGE('',*,*,#2454,.F.);
#3320=ORIENTED_EDGE('',*,*,#2457,.F.);
#3321=ORIENTED_EDGE('',*,*,#2458,.T.);
#3322=ORIENTED_EDGE('',*,*,#2459,.T.);
#3323=ORIENTED_EDGE('',*,*,#2460,.F.);
#3324=ORIENTED_EDGE('',*,*,#2461,.F.);
#3325=ORIENTED_EDGE('',*,*,#2462,.T.);
#3326=ORIENTED_EDGE('',*,*,#2463,.T.);
#3327=ORIENTED_EDGE('',*,*,#2458,.F.);
#3328=ORIENTED_EDGE('',*,*,#2464,.F.);
#3329=ORIENTED_EDGE('',*,*,#2465,.T.);
#3330=ORIENTED_EDGE('',*,*,#2466,.T.);
#3331=ORIENTED_EDGE('',*,*,#2462,.F.);
#3332=ORIENTED_EDGE('',*,*,#2467,.F.);
#3333=ORIENTED_EDGE('',*,*,#2468,.T.);
#3334=ORIENTED_EDGE('',*,*,#2469,.T.);
#3335=ORIENTED_EDGE('',*,*,#2465,.F.);
#3336=ORIENTED_EDGE('',*,*,#2470,.F.);
#3337=ORIENTED_EDGE('',*,*,#2471,.T.);
#3338=ORIENTED_EDGE('',*,*,#2472,.T.);
#3339=ORIENTED_EDGE('',*,*,#2468,.F.);
#3340=ORIENTED_EDGE('',*,*,#2473,.F.);
#3341=ORIENTED_EDGE('',*,*,#2474,.T.);
#3342=ORIENTED_EDGE('',*,*,#2475,.T.);
#3343=ORIENTED_EDGE('',*,*,#2471,.F.);
#3344=ORIENTED_EDGE('',*,*,#2476,.F.);
#3345=ORIENTED_EDGE('',*,*,#2477,.T.);
#3346=ORIENTED_EDGE('',*,*,#2478,.T.);
#3347=ORIENTED_EDGE('',*,*,#2474,.F.);
#3348=ORIENTED_EDGE('',*,*,#2479,.F.);
#3349=ORIENTED_EDGE('',*,*,#2480,.T.);
#3350=ORIENTED_EDGE('',*,*,#2481,.T.);
#3351=ORIENTED_EDGE('',*,*,#2477,.F.);
#3352=ORIENTED_EDGE('',*,*,#2482,.F.);
#3353=ORIENTED_EDGE('',*,*,#2460,.T.);
#3354=ORIENTED_EDGE('',*,*,#2483,.T.);
#3355=ORIENTED_EDGE('',*,*,#2480,.F.);
#3356=ORIENTED_EDGE('',*,*,#2483,.F.);
#3357=ORIENTED_EDGE('',*,*,#2459,.F.);
#3358=ORIENTED_EDGE('',*,*,#2463,.F.);
#3359=ORIENTED_EDGE('',*,*,#2466,.F.);
#3360=ORIENTED_EDGE('',*,*,#2469,.F.);
#3361=ORIENTED_EDGE('',*,*,#2472,.F.);
#3362=ORIENTED_EDGE('',*,*,#2475,.F.);
#3363=ORIENTED_EDGE('',*,*,#2478,.F.);
#3364=ORIENTED_EDGE('',*,*,#2481,.F.);
#3365=ORIENTED_EDGE('',*,*,#2484,.F.);
#3366=ORIENTED_EDGE('',*,*,#2485,.T.);
#3367=ORIENTED_EDGE('',*,*,#2486,.T.);
#3368=ORIENTED_EDGE('',*,*,#2487,.F.);
#3369=ORIENTED_EDGE('',*,*,#2488,.F.);
#3370=ORIENTED_EDGE('',*,*,#2489,.T.);
#3371=ORIENTED_EDGE('',*,*,#2490,.T.);
#3372=ORIENTED_EDGE('',*,*,#2485,.F.);
#3373=ORIENTED_EDGE('',*,*,#2491,.F.);
#3374=ORIENTED_EDGE('',*,*,#2492,.T.);
#3375=ORIENTED_EDGE('',*,*,#2493,.T.);
#3376=ORIENTED_EDGE('',*,*,#2489,.F.);
#3377=ORIENTED_EDGE('',*,*,#2494,.F.);
#3378=ORIENTED_EDGE('',*,*,#2495,.T.);
#3379=ORIENTED_EDGE('',*,*,#2496,.T.);
#3380=ORIENTED_EDGE('',*,*,#2492,.F.);
#3381=ORIENTED_EDGE('',*,*,#2497,.F.);
#3382=ORIENTED_EDGE('',*,*,#2498,.T.);
#3383=ORIENTED_EDGE('',*,*,#2499,.T.);
#3384=ORIENTED_EDGE('',*,*,#2495,.F.);
#3385=ORIENTED_EDGE('',*,*,#2500,.F.);
#3386=ORIENTED_EDGE('',*,*,#2501,.T.);
#3387=ORIENTED_EDGE('',*,*,#2502,.T.);
#3388=ORIENTED_EDGE('',*,*,#2498,.F.);
#3389=ORIENTED_EDGE('',*,*,#2503,.F.);
#3390=ORIENTED_EDGE('',*,*,#2504,.T.);
#3391=ORIENTED_EDGE('',*,*,#2505,.T.);
#3392=ORIENTED_EDGE('',*,*,#2501,.F.);
#3393=ORIENTED_EDGE('',*,*,#2506,.F.);
#3394=ORIENTED_EDGE('',*,*,#2487,.T.);
#3395=ORIENTED_EDGE('',*,*,#2507,.T.);
#3396=ORIENTED_EDGE('',*,*,#2504,.F.);
#3397=ORIENTED_EDGE('',*,*,#2507,.F.);
#3398=ORIENTED_EDGE('',*,*,#2486,.F.);
#3399=ORIENTED_EDGE('',*,*,#2490,.F.);
#3400=ORIENTED_EDGE('',*,*,#2493,.F.);
#3401=ORIENTED_EDGE('',*,*,#2496,.F.);
#3402=ORIENTED_EDGE('',*,*,#2499,.F.);
#3403=ORIENTED_EDGE('',*,*,#2502,.F.);
#3404=ORIENTED_EDGE('',*,*,#2505,.F.);
#3405=ORIENTED_EDGE('',*,*,#2337,.T.);
#3406=ORIENTED_EDGE('',*,*,#2350,.T.);
#3407=ORIENTED_EDGE('',*,*,#2347,.T.);
#3408=ORIENTED_EDGE('',*,*,#2344,.T.);
#3409=ORIENTED_EDGE('',*,*,#2341,.T.);
#3410=ORIENTED_EDGE('',*,*,#2508,.F.);
#3411=ORIENTED_EDGE('',*,*,#2509,.F.);
#3412=ORIENTED_EDGE('',*,*,#2510,.T.);
#3413=ORIENTED_EDGE('',*,*,#2511,.T.);
#3414=ORIENTED_EDGE('',*,*,#2512,.T.);
#3415=ORIENTED_EDGE('',*,*,#2513,.T.);
#3416=ORIENTED_EDGE('',*,*,#2514,.T.);
#3417=ORIENTED_EDGE('',*,*,#2515,.T.);
#3418=ORIENTED_EDGE('',*,*,#2516,.F.);
#3419=ORIENTED_EDGE('',*,*,#2517,.F.);
#3420=ORIENTED_EDGE('',*,*,#2518,.F.);
#3421=ORIENTED_EDGE('',*,*,#2519,.F.);
#3422=ORIENTED_EDGE('',*,*,#2520,.F.);
#3423=ORIENTED_EDGE('',*,*,#2521,.T.);
#3424=ORIENTED_EDGE('',*,*,#2522,.T.);
#3425=ORIENTED_EDGE('',*,*,#2523,.F.);
#3426=ORIENTED_EDGE('',*,*,#2524,.F.);
#3427=ORIENTED_EDGE('',*,*,#2525,.F.);
#3428=ORIENTED_EDGE('',*,*,#2526,.F.);
#3429=ORIENTED_EDGE('',*,*,#2527,.F.);
#3430=ORIENTED_EDGE('',*,*,#2528,.F.);
#3431=ORIENTED_EDGE('',*,*,#2529,.F.);
#3432=ORIENTED_EDGE('',*,*,#2530,.F.);
#3433=ORIENTED_EDGE('',*,*,#2531,.F.);
#3434=ORIENTED_EDGE('',*,*,#2532,.F.);
#3435=ORIENTED_EDGE('',*,*,#2533,.F.);
#3436=ORIENTED_EDGE('',*,*,#2534,.F.);
#3437=ORIENTED_EDGE('',*,*,#2535,.T.);
#3438=ORIENTED_EDGE('',*,*,#2516,.T.);
#3439=ORIENTED_EDGE('',*,*,#2536,.T.);
#3440=ORIENTED_EDGE('',*,*,#2537,.T.);
#3441=ORIENTED_EDGE('',*,*,#2538,.F.);
#3442=ORIENTED_EDGE('',*,*,#2539,.F.);
#3443=ORIENTED_EDGE('',*,*,#2540,.F.);
#3444=ORIENTED_EDGE('',*,*,#2541,.F.);
#3445=ORIENTED_EDGE('',*,*,#2522,.F.);
#3446=ORIENTED_EDGE('',*,*,#2515,.F.);
#3447=ORIENTED_EDGE('',*,*,#2542,.T.);
#3448=ORIENTED_EDGE('',*,*,#2543,.F.);
#3449=ORIENTED_EDGE('',*,*,#2544,.F.);
#3450=ORIENTED_EDGE('',*,*,#2545,.F.);
#3451=ORIENTED_EDGE('',*,*,#2536,.F.);
#3452=ORIENTED_EDGE('',*,*,#2546,.T.);
#3453=ORIENTED_EDGE('',*,*,#2537,.F.);
#3454=ORIENTED_EDGE('',*,*,#2545,.T.);
#3455=ORIENTED_EDGE('',*,*,#2547,.F.);
#3456=ORIENTED_EDGE('',*,*,#2548,.F.);
#3457=ORIENTED_EDGE('',*,*,#2546,.F.);
#3458=ORIENTED_EDGE('',*,*,#2544,.T.);
#3459=ORIENTED_EDGE('',*,*,#2549,.T.);
#3460=ORIENTED_EDGE('',*,*,#2550,.F.);
#3461=ORIENTED_EDGE('',*,*,#2551,.F.);
#3462=ORIENTED_EDGE('',*,*,#2552,.F.);
#3463=ORIENTED_EDGE('',*,*,#2553,.F.);
#3464=ORIENTED_EDGE('',*,*,#2554,.F.);
#3465=ORIENTED_EDGE('',*,*,#2555,.F.);
#3466=ORIENTED_EDGE('',*,*,#2556,.F.);
#3467=ORIENTED_EDGE('',*,*,#2557,.F.);
#3468=ORIENTED_EDGE('',*,*,#2558,.F.);
#3469=ORIENTED_EDGE('',*,*,#2559,.F.);
#3470=ORIENTED_EDGE('',*,*,#2560,.F.);
#3471=ORIENTED_EDGE('',*,*,#2561,.F.);
#3472=ORIENTED_EDGE('',*,*,#2562,.F.);
#3473=ORIENTED_EDGE('',*,*,#2563,.F.);
#3474=ORIENTED_EDGE('',*,*,#2564,.F.);
#3475=ORIENTED_EDGE('',*,*,#2565,.F.);
#3476=ORIENTED_EDGE('',*,*,#2566,.T.);
#3477=ORIENTED_EDGE('',*,*,#2567,.F.);
#3478=ORIENTED_EDGE('',*,*,#2568,.T.);
#3479=ORIENTED_EDGE('',*,*,#2569,.T.);
#3480=ORIENTED_EDGE('',*,*,#2569,.F.);
#3481=ORIENTED_EDGE('',*,*,#2570,.F.);
#3482=ORIENTED_EDGE('',*,*,#2571,.F.);
#3483=ORIENTED_EDGE('',*,*,#2572,.F.);
#3484=ORIENTED_EDGE('',*,*,#2573,.F.);
#3485=ORIENTED_EDGE('',*,*,#2550,.T.);
#3486=ORIENTED_EDGE('',*,*,#2574,.F.);
#3487=ORIENTED_EDGE('',*,*,#2568,.F.);
#3488=ORIENTED_EDGE('',*,*,#2575,.F.);
#3489=ORIENTED_EDGE('',*,*,#2208,.T.);
#3490=ORIENTED_EDGE('',*,*,#2181,.F.);
#3491=ORIENTED_EDGE('',*,*,#2576,.T.);
#3492=ORIENTED_EDGE('',*,*,#2577,.F.);
#3493=ORIENTED_EDGE('',*,*,#2578,.T.);
#3494=ORIENTED_EDGE('',*,*,#2200,.F.);
#3495=ORIENTED_EDGE('',*,*,#2189,.T.);
#3496=ORIENTED_EDGE('',*,*,#2183,.F.);
#3497=ORIENTED_EDGE('',*,*,#2207,.F.);
#3498=ORIENTED_EDGE('',*,*,#2197,.F.);
#3499=ORIENTED_EDGE('',*,*,#2579,.F.);
#3500=ORIENTED_EDGE('',*,*,#2580,.F.);
#3501=ORIENTED_EDGE('',*,*,#2581,.T.);
#3502=ORIENTED_EDGE('',*,*,#2582,.T.);
#3503=ORIENTED_EDGE('',*,*,#2583,.T.);
#3504=ORIENTED_EDGE('',*,*,#2584,.T.);
#3505=ORIENTED_EDGE('',*,*,#2585,.T.);
#3506=ORIENTED_EDGE('',*,*,#2586,.T.);
#3507=ORIENTED_EDGE('',*,*,#2587,.T.);
#3508=ORIENTED_EDGE('',*,*,#2588,.T.);
#3509=ORIENTED_EDGE('',*,*,#2589,.T.);
#3510=ORIENTED_EDGE('',*,*,#2590,.T.);
#3511=ORIENTED_EDGE('',*,*,#2591,.T.);
#3512=ORIENTED_EDGE('',*,*,#2592,.T.);
#3513=ORIENTED_EDGE('',*,*,#2593,.T.);
#3514=ORIENTED_EDGE('',*,*,#2594,.T.);
#3515=ORIENTED_EDGE('',*,*,#2595,.T.);
#3516=ORIENTED_EDGE('',*,*,#2596,.T.);
#3517=ORIENTED_EDGE('',*,*,#2597,.T.);
#3518=ORIENTED_EDGE('',*,*,#2598,.T.);
#3519=ORIENTED_EDGE('',*,*,#2599,.T.);
#3520=ORIENTED_EDGE('',*,*,#2600,.T.);
#3521=ORIENTED_EDGE('',*,*,#2601,.T.);
#3522=ORIENTED_EDGE('',*,*,#2602,.T.);
#3523=ORIENTED_EDGE('',*,*,#2603,.T.);
#3524=ORIENTED_EDGE('',*,*,#2604,.T.);
#3525=ORIENTED_EDGE('',*,*,#2605,.T.);
#3526=ORIENTED_EDGE('',*,*,#2606,.T.);
#3527=ORIENTED_EDGE('',*,*,#2607,.T.);
#3528=ORIENTED_EDGE('',*,*,#2608,.T.);
#3529=ORIENTED_EDGE('',*,*,#2609,.T.);
#3530=ORIENTED_EDGE('',*,*,#2610,.T.);
#3531=ORIENTED_EDGE('',*,*,#2611,.T.);
#3532=ORIENTED_EDGE('',*,*,#2612,.T.);
#3533=ORIENTED_EDGE('',*,*,#2613,.T.);
#3534=ORIENTED_EDGE('',*,*,#2614,.T.);
#3535=ORIENTED_EDGE('',*,*,#2615,.T.);
#3536=ORIENTED_EDGE('',*,*,#2616,.T.);
#3537=ORIENTED_EDGE('',*,*,#2617,.T.);
#3538=ORIENTED_EDGE('',*,*,#2618,.T.);
#3539=ORIENTED_EDGE('',*,*,#2619,.T.);
#3540=ORIENTED_EDGE('',*,*,#2620,.T.);
#3541=ORIENTED_EDGE('',*,*,#2621,.T.);
#3542=ORIENTED_EDGE('',*,*,#2622,.T.);
#3543=ORIENTED_EDGE('',*,*,#2623,.T.);
#3544=ORIENTED_EDGE('',*,*,#2624,.T.);
#3545=ORIENTED_EDGE('',*,*,#2570,.T.);
#3546=ORIENTED_EDGE('',*,*,#2484,.T.);
#3547=ORIENTED_EDGE('',*,*,#2506,.T.);
#3548=ORIENTED_EDGE('',*,*,#2503,.T.);
#3549=ORIENTED_EDGE('',*,*,#2500,.T.);
#3550=ORIENTED_EDGE('',*,*,#2497,.T.);
#3551=ORIENTED_EDGE('',*,*,#2494,.T.);
#3552=ORIENTED_EDGE('',*,*,#2491,.T.);
#3553=ORIENTED_EDGE('',*,*,#2488,.T.);
#3554=ORIENTED_EDGE('',*,*,#2457,.T.);
#3555=ORIENTED_EDGE('',*,*,#2482,.T.);
#3556=ORIENTED_EDGE('',*,*,#2479,.T.);
#3557=ORIENTED_EDGE('',*,*,#2476,.T.);
#3558=ORIENTED_EDGE('',*,*,#2473,.T.);
#3559=ORIENTED_EDGE('',*,*,#2470,.T.);
#3560=ORIENTED_EDGE('',*,*,#2467,.T.);
#3561=ORIENTED_EDGE('',*,*,#2464,.T.);
#3562=ORIENTED_EDGE('',*,*,#2461,.T.);
#3563=ORIENTED_EDGE('',*,*,#2397,.T.);
#3564=ORIENTED_EDGE('',*,*,#2455,.T.);
#3565=ORIENTED_EDGE('',*,*,#2452,.T.);
#3566=ORIENTED_EDGE('',*,*,#2449,.T.);
#3567=ORIENTED_EDGE('',*,*,#2446,.T.);
#3568=ORIENTED_EDGE('',*,*,#2443,.T.);
#3569=ORIENTED_EDGE('',*,*,#2440,.T.);
#3570=ORIENTED_EDGE('',*,*,#2437,.T.);
#3571=ORIENTED_EDGE('',*,*,#2434,.T.);
#3572=ORIENTED_EDGE('',*,*,#2431,.T.);
#3573=ORIENTED_EDGE('',*,*,#2428,.T.);
#3574=ORIENTED_EDGE('',*,*,#2425,.T.);
#3575=ORIENTED_EDGE('',*,*,#2422,.T.);
#3576=ORIENTED_EDGE('',*,*,#2419,.T.);
#3577=ORIENTED_EDGE('',*,*,#2416,.T.);
#3578=ORIENTED_EDGE('',*,*,#2413,.T.);
#3579=ORIENTED_EDGE('',*,*,#2410,.T.);
#3580=ORIENTED_EDGE('',*,*,#2407,.T.);
#3581=ORIENTED_EDGE('',*,*,#2404,.T.);
#3582=ORIENTED_EDGE('',*,*,#2401,.T.);
#3583=ORIENTED_EDGE('',*,*,#2352,.T.);
#3584=ORIENTED_EDGE('',*,*,#2395,.T.);
#3585=ORIENTED_EDGE('',*,*,#2392,.T.);
#3586=ORIENTED_EDGE('',*,*,#2389,.T.);
#3587=ORIENTED_EDGE('',*,*,#2386,.T.);
#3588=ORIENTED_EDGE('',*,*,#2383,.T.);
#3589=ORIENTED_EDGE('',*,*,#2380,.T.);
#3590=ORIENTED_EDGE('',*,*,#2377,.T.);
#3591=ORIENTED_EDGE('',*,*,#2374,.T.);
#3592=ORIENTED_EDGE('',*,*,#2371,.T.);
#3593=ORIENTED_EDGE('',*,*,#2368,.T.);
#3594=ORIENTED_EDGE('',*,*,#2365,.T.);
#3595=ORIENTED_EDGE('',*,*,#2362,.T.);
#3596=ORIENTED_EDGE('',*,*,#2359,.T.);
#3597=ORIENTED_EDGE('',*,*,#2356,.T.);
#3598=ORIENTED_EDGE('',*,*,#2310,.T.);
#3599=ORIENTED_EDGE('',*,*,#2335,.T.);
#3600=ORIENTED_EDGE('',*,*,#2332,.T.);
#3601=ORIENTED_EDGE('',*,*,#2329,.T.);
#3602=ORIENTED_EDGE('',*,*,#2326,.T.);
#3603=ORIENTED_EDGE('',*,*,#2323,.T.);
#3604=ORIENTED_EDGE('',*,*,#2320,.T.);
#3605=ORIENTED_EDGE('',*,*,#2317,.T.);
#3606=ORIENTED_EDGE('',*,*,#2314,.T.);
#3607=ORIENTED_EDGE('',*,*,#2211,.T.);
#3608=ORIENTED_EDGE('',*,*,#2308,.T.);
#3609=ORIENTED_EDGE('',*,*,#2305,.T.);
#3610=ORIENTED_EDGE('',*,*,#2302,.T.);
#3611=ORIENTED_EDGE('',*,*,#2299,.T.);
#3612=ORIENTED_EDGE('',*,*,#2296,.T.);
#3613=ORIENTED_EDGE('',*,*,#2293,.T.);
#3614=ORIENTED_EDGE('',*,*,#2290,.T.);
#3615=ORIENTED_EDGE('',*,*,#2287,.T.);
#3616=ORIENTED_EDGE('',*,*,#2284,.T.);
#3617=ORIENTED_EDGE('',*,*,#2281,.T.);
#3618=ORIENTED_EDGE('',*,*,#2278,.T.);
#3619=ORIENTED_EDGE('',*,*,#2275,.T.);
#3620=ORIENTED_EDGE('',*,*,#2272,.T.);
#3621=ORIENTED_EDGE('',*,*,#2269,.T.);
#3622=ORIENTED_EDGE('',*,*,#2266,.T.);
#3623=ORIENTED_EDGE('',*,*,#2263,.T.);
#3624=ORIENTED_EDGE('',*,*,#2260,.T.);
#3625=ORIENTED_EDGE('',*,*,#2257,.T.);
#3626=ORIENTED_EDGE('',*,*,#2254,.T.);
#3627=ORIENTED_EDGE('',*,*,#2251,.T.);
#3628=ORIENTED_EDGE('',*,*,#2248,.T.);
#3629=ORIENTED_EDGE('',*,*,#2245,.T.);
#3630=ORIENTED_EDGE('',*,*,#2242,.T.);
#3631=ORIENTED_EDGE('',*,*,#2239,.T.);
#3632=ORIENTED_EDGE('',*,*,#2236,.T.);
#3633=ORIENTED_EDGE('',*,*,#2233,.T.);
#3634=ORIENTED_EDGE('',*,*,#2230,.T.);
#3635=ORIENTED_EDGE('',*,*,#2227,.T.);
#3636=ORIENTED_EDGE('',*,*,#2224,.T.);
#3637=ORIENTED_EDGE('',*,*,#2221,.T.);
#3638=ORIENTED_EDGE('',*,*,#2218,.T.);
#3639=ORIENTED_EDGE('',*,*,#2215,.T.);
#3640=ORIENTED_EDGE('',*,*,#2566,.F.);
#3641=ORIENTED_EDGE('',*,*,#2574,.T.);
#3642=ORIENTED_EDGE('',*,*,#2549,.F.);
#3643=ORIENTED_EDGE('',*,*,#2543,.T.);
#3644=ORIENTED_EDGE('',*,*,#2625,.T.);
#3645=ORIENTED_EDGE('',*,*,#2626,.F.);
#3646=ORIENTED_EDGE('',*,*,#2627,.F.);
#3647=ORIENTED_EDGE('',*,*,#2195,.T.);
#3648=ORIENTED_EDGE('',*,*,#2199,.T.);
#3649=ORIENTED_EDGE('',*,*,#2185,.T.);
#3650=ORIENTED_EDGE('',*,*,#2191,.F.);
#3651=ORIENTED_EDGE('',*,*,#2202,.T.);
#3652=ORIENTED_EDGE('',*,*,#2628,.T.);
#3653=ORIENTED_EDGE('',*,*,#2629,.T.);
#3654=ORIENTED_EDGE('',*,*,#2630,.T.);
#3655=ORIENTED_EDGE('',*,*,#2179,.T.);
#3656=ORIENTED_EDGE('',*,*,#2210,.T.);
#3657=ORIENTED_EDGE('',*,*,#2631,.F.);
#3658=ORIENTED_EDGE('',*,*,#2626,.T.);
#3659=ORIENTED_EDGE('',*,*,#2632,.T.);
#3660=ORIENTED_EDGE('',*,*,#2580,.T.);
#3661=ORIENTED_EDGE('',*,*,#2633,.F.);
#3662=ORIENTED_EDGE('',*,*,#2632,.F.);
#3663=ORIENTED_EDGE('',*,*,#2625,.F.);
#3664=ORIENTED_EDGE('',*,*,#2542,.F.);
#3665=ORIENTED_EDGE('',*,*,#2634,.F.);
#3666=ORIENTED_EDGE('',*,*,#2635,.F.);
#3667=ORIENTED_EDGE('',*,*,#2581,.F.);
#3668=ORIENTED_EDGE('',*,*,#2575,.T.);
#3669=ORIENTED_EDGE('',*,*,#2567,.T.);
#3670=ORIENTED_EDGE('',*,*,#2631,.T.);
#3671=ORIENTED_EDGE('',*,*,#2209,.T.);
#3672=ORIENTED_EDGE('',*,*,#2579,.T.);
#3673=ORIENTED_EDGE('',*,*,#2196,.T.);
#3674=ORIENTED_EDGE('',*,*,#2627,.T.);
#3675=ORIENTED_EDGE('',*,*,#2633,.T.);
#3676=ORIENTED_EDGE('',*,*,#2636,.F.);
#3677=ORIENTED_EDGE('',*,*,#2637,.F.);
#3678=ORIENTED_EDGE('',*,*,#2638,.F.);
#3679=ORIENTED_EDGE('',*,*,#2639,.T.);
#3680=ORIENTED_EDGE('',*,*,#2640,.F.);
#3681=ORIENTED_EDGE('',*,*,#2641,.F.);
#3682=ORIENTED_EDGE('',*,*,#2642,.T.);
#3683=ORIENTED_EDGE('',*,*,#2635,.T.);
#3684=ORIENTED_EDGE('',*,*,#2639,.F.);
#3685=ORIENTED_EDGE('',*,*,#2643,.F.);
#3686=ORIENTED_EDGE('',*,*,#2644,.T.);
#3687=ORIENTED_EDGE('',*,*,#2645,.T.);
#3688=ORIENTED_EDGE('',*,*,#2582,.F.);
#3689=ORIENTED_EDGE('',*,*,#2642,.F.);
#3690=ORIENTED_EDGE('',*,*,#2646,.F.);
#3691=ORIENTED_EDGE('',*,*,#2647,.T.);
#3692=ORIENTED_EDGE('',*,*,#2583,.F.);
#3693=ORIENTED_EDGE('',*,*,#2645,.F.);
#3694=ORIENTED_EDGE('',*,*,#2644,.F.);
#3695=ORIENTED_EDGE('',*,*,#2648,.F.);
#3696=ORIENTED_EDGE('',*,*,#2649,.T.);
#3697=ORIENTED_EDGE('',*,*,#2584,.F.);
#3698=ORIENTED_EDGE('',*,*,#2647,.F.);
#3699=ORIENTED_EDGE('',*,*,#2650,.F.);
#3700=ORIENTED_EDGE('',*,*,#2651,.T.);
#3701=ORIENTED_EDGE('',*,*,#2585,.F.);
#3702=ORIENTED_EDGE('',*,*,#2649,.F.);
#3703=ORIENTED_EDGE('',*,*,#2652,.F.);
#3704=ORIENTED_EDGE('',*,*,#2653,.T.);
#3705=ORIENTED_EDGE('',*,*,#2586,.F.);
#3706=ORIENTED_EDGE('',*,*,#2651,.F.);
#3707=ORIENTED_EDGE('',*,*,#2654,.F.);
#3708=ORIENTED_EDGE('',*,*,#2655,.T.);
#3709=ORIENTED_EDGE('',*,*,#2587,.F.);
#3710=ORIENTED_EDGE('',*,*,#2653,.F.);
#3711=ORIENTED_EDGE('',*,*,#2656,.F.);
#3712=ORIENTED_EDGE('',*,*,#2657,.T.);
#3713=ORIENTED_EDGE('',*,*,#2588,.F.);
#3714=ORIENTED_EDGE('',*,*,#2655,.F.);
#3715=ORIENTED_EDGE('',*,*,#2658,.F.);
#3716=ORIENTED_EDGE('',*,*,#2659,.T.);
#3717=ORIENTED_EDGE('',*,*,#2589,.F.);
#3718=ORIENTED_EDGE('',*,*,#2657,.F.);
#3719=ORIENTED_EDGE('',*,*,#2660,.F.);
#3720=ORIENTED_EDGE('',*,*,#2661,.T.);
#3721=ORIENTED_EDGE('',*,*,#2590,.F.);
#3722=ORIENTED_EDGE('',*,*,#2659,.F.);
#3723=ORIENTED_EDGE('',*,*,#2662,.F.);
#3724=ORIENTED_EDGE('',*,*,#2663,.T.);
#3725=ORIENTED_EDGE('',*,*,#2591,.F.);
#3726=ORIENTED_EDGE('',*,*,#2661,.F.);
#3727=ORIENTED_EDGE('',*,*,#2664,.F.);
#3728=ORIENTED_EDGE('',*,*,#2665,.T.);
#3729=ORIENTED_EDGE('',*,*,#2592,.F.);
#3730=ORIENTED_EDGE('',*,*,#2663,.F.);
#3731=ORIENTED_EDGE('',*,*,#2666,.F.);
#3732=ORIENTED_EDGE('',*,*,#2667,.T.);
#3733=ORIENTED_EDGE('',*,*,#2593,.F.);
#3734=ORIENTED_EDGE('',*,*,#2665,.F.);
#3735=ORIENTED_EDGE('',*,*,#2668,.F.);
#3736=ORIENTED_EDGE('',*,*,#2669,.T.);
#3737=ORIENTED_EDGE('',*,*,#2594,.F.);
#3738=ORIENTED_EDGE('',*,*,#2667,.F.);
#3739=ORIENTED_EDGE('',*,*,#2670,.F.);
#3740=ORIENTED_EDGE('',*,*,#2671,.T.);
#3741=ORIENTED_EDGE('',*,*,#2595,.F.);
#3742=ORIENTED_EDGE('',*,*,#2669,.F.);
#3743=ORIENTED_EDGE('',*,*,#2672,.F.);
#3744=ORIENTED_EDGE('',*,*,#2673,.T.);
#3745=ORIENTED_EDGE('',*,*,#2596,.F.);
#3746=ORIENTED_EDGE('',*,*,#2671,.F.);
#3747=ORIENTED_EDGE('',*,*,#2674,.F.);
#3748=ORIENTED_EDGE('',*,*,#2675,.T.);
#3749=ORIENTED_EDGE('',*,*,#2597,.F.);
#3750=ORIENTED_EDGE('',*,*,#2673,.F.);
#3751=ORIENTED_EDGE('',*,*,#2676,.F.);
#3752=ORIENTED_EDGE('',*,*,#2677,.T.);
#3753=ORIENTED_EDGE('',*,*,#2598,.F.);
#3754=ORIENTED_EDGE('',*,*,#2675,.F.);
#3755=ORIENTED_EDGE('',*,*,#2678,.F.);
#3756=ORIENTED_EDGE('',*,*,#2679,.T.);
#3757=ORIENTED_EDGE('',*,*,#2599,.F.);
#3758=ORIENTED_EDGE('',*,*,#2677,.F.);
#3759=ORIENTED_EDGE('',*,*,#2680,.F.);
#3760=ORIENTED_EDGE('',*,*,#2681,.T.);
#3761=ORIENTED_EDGE('',*,*,#2600,.F.);
#3762=ORIENTED_EDGE('',*,*,#2679,.F.);
#3763=ORIENTED_EDGE('',*,*,#2682,.F.);
#3764=ORIENTED_EDGE('',*,*,#2683,.T.);
#3765=ORIENTED_EDGE('',*,*,#2601,.F.);
#3766=ORIENTED_EDGE('',*,*,#2681,.F.);
#3767=ORIENTED_EDGE('',*,*,#2684,.F.);
#3768=ORIENTED_EDGE('',*,*,#2685,.T.);
#3769=ORIENTED_EDGE('',*,*,#2602,.F.);
#3770=ORIENTED_EDGE('',*,*,#2683,.F.);
#3771=ORIENTED_EDGE('',*,*,#2686,.F.);
#3772=ORIENTED_EDGE('',*,*,#2687,.T.);
#3773=ORIENTED_EDGE('',*,*,#2603,.F.);
#3774=ORIENTED_EDGE('',*,*,#2685,.F.);
#3775=ORIENTED_EDGE('',*,*,#2688,.F.);
#3776=ORIENTED_EDGE('',*,*,#2689,.T.);
#3777=ORIENTED_EDGE('',*,*,#2604,.F.);
#3778=ORIENTED_EDGE('',*,*,#2687,.F.);
#3779=ORIENTED_EDGE('',*,*,#2690,.F.);
#3780=ORIENTED_EDGE('',*,*,#2691,.T.);
#3781=ORIENTED_EDGE('',*,*,#2605,.F.);
#3782=ORIENTED_EDGE('',*,*,#2689,.F.);
#3783=ORIENTED_EDGE('',*,*,#2692,.F.);
#3784=ORIENTED_EDGE('',*,*,#2693,.T.);
#3785=ORIENTED_EDGE('',*,*,#2606,.F.);
#3786=ORIENTED_EDGE('',*,*,#2691,.F.);
#3787=ORIENTED_EDGE('',*,*,#2694,.F.);
#3788=ORIENTED_EDGE('',*,*,#2695,.T.);
#3789=ORIENTED_EDGE('',*,*,#2607,.F.);
#3790=ORIENTED_EDGE('',*,*,#2693,.F.);
#3791=ORIENTED_EDGE('',*,*,#2696,.F.);
#3792=ORIENTED_EDGE('',*,*,#2697,.T.);
#3793=ORIENTED_EDGE('',*,*,#2608,.F.);
#3794=ORIENTED_EDGE('',*,*,#2695,.F.);
#3795=ORIENTED_EDGE('',*,*,#2698,.F.);
#3796=ORIENTED_EDGE('',*,*,#2699,.T.);
#3797=ORIENTED_EDGE('',*,*,#2609,.F.);
#3798=ORIENTED_EDGE('',*,*,#2697,.F.);
#3799=ORIENTED_EDGE('',*,*,#2700,.F.);
#3800=ORIENTED_EDGE('',*,*,#2701,.T.);
#3801=ORIENTED_EDGE('',*,*,#2610,.F.);
#3802=ORIENTED_EDGE('',*,*,#2699,.F.);
#3803=ORIENTED_EDGE('',*,*,#2702,.F.);
#3804=ORIENTED_EDGE('',*,*,#2703,.T.);
#3805=ORIENTED_EDGE('',*,*,#2611,.F.);
#3806=ORIENTED_EDGE('',*,*,#2701,.F.);
#3807=ORIENTED_EDGE('',*,*,#2704,.F.);
#3808=ORIENTED_EDGE('',*,*,#2705,.T.);
#3809=ORIENTED_EDGE('',*,*,#2612,.F.);
#3810=ORIENTED_EDGE('',*,*,#2703,.F.);
#3811=ORIENTED_EDGE('',*,*,#2706,.F.);
#3812=ORIENTED_EDGE('',*,*,#2707,.T.);
#3813=ORIENTED_EDGE('',*,*,#2613,.F.);
#3814=ORIENTED_EDGE('',*,*,#2705,.F.);
#3815=ORIENTED_EDGE('',*,*,#2708,.F.);
#3816=ORIENTED_EDGE('',*,*,#2709,.T.);
#3817=ORIENTED_EDGE('',*,*,#2614,.F.);
#3818=ORIENTED_EDGE('',*,*,#2707,.F.);
#3819=ORIENTED_EDGE('',*,*,#2710,.F.);
#3820=ORIENTED_EDGE('',*,*,#2711,.T.);
#3821=ORIENTED_EDGE('',*,*,#2615,.F.);
#3822=ORIENTED_EDGE('',*,*,#2709,.F.);
#3823=ORIENTED_EDGE('',*,*,#2712,.F.);
#3824=ORIENTED_EDGE('',*,*,#2713,.T.);
#3825=ORIENTED_EDGE('',*,*,#2616,.F.);
#3826=ORIENTED_EDGE('',*,*,#2711,.F.);
#3827=ORIENTED_EDGE('',*,*,#2714,.F.);
#3828=ORIENTED_EDGE('',*,*,#2715,.T.);
#3829=ORIENTED_EDGE('',*,*,#2617,.F.);
#3830=ORIENTED_EDGE('',*,*,#2713,.F.);
#3831=ORIENTED_EDGE('',*,*,#2716,.F.);
#3832=ORIENTED_EDGE('',*,*,#2717,.T.);
#3833=ORIENTED_EDGE('',*,*,#2618,.F.);
#3834=ORIENTED_EDGE('',*,*,#2715,.F.);
#3835=ORIENTED_EDGE('',*,*,#2718,.F.);
#3836=ORIENTED_EDGE('',*,*,#2719,.T.);
#3837=ORIENTED_EDGE('',*,*,#2619,.F.);
#3838=ORIENTED_EDGE('',*,*,#2717,.F.);
#3839=ORIENTED_EDGE('',*,*,#2720,.F.);
#3840=ORIENTED_EDGE('',*,*,#2721,.T.);
#3841=ORIENTED_EDGE('',*,*,#2620,.F.);
#3842=ORIENTED_EDGE('',*,*,#2719,.F.);
#3843=ORIENTED_EDGE('',*,*,#2722,.F.);
#3844=ORIENTED_EDGE('',*,*,#2723,.T.);
#3845=ORIENTED_EDGE('',*,*,#2621,.F.);
#3846=ORIENTED_EDGE('',*,*,#2721,.F.);
#3847=ORIENTED_EDGE('',*,*,#2724,.F.);
#3848=ORIENTED_EDGE('',*,*,#2725,.T.);
#3849=ORIENTED_EDGE('',*,*,#2622,.F.);
#3850=ORIENTED_EDGE('',*,*,#2723,.F.);
#3851=ORIENTED_EDGE('',*,*,#2726,.F.);
#3852=ORIENTED_EDGE('',*,*,#2727,.T.);
#3853=ORIENTED_EDGE('',*,*,#2623,.F.);
#3854=ORIENTED_EDGE('',*,*,#2725,.F.);
#3855=ORIENTED_EDGE('',*,*,#2728,.F.);
#3856=ORIENTED_EDGE('',*,*,#2571,.T.);
#3857=ORIENTED_EDGE('',*,*,#2624,.F.);
#3858=ORIENTED_EDGE('',*,*,#2727,.F.);
#3859=ORIENTED_EDGE('',*,*,#2573,.T.);
#3860=ORIENTED_EDGE('',*,*,#2729,.F.);
#3861=ORIENTED_EDGE('',*,*,#2730,.F.);
#3862=ORIENTED_EDGE('',*,*,#2551,.T.);
#3863=ORIENTED_EDGE('',*,*,#2730,.T.);
#3864=ORIENTED_EDGE('',*,*,#2731,.F.);
#3865=ORIENTED_EDGE('',*,*,#2732,.F.);
#3866=ORIENTED_EDGE('',*,*,#2552,.T.);
#3867=ORIENTED_EDGE('',*,*,#2732,.T.);
#3868=ORIENTED_EDGE('',*,*,#2733,.F.);
#3869=ORIENTED_EDGE('',*,*,#2734,.F.);
#3870=ORIENTED_EDGE('',*,*,#2553,.T.);
#3871=ORIENTED_EDGE('',*,*,#2734,.T.);
#3872=ORIENTED_EDGE('',*,*,#2735,.F.);
#3873=ORIENTED_EDGE('',*,*,#2736,.F.);
#3874=ORIENTED_EDGE('',*,*,#2554,.T.);
#3875=ORIENTED_EDGE('',*,*,#2736,.T.);
#3876=ORIENTED_EDGE('',*,*,#2737,.F.);
#3877=ORIENTED_EDGE('',*,*,#2738,.F.);
#3878=ORIENTED_EDGE('',*,*,#2555,.T.);
#3879=ORIENTED_EDGE('',*,*,#2738,.T.);
#3880=ORIENTED_EDGE('',*,*,#2739,.F.);
#3881=ORIENTED_EDGE('',*,*,#2740,.F.);
#3882=ORIENTED_EDGE('',*,*,#2556,.T.);
#3883=ORIENTED_EDGE('',*,*,#2740,.T.);
#3884=ORIENTED_EDGE('',*,*,#2741,.F.);
#3885=ORIENTED_EDGE('',*,*,#2742,.F.);
#3886=ORIENTED_EDGE('',*,*,#2557,.T.);
#3887=ORIENTED_EDGE('',*,*,#2742,.T.);
#3888=ORIENTED_EDGE('',*,*,#2743,.F.);
#3889=ORIENTED_EDGE('',*,*,#2744,.F.);
#3890=ORIENTED_EDGE('',*,*,#2558,.T.);
#3891=ORIENTED_EDGE('',*,*,#2744,.T.);
#3892=ORIENTED_EDGE('',*,*,#2745,.F.);
#3893=ORIENTED_EDGE('',*,*,#2746,.F.);
#3894=ORIENTED_EDGE('',*,*,#2559,.T.);
#3895=ORIENTED_EDGE('',*,*,#2746,.T.);
#3896=ORIENTED_EDGE('',*,*,#2747,.F.);
#3897=ORIENTED_EDGE('',*,*,#2748,.F.);
#3898=ORIENTED_EDGE('',*,*,#2560,.T.);
#3899=ORIENTED_EDGE('',*,*,#2748,.T.);
#3900=ORIENTED_EDGE('',*,*,#2749,.F.);
#3901=ORIENTED_EDGE('',*,*,#2750,.F.);
#3902=ORIENTED_EDGE('',*,*,#2561,.T.);
#3903=ORIENTED_EDGE('',*,*,#2750,.T.);
#3904=ORIENTED_EDGE('',*,*,#2751,.F.);
#3905=ORIENTED_EDGE('',*,*,#2752,.F.);
#3906=ORIENTED_EDGE('',*,*,#2562,.T.);
#3907=ORIENTED_EDGE('',*,*,#2752,.T.);
#3908=ORIENTED_EDGE('',*,*,#2753,.F.);
#3909=ORIENTED_EDGE('',*,*,#2754,.F.);
#3910=ORIENTED_EDGE('',*,*,#2563,.T.);
#3911=ORIENTED_EDGE('',*,*,#2754,.T.);
#3912=ORIENTED_EDGE('',*,*,#2755,.F.);
#3913=ORIENTED_EDGE('',*,*,#2756,.F.);
#3914=ORIENTED_EDGE('',*,*,#2564,.T.);
#3915=ORIENTED_EDGE('',*,*,#2756,.T.);
#3916=ORIENTED_EDGE('',*,*,#2757,.F.);
#3917=ORIENTED_EDGE('',*,*,#2758,.F.);
#3918=ORIENTED_EDGE('',*,*,#2565,.T.);
#3919=ORIENTED_EDGE('',*,*,#2758,.T.);
#3920=ORIENTED_EDGE('',*,*,#2759,.F.);
#3921=ORIENTED_EDGE('',*,*,#2760,.F.);
#3922=ORIENTED_EDGE('',*,*,#2547,.T.);
#3923=ORIENTED_EDGE('',*,*,#2548,.T.);
#3924=ORIENTED_EDGE('',*,*,#2760,.T.);
#3925=ORIENTED_EDGE('',*,*,#2761,.F.);
#3926=ORIENTED_EDGE('',*,*,#2762,.F.);
#3927=ORIENTED_EDGE('',*,*,#2538,.T.);
#3928=ORIENTED_EDGE('',*,*,#2762,.T.);
#3929=ORIENTED_EDGE('',*,*,#2763,.F.);
#3930=ORIENTED_EDGE('',*,*,#2764,.F.);
#3931=ORIENTED_EDGE('',*,*,#2764,.T.);
#3932=ORIENTED_EDGE('',*,*,#2765,.F.);
#3933=ORIENTED_EDGE('',*,*,#2766,.F.);
#3934=ORIENTED_EDGE('',*,*,#2539,.T.);
#3935=ORIENTED_EDGE('',*,*,#2766,.T.);
#3936=ORIENTED_EDGE('',*,*,#2767,.F.);
#3937=ORIENTED_EDGE('',*,*,#2768,.F.);
#3938=ORIENTED_EDGE('',*,*,#2540,.T.);
#3939=ORIENTED_EDGE('',*,*,#2523,.T.);
#3940=ORIENTED_EDGE('',*,*,#2541,.T.);
#3941=ORIENTED_EDGE('',*,*,#2768,.T.);
#3942=ORIENTED_EDGE('',*,*,#2769,.F.);
#3943=ORIENTED_EDGE('',*,*,#2770,.F.);
#3944=ORIENTED_EDGE('',*,*,#2524,.T.);
#3945=ORIENTED_EDGE('',*,*,#2770,.T.);
#3946=ORIENTED_EDGE('',*,*,#2771,.F.);
#3947=ORIENTED_EDGE('',*,*,#2772,.F.);
#3948=ORIENTED_EDGE('',*,*,#2525,.T.);
#3949=ORIENTED_EDGE('',*,*,#2772,.T.);
#3950=ORIENTED_EDGE('',*,*,#2773,.F.);
#3951=ORIENTED_EDGE('',*,*,#2774,.F.);
#3952=ORIENTED_EDGE('',*,*,#2526,.T.);
#3953=ORIENTED_EDGE('',*,*,#2774,.T.);
#3954=ORIENTED_EDGE('',*,*,#2775,.F.);
#3955=ORIENTED_EDGE('',*,*,#2776,.F.);
#3956=ORIENTED_EDGE('',*,*,#2527,.T.);
#3957=ORIENTED_EDGE('',*,*,#2776,.T.);
#3958=ORIENTED_EDGE('',*,*,#2777,.F.);
#3959=ORIENTED_EDGE('',*,*,#2778,.F.);
#3960=ORIENTED_EDGE('',*,*,#2528,.T.);
#3961=ORIENTED_EDGE('',*,*,#2778,.T.);
#3962=ORIENTED_EDGE('',*,*,#2779,.F.);
#3963=ORIENTED_EDGE('',*,*,#2780,.F.);
#3964=ORIENTED_EDGE('',*,*,#2529,.T.);
#3965=ORIENTED_EDGE('',*,*,#2780,.T.);
#3966=ORIENTED_EDGE('',*,*,#2781,.F.);
#3967=ORIENTED_EDGE('',*,*,#2782,.F.);
#3968=ORIENTED_EDGE('',*,*,#2530,.T.);
#3969=ORIENTED_EDGE('',*,*,#2782,.T.);
#3970=ORIENTED_EDGE('',*,*,#2783,.F.);
#3971=ORIENTED_EDGE('',*,*,#2784,.F.);
#3972=ORIENTED_EDGE('',*,*,#2531,.T.);
#3973=ORIENTED_EDGE('',*,*,#2784,.T.);
#3974=ORIENTED_EDGE('',*,*,#2785,.F.);
#3975=ORIENTED_EDGE('',*,*,#2786,.F.);
#3976=ORIENTED_EDGE('',*,*,#2532,.T.);
#3977=ORIENTED_EDGE('',*,*,#2786,.T.);
#3978=ORIENTED_EDGE('',*,*,#2787,.F.);
#3979=ORIENTED_EDGE('',*,*,#2788,.F.);
#3980=ORIENTED_EDGE('',*,*,#2533,.T.);
#3981=ORIENTED_EDGE('',*,*,#2788,.T.);
#3982=ORIENTED_EDGE('',*,*,#2789,.F.);
#3983=ORIENTED_EDGE('',*,*,#2790,.F.);
#3984=ORIENTED_EDGE('',*,*,#2534,.T.);
#3985=ORIENTED_EDGE('',*,*,#2790,.T.);
#3986=ORIENTED_EDGE('',*,*,#2791,.F.);
#3987=ORIENTED_EDGE('',*,*,#2792,.F.);
#3988=ORIENTED_EDGE('',*,*,#2792,.T.);
#3989=ORIENTED_EDGE('',*,*,#2793,.F.);
#3990=ORIENTED_EDGE('',*,*,#2794,.F.);
#3991=ORIENTED_EDGE('',*,*,#2517,.T.);
#3992=ORIENTED_EDGE('',*,*,#2535,.F.);
#3993=ORIENTED_EDGE('',*,*,#2521,.F.);
#3994=ORIENTED_EDGE('',*,*,#2794,.T.);
#3995=ORIENTED_EDGE('',*,*,#2795,.F.);
#3996=ORIENTED_EDGE('',*,*,#2796,.F.);
#3997=ORIENTED_EDGE('',*,*,#2518,.T.);
#3998=ORIENTED_EDGE('',*,*,#2796,.T.);
#3999=ORIENTED_EDGE('',*,*,#2797,.F.);
#4000=ORIENTED_EDGE('',*,*,#2798,.F.);
#4001=ORIENTED_EDGE('',*,*,#2519,.T.);
#4002=ORIENTED_EDGE('',*,*,#2798,.T.);
#4003=ORIENTED_EDGE('',*,*,#2799,.F.);
#4004=ORIENTED_EDGE('',*,*,#2800,.F.);
#4005=ORIENTED_EDGE('',*,*,#2520,.T.);
#4006=ORIENTED_EDGE('',*,*,#2800,.T.);
#4007=ORIENTED_EDGE('',*,*,#2801,.F.);
#4008=ORIENTED_EDGE('',*,*,#2802,.F.);
#4009=ORIENTED_EDGE('',*,*,#2508,.T.);
#4010=ORIENTED_EDGE('',*,*,#2509,.T.);
#4011=ORIENTED_EDGE('',*,*,#2802,.T.);
#4012=ORIENTED_EDGE('',*,*,#2803,.F.);
#4013=ORIENTED_EDGE('',*,*,#2804,.F.);
#4014=ORIENTED_EDGE('',*,*,#2804,.T.);
#4015=ORIENTED_EDGE('',*,*,#2805,.F.);
#4016=ORIENTED_EDGE('',*,*,#2806,.F.);
#4017=ORIENTED_EDGE('',*,*,#2510,.F.);
#4018=ORIENTED_EDGE('',*,*,#2806,.T.);
#4019=ORIENTED_EDGE('',*,*,#2807,.F.);
#4020=ORIENTED_EDGE('',*,*,#2808,.F.);
#4021=ORIENTED_EDGE('',*,*,#2511,.F.);
#4022=ORIENTED_EDGE('',*,*,#2808,.T.);
#4023=ORIENTED_EDGE('',*,*,#2809,.F.);
#4024=ORIENTED_EDGE('',*,*,#2810,.F.);
#4025=ORIENTED_EDGE('',*,*,#2512,.F.);
#4026=ORIENTED_EDGE('',*,*,#2810,.T.);
#4027=ORIENTED_EDGE('',*,*,#2811,.F.);
#4028=ORIENTED_EDGE('',*,*,#2812,.F.);
#4029=ORIENTED_EDGE('',*,*,#2513,.F.);
#4030=ORIENTED_EDGE('',*,*,#2812,.T.);
#4031=ORIENTED_EDGE('',*,*,#2813,.F.);
#4032=ORIENTED_EDGE('',*,*,#2814,.F.);
#4033=ORIENTED_EDGE('',*,*,#2640,.T.);
#4034=ORIENTED_EDGE('',*,*,#2634,.T.);
#4035=ORIENTED_EDGE('',*,*,#2514,.F.);
#4036=ORIENTED_EDGE('',*,*,#2636,.T.);
#4037=ORIENTED_EDGE('',*,*,#2814,.T.);
#4038=ORIENTED_EDGE('',*,*,#2643,.T.);
#4039=ORIENTED_EDGE('',*,*,#2641,.T.);
#4040=ORIENTED_EDGE('',*,*,#2638,.T.);
#4041=ORIENTED_EDGE('',*,*,#2815,.F.);
#4042=ORIENTED_EDGE('',*,*,#2637,.T.);
#4043=ORIENTED_EDGE('',*,*,#2815,.T.);
#4044=ORIENTED_EDGE('',*,*,#2648,.T.);
#4045=ORIENTED_EDGE('',*,*,#2646,.T.);
#4046=ORIENTED_EDGE('',*,*,#2813,.T.);
#4047=ORIENTED_EDGE('',*,*,#2811,.T.);
#4048=ORIENTED_EDGE('',*,*,#2809,.T.);
#4049=ORIENTED_EDGE('',*,*,#2807,.T.);
#4050=ORIENTED_EDGE('',*,*,#2805,.T.);
#4051=ORIENTED_EDGE('',*,*,#2803,.T.);
#4052=ORIENTED_EDGE('',*,*,#2801,.T.);
#4053=ORIENTED_EDGE('',*,*,#2799,.T.);
#4054=ORIENTED_EDGE('',*,*,#2797,.T.);
#4055=ORIENTED_EDGE('',*,*,#2795,.T.);
#4056=ORIENTED_EDGE('',*,*,#2793,.T.);
#4057=ORIENTED_EDGE('',*,*,#2791,.T.);
#4058=ORIENTED_EDGE('',*,*,#2789,.T.);
#4059=ORIENTED_EDGE('',*,*,#2787,.T.);
#4060=ORIENTED_EDGE('',*,*,#2785,.T.);
#4061=ORIENTED_EDGE('',*,*,#2783,.T.);
#4062=ORIENTED_EDGE('',*,*,#2781,.T.);
#4063=ORIENTED_EDGE('',*,*,#2779,.T.);
#4064=ORIENTED_EDGE('',*,*,#2777,.T.);
#4065=ORIENTED_EDGE('',*,*,#2775,.T.);
#4066=ORIENTED_EDGE('',*,*,#2773,.T.);
#4067=ORIENTED_EDGE('',*,*,#2771,.T.);
#4068=ORIENTED_EDGE('',*,*,#2769,.T.);
#4069=ORIENTED_EDGE('',*,*,#2767,.T.);
#4070=ORIENTED_EDGE('',*,*,#2765,.T.);
#4071=ORIENTED_EDGE('',*,*,#2763,.T.);
#4072=ORIENTED_EDGE('',*,*,#2761,.T.);
#4073=ORIENTED_EDGE('',*,*,#2759,.T.);
#4074=ORIENTED_EDGE('',*,*,#2757,.T.);
#4075=ORIENTED_EDGE('',*,*,#2755,.T.);
#4076=ORIENTED_EDGE('',*,*,#2753,.T.);
#4077=ORIENTED_EDGE('',*,*,#2751,.T.);
#4078=ORIENTED_EDGE('',*,*,#2749,.T.);
#4079=ORIENTED_EDGE('',*,*,#2747,.T.);
#4080=ORIENTED_EDGE('',*,*,#2745,.T.);
#4081=ORIENTED_EDGE('',*,*,#2743,.T.);
#4082=ORIENTED_EDGE('',*,*,#2741,.T.);
#4083=ORIENTED_EDGE('',*,*,#2739,.T.);
#4084=ORIENTED_EDGE('',*,*,#2737,.T.);
#4085=ORIENTED_EDGE('',*,*,#2735,.T.);
#4086=ORIENTED_EDGE('',*,*,#2733,.T.);
#4087=ORIENTED_EDGE('',*,*,#2731,.T.);
#4088=ORIENTED_EDGE('',*,*,#2729,.T.);
#4089=ORIENTED_EDGE('',*,*,#2572,.T.);
#4090=ORIENTED_EDGE('',*,*,#2728,.T.);
#4091=ORIENTED_EDGE('',*,*,#2726,.T.);
#4092=ORIENTED_EDGE('',*,*,#2724,.T.);
#4093=ORIENTED_EDGE('',*,*,#2722,.T.);
#4094=ORIENTED_EDGE('',*,*,#2720,.T.);
#4095=ORIENTED_EDGE('',*,*,#2718,.T.);
#4096=ORIENTED_EDGE('',*,*,#2716,.T.);
#4097=ORIENTED_EDGE('',*,*,#2714,.T.);
#4098=ORIENTED_EDGE('',*,*,#2712,.T.);
#4099=ORIENTED_EDGE('',*,*,#2710,.T.);
#4100=ORIENTED_EDGE('',*,*,#2708,.T.);
#4101=ORIENTED_EDGE('',*,*,#2706,.T.);
#4102=ORIENTED_EDGE('',*,*,#2704,.T.);
#4103=ORIENTED_EDGE('',*,*,#2702,.T.);
#4104=ORIENTED_EDGE('',*,*,#2700,.T.);
#4105=ORIENTED_EDGE('',*,*,#2698,.T.);
#4106=ORIENTED_EDGE('',*,*,#2696,.T.);
#4107=ORIENTED_EDGE('',*,*,#2694,.T.);
#4108=ORIENTED_EDGE('',*,*,#2692,.T.);
#4109=ORIENTED_EDGE('',*,*,#2690,.T.);
#4110=ORIENTED_EDGE('',*,*,#2688,.T.);
#4111=ORIENTED_EDGE('',*,*,#2686,.T.);
#4112=ORIENTED_EDGE('',*,*,#2684,.T.);
#4113=ORIENTED_EDGE('',*,*,#2682,.T.);
#4114=ORIENTED_EDGE('',*,*,#2680,.T.);
#4115=ORIENTED_EDGE('',*,*,#2678,.T.);
#4116=ORIENTED_EDGE('',*,*,#2676,.T.);
#4117=ORIENTED_EDGE('',*,*,#2674,.T.);
#4118=ORIENTED_EDGE('',*,*,#2672,.T.);
#4119=ORIENTED_EDGE('',*,*,#2670,.T.);
#4120=ORIENTED_EDGE('',*,*,#2668,.T.);
#4121=ORIENTED_EDGE('',*,*,#2666,.T.);
#4122=ORIENTED_EDGE('',*,*,#2664,.T.);
#4123=ORIENTED_EDGE('',*,*,#2662,.T.);
#4124=ORIENTED_EDGE('',*,*,#2660,.T.);
#4125=ORIENTED_EDGE('',*,*,#2658,.T.);
#4126=ORIENTED_EDGE('',*,*,#2656,.T.);
#4127=ORIENTED_EDGE('',*,*,#2654,.T.);
#4128=ORIENTED_EDGE('',*,*,#2652,.T.);
#4129=ORIENTED_EDGE('',*,*,#2650,.T.);
#4130=ORIENTED_EDGE('',*,*,#2576,.F.);
#4131=ORIENTED_EDGE('',*,*,#2180,.T.);
#4132=ORIENTED_EDGE('',*,*,#2630,.F.);
#4133=ORIENTED_EDGE('',*,*,#2816,.F.);
#4134=ORIENTED_EDGE('',*,*,#2205,.T.);
#4135=ORIENTED_EDGE('',*,*,#2577,.T.);
#4136=ORIENTED_EDGE('',*,*,#2816,.T.);
#4137=ORIENTED_EDGE('',*,*,#2629,.F.);
#4138=ORIENTED_EDGE('',*,*,#2817,.F.);
#4139=ORIENTED_EDGE('',*,*,#2578,.F.);
#4140=ORIENTED_EDGE('',*,*,#2817,.T.);
#4141=ORIENTED_EDGE('',*,*,#2628,.F.);
#4142=ORIENTED_EDGE('',*,*,#2201,.F.);
#4143=ORIENTED_EDGE('',*,*,#2204,.T.);
#4144=ORIENTED_EDGE('',*,*,#2818,.T.);
#4145=ORIENTED_EDGE('',*,*,#2819,.F.);
#4146=ORIENTED_EDGE('',*,*,#2820,.F.);
#4147=ORIENTED_EDGE('',*,*,#2821,.T.);
#4148=ORIENTED_EDGE('',*,*,#2819,.T.);
#4149=ORIENTED_EDGE('',*,*,#2821,.F.);
#4150=ORIENTED_EDGE('',*,*,#2818,.F.);
#4151=ORIENTED_EDGE('',*,*,#2820,.T.);
#4152=PLANE('',#4542);
#4153=PLANE('',#4543);
#4154=PLANE('',#4544);
#4155=PLANE('',#4545);
#4156=PLANE('',#4546);
#4157=PLANE('',#4547);
#4158=PLANE('',#4548);
#4159=PLANE('',#4555);
#4160=PLANE('',#4557);
#4161=PLANE('',#4562);
#4162=PLANE('',#4563);
#4163=PLANE('',#4564);
#4164=PLANE('',#4565);
#4165=PLANE('',#4566);
#4166=PLANE('',#4567);
#4167=PLANE('',#4568);
#4168=PLANE('',#4569);
#4169=PLANE('',#4570);
#4170=PLANE('',#4571);
#4171=PLANE('',#4572);
#4172=PLANE('',#4573);
#4173=PLANE('',#4574);
#4174=PLANE('',#4575);
#4175=PLANE('',#4576);
#4176=PLANE('',#4577);
#4177=PLANE('',#4578);
#4178=PLANE('',#4579);
#4179=PLANE('',#4580);
#4180=PLANE('',#4581);
#4181=PLANE('',#4582);
#4182=PLANE('',#4583);
#4183=PLANE('',#4584);
#4184=PLANE('',#4585);
#4185=PLANE('',#4586);
#4186=PLANE('',#4587);
#4187=PLANE('',#4588);
#4188=PLANE('',#4589);
#4189=PLANE('',#4590);
#4190=PLANE('',#4591);
#4191=PLANE('',#4592);
#4192=PLANE('',#4593);
#4193=PLANE('',#4594);
#4194=PLANE('',#4595);
#4195=PLANE('',#4596);
#4196=PLANE('',#4597);
#4197=PLANE('',#4598);
#4198=PLANE('',#4599);
#4199=PLANE('',#4600);
#4200=PLANE('',#4601);
#4201=PLANE('',#4602);
#4202=PLANE('',#4603);
#4203=PLANE('',#4604);
#4204=PLANE('',#4605);
#4205=PLANE('',#4606);
#4206=PLANE('',#4607);
#4207=PLANE('',#4609);
#4208=PLANE('',#4615);
#4209=PLANE('',#4616);
#4210=PLANE('',#4621);
#4211=PLANE('',#4627);
#4212=PLANE('',#4630);
#4213=PLANE('',#4631);
#4214=PLANE('',#4632);
#4215=PLANE('',#4633);
#4216=PLANE('',#4634);
#4217=PLANE('',#4635);
#4218=PLANE('',#4636);
#4219=PLANE('',#4637);
#4220=PLANE('',#4638);
#4221=PLANE('',#4639);
#4222=PLANE('',#4640);
#4223=PLANE('',#4641);
#4224=PLANE('',#4642);
#4225=PLANE('',#4643);
#4226=PLANE('',#4644);
#4227=PLANE('',#4645);
#4228=PLANE('',#4646);
#4229=PLANE('',#4647);
#4230=PLANE('',#4648);
#4231=PLANE('',#4649);
#4232=PLANE('',#4650);
#4233=PLANE('',#4651);
#4234=PLANE('',#4652);
#4235=PLANE('',#4653);
#4236=PLANE('',#4654);
#4237=PLANE('',#4655);
#4238=PLANE('',#4656);
#4239=PLANE('',#4657);
#4240=PLANE('',#4658);
#4241=PLANE('',#4659);
#4242=PLANE('',#4660);
#4243=PLANE('',#4661);
#4244=PLANE('',#4662);
#4245=PLANE('',#4663);
#4246=PLANE('',#4664);
#4247=PLANE('',#4665);
#4248=PLANE('',#4666);
#4249=PLANE('',#4667);
#4250=PLANE('',#4668);
#4251=PLANE('',#4669);
#4252=PLANE('',#4670);
#4253=PLANE('',#4671);
#4254=PLANE('',#4672);
#4255=PLANE('',#4673);
#4256=PLANE('',#4674);
#4257=PLANE('',#4675);
#4258=PLANE('',#4676);
#4259=PLANE('',#4677);
#4260=PLANE('',#4678);
#4261=PLANE('',#4679);
#4262=PLANE('',#4680);
#4263=PLANE('',#4681);
#4264=PLANE('',#4682);
#4265=PLANE('',#4683);
#4266=PLANE('',#4684);
#4267=PLANE('',#4685);
#4268=PLANE('',#4686);
#4269=PLANE('',#4687);
#4270=PLANE('',#4688);
#4271=PLANE('',#4689);
#4272=PLANE('',#4690);
#4273=PLANE('',#4691);
#4274=PLANE('',#4692);
#4275=PLANE('',#4693);
#4276=PLANE('',#4694);
#4277=PLANE('',#4695);
#4278=PLANE('',#4696);
#4279=PLANE('',#4697);
#4280=PLANE('',#4698);
#4281=PLANE('',#4699);
#4282=PLANE('',#4700);
#4283=PLANE('',#4701);
#4284=PLANE('',#4702);
#4285=PLANE('',#4703);
#4286=PLANE('',#4704);
#4287=PLANE('',#4705);
#4288=PLANE('',#4706);
#4289=PLANE('',#4707);
#4290=PLANE('',#4708);
#4291=PLANE('',#4709);
#4292=PLANE('',#4710);
#4293=PLANE('',#4711);
#4294=PLANE('',#4712);
#4295=PLANE('',#4713);
#4296=PLANE('',#4714);
#4297=PLANE('',#4715);
#4298=PLANE('',#4716);
#4299=PLANE('',#4717);
#4300=PLANE('',#4719);
#4301=PLANE('',#4720);
#4302=PLANE('',#4721);
#4303=ADVANCED_FACE('',(#136),#4152,.F.);
#4304=ADVANCED_FACE('',(#137),#4153,.F.);
#4305=ADVANCED_FACE('',(#138),#4154,.F.);
#4306=ADVANCED_FACE('',(#139),#4155,.F.);
#4307=ADVANCED_FACE('',(#140),#4156,.F.);
#4308=ADVANCED_FACE('',(#141),#4157,.F.);
#4309=ADVANCED_FACE('',(#142,#105),#4158,.F.);
#4310=ADVANCED_FACE('',(#143),#100,.T.);
#4311=ADVANCED_FACE('',(#144),#85,.F.);
#4312=ADVANCED_FACE('',(#145),#86,.F.);
#4313=ADVANCED_FACE('',(#146,#106),#4159,.T.);
#4314=ADVANCED_FACE('',(#147),#4160,.T.);
#4315=ADVANCED_FACE('',(#148),#101,.T.);
#4316=ADVANCED_FACE('',(#149),#102,.T.);
#4317=ADVANCED_FACE('',(#150),#87,.F.);
#4318=ADVANCED_FACE('',(#151),#88,.F.);
#4319=ADVANCED_FACE('',(#152),#103,.T.);
#4320=ADVANCED_FACE('',(#153),#4161,.T.);
#4321=ADVANCED_FACE('',(#154),#15,.F.);
#4322=ADVANCED_FACE('',(#155),#16,.F.);
#4323=ADVANCED_FACE('',(#156),#17,.F.);
#4324=ADVANCED_FACE('',(#157),#18,.F.);
#4325=ADVANCED_FACE('',(#158),#19,.F.);
#4326=ADVANCED_FACE('',(#159),#20,.F.);
#4327=ADVANCED_FACE('',(#160),#21,.F.);
#4328=ADVANCED_FACE('',(#161),#22,.F.);
#4329=ADVANCED_FACE('',(#162),#23,.F.);
#4330=ADVANCED_FACE('',(#163),#24,.F.);
#4331=ADVANCED_FACE('',(#164),#25,.F.);
#4332=ADVANCED_FACE('',(#165),#26,.F.);
#4333=ADVANCED_FACE('',(#166),#27,.F.);
#4334=ADVANCED_FACE('',(#167),#28,.F.);
#4335=ADVANCED_FACE('',(#168),#4162,.F.);
#4336=ADVANCED_FACE('',(#169),#29,.F.);
#4337=ADVANCED_FACE('',(#170),#30,.F.);
#4338=ADVANCED_FACE('',(#171),#31,.F.);
#4339=ADVANCED_FACE('',(#172),#32,.F.);
#4340=ADVANCED_FACE('',(#173),#33,.F.);
#4341=ADVANCED_FACE('',(#174),#34,.F.);
#4342=ADVANCED_FACE('',(#175),#35,.F.);
#4343=ADVANCED_FACE('',(#176),#36,.F.);
#4344=ADVANCED_FACE('',(#177),#37,.F.);
#4345=ADVANCED_FACE('',(#178),#38,.F.);
#4346=ADVANCED_FACE('',(#179),#39,.F.);
#4347=ADVANCED_FACE('',(#180),#40,.F.);
#4348=ADVANCED_FACE('',(#181),#41,.F.);
#4349=ADVANCED_FACE('',(#182),#42,.F.);
#4350=ADVANCED_FACE('',(#183),#43,.F.);
#4351=ADVANCED_FACE('',(#184),#44,.F.);
#4352=ADVANCED_FACE('',(#185),#4163,.F.);
#4353=ADVANCED_FACE('',(#186),#45,.F.);
#4354=ADVANCED_FACE('',(#187),#4164,.T.);
#4355=ADVANCED_FACE('',(#188),#4165,.F.);
#4356=ADVANCED_FACE('',(#189),#46,.F.);
#4357=ADVANCED_FACE('',(#190),#47,.F.);
#4358=ADVANCED_FACE('',(#191),#4166,.F.);
#4359=ADVANCED_FACE('',(#192),#48,.F.);
#4360=ADVANCED_FACE('',(#193),#49,.F.);
#4361=ADVANCED_FACE('',(#194),#4167,.F.);
#4362=ADVANCED_FACE('',(#195),#4168,.F.);
#4363=ADVANCED_FACE('',(#196),#4169,.F.);
#4364=ADVANCED_FACE('',(#197),#4170,.T.);
#4365=ADVANCED_FACE('',(#198),#50,.F.);
#4366=ADVANCED_FACE('',(#199),#51,.F.);
#4367=ADVANCED_FACE('',(#200),#52,.F.);
#4368=ADVANCED_FACE('',(#201),#4171,.F.);
#4369=ADVANCED_FACE('',(#202),#53,.F.);
#4370=ADVANCED_FACE('',(#203),#54,.F.);
#4371=ADVANCED_FACE('',(#204),#55,.F.);
#4372=ADVANCED_FACE('',(#205),#56,.F.);
#4373=ADVANCED_FACE('',(#206),#4172,.F.);
#4374=ADVANCED_FACE('',(#207),#57,.F.);
#4375=ADVANCED_FACE('',(#208),#58,.F.);
#4376=ADVANCED_FACE('',(#209),#59,.F.);
#4377=ADVANCED_FACE('',(#210),#60,.F.);
#4378=ADVANCED_FACE('',(#211),#61,.F.);
#4379=ADVANCED_FACE('',(#212),#62,.F.);
#4380=ADVANCED_FACE('',(#213),#63,.F.);
#4381=ADVANCED_FACE('',(#214),#64,.F.);
#4382=ADVANCED_FACE('',(#215),#65,.F.);
#4383=ADVANCED_FACE('',(#216),#4173,.F.);
#4384=ADVANCED_FACE('',(#217),#66,.F.);
#4385=ADVANCED_FACE('',(#218,#107),#4174,.T.);
#4386=ADVANCED_FACE('',(#219),#67,.F.);
#4387=ADVANCED_FACE('',(#220),#68,.F.);
#4388=ADVANCED_FACE('',(#221),#69,.F.);
#4389=ADVANCED_FACE('',(#222),#4175,.F.);
#4390=ADVANCED_FACE('',(#223),#4176,.F.);
#4391=ADVANCED_FACE('',(#224),#4177,.F.);
#4392=ADVANCED_FACE('',(#225),#4178,.F.);
#4393=ADVANCED_FACE('',(#226),#4179,.F.);
#4394=ADVANCED_FACE('',(#227),#4180,.F.);
#4395=ADVANCED_FACE('',(#228),#4181,.F.);
#4396=ADVANCED_FACE('',(#229),#4182,.F.);
#4397=ADVANCED_FACE('',(#230),#4183,.F.);
#4398=ADVANCED_FACE('',(#231),#4184,.F.);
#4399=ADVANCED_FACE('',(#232),#4185,.F.);
#4400=ADVANCED_FACE('',(#233),#70,.F.);
#4401=ADVANCED_FACE('',(#234),#71,.F.);
#4402=ADVANCED_FACE('',(#235),#72,.F.);
#4403=ADVANCED_FACE('',(#236),#73,.F.);
#4404=ADVANCED_FACE('',(#237),#4186,.F.);
#4405=ADVANCED_FACE('',(#238),#74,.F.);
#4406=ADVANCED_FACE('',(#239),#4187,.T.);
#4407=ADVANCED_FACE('',(#240),#4188,.F.);
#4408=ADVANCED_FACE('',(#241),#4189,.F.);
#4409=ADVANCED_FACE('',(#242),#4190,.F.);
#4410=ADVANCED_FACE('',(#243),#75,.F.);
#4411=ADVANCED_FACE('',(#244),#76,.F.);
#4412=ADVANCED_FACE('',(#245),#4191,.F.);
#4413=ADVANCED_FACE('',(#246),#4192,.F.);
#4414=ADVANCED_FACE('',(#247),#4193,.F.);
#4415=ADVANCED_FACE('',(#248),#4194,.F.);
#4416=ADVANCED_FACE('',(#249),#4195,.T.);
#4417=ADVANCED_FACE('',(#250),#4196,.F.);
#4418=ADVANCED_FACE('',(#251),#4197,.F.);
#4419=ADVANCED_FACE('',(#252),#4198,.F.);
#4420=ADVANCED_FACE('',(#253),#4199,.F.);
#4421=ADVANCED_FACE('',(#254),#4200,.F.);
#4422=ADVANCED_FACE('',(#255),#4201,.F.);
#4423=ADVANCED_FACE('',(#256),#4202,.F.);
#4424=ADVANCED_FACE('',(#257),#4203,.F.);
#4425=ADVANCED_FACE('',(#258),#4204,.F.);
#4426=ADVANCED_FACE('',(#259),#4205,.T.);
#4427=ADVANCED_FACE('',(#260),#77,.T.);
#4428=ADVANCED_FACE('',(#261),#4206,.F.);
#4429=ADVANCED_FACE('',(#262),#78,.T.);
#4430=ADVANCED_FACE('',(#263),#4207,.T.);
#4431=ADVANCED_FACE('',(#264),#104,.T.);
#4432=ADVANCED_FACE('',(#265),#79,.T.);
#4433=ADVANCED_FACE('',(#266),#89,.T.);
#4434=ADVANCED_FACE('',(#267),#4208,.T.);
#4435=ADVANCED_FACE('',(#268,#108,#109,#110,#111,#112,#113),#4209,.T.);
#4436=ADVANCED_FACE('',(#269),#4210,.F.);
#4437=ADVANCED_FACE('',(#270),#90,.T.);
#4438=ADVANCED_FACE('',(#271),#4211,.T.);
#4439=ADVANCED_FACE('',(#272),#91,.F.);
#4440=ADVANCED_FACE('',(#273),#92,.F.);
#4441=ADVANCED_FACE('',(#274),#80,.T.);
#4442=ADVANCED_FACE('',(#275),#81,.T.);
#4443=ADVANCED_FACE('',(#276),#82,.T.);
#4444=ADVANCED_FACE('',(#277),#83,.T.);
#4445=ADVANCED_FACE('',(#278),#4212,.T.);
#4446=ADVANCED_FACE('',(#279),#4213,.T.);
#4447=ADVANCED_FACE('',(#280),#4214,.T.);
#4448=ADVANCED_FACE('',(#281),#4215,.T.);
#4449=ADVANCED_FACE('',(#282),#4216,.T.);
#4450=ADVANCED_FACE('',(#283),#4217,.T.);
#4451=ADVANCED_FACE('',(#284),#4218,.T.);
#4452=ADVANCED_FACE('',(#285),#4219,.T.);
#4453=ADVANCED_FACE('',(#286),#4220,.T.);
#4454=ADVANCED_FACE('',(#287),#4221,.T.);
#4455=ADVANCED_FACE('',(#288),#4222,.T.);
#4456=ADVANCED_FACE('',(#289),#4223,.T.);
#4457=ADVANCED_FACE('',(#290),#4224,.T.);
#4458=ADVANCED_FACE('',(#291),#4225,.T.);
#4459=ADVANCED_FACE('',(#292),#4226,.T.);
#4460=ADVANCED_FACE('',(#293),#4227,.T.);
#4461=ADVANCED_FACE('',(#294),#4228,.T.);
#4462=ADVANCED_FACE('',(#295),#4229,.T.);
#4463=ADVANCED_FACE('',(#296),#4230,.T.);
#4464=ADVANCED_FACE('',(#297),#4231,.T.);
#4465=ADVANCED_FACE('',(#298),#4232,.T.);
#4466=ADVANCED_FACE('',(#299),#4233,.T.);
#4467=ADVANCED_FACE('',(#300),#4234,.T.);
#4468=ADVANCED_FACE('',(#301),#4235,.T.);
#4469=ADVANCED_FACE('',(#302),#4236,.T.);
#4470=ADVANCED_FACE('',(#303),#4237,.T.);
#4471=ADVANCED_FACE('',(#304),#4238,.T.);
#4472=ADVANCED_FACE('',(#305),#4239,.T.);
#4473=ADVANCED_FACE('',(#306),#4240,.T.);
#4474=ADVANCED_FACE('',(#307),#4241,.T.);
#4475=ADVANCED_FACE('',(#308),#4242,.T.);
#4476=ADVANCED_FACE('',(#309),#4243,.T.);
#4477=ADVANCED_FACE('',(#310),#4244,.T.);
#4478=ADVANCED_FACE('',(#311),#4245,.T.);
#4479=ADVANCED_FACE('',(#312),#4246,.T.);
#4480=ADVANCED_FACE('',(#313),#4247,.T.);
#4481=ADVANCED_FACE('',(#314),#4248,.T.);
#4482=ADVANCED_FACE('',(#315),#4249,.T.);
#4483=ADVANCED_FACE('',(#316),#4250,.T.);
#4484=ADVANCED_FACE('',(#317),#4251,.T.);
#4485=ADVANCED_FACE('',(#318),#4252,.T.);
#4486=ADVANCED_FACE('',(#319),#4253,.T.);
#4487=ADVANCED_FACE('',(#320),#4254,.T.);
#4488=ADVANCED_FACE('',(#321),#4255,.T.);
#4489=ADVANCED_FACE('',(#322),#4256,.T.);
#4490=ADVANCED_FACE('',(#323),#4257,.T.);
#4491=ADVANCED_FACE('',(#324),#4258,.T.);
#4492=ADVANCED_FACE('',(#325),#4259,.T.);
#4493=ADVANCED_FACE('',(#326),#4260,.T.);
#4494=ADVANCED_FACE('',(#327),#4261,.T.);
#4495=ADVANCED_FACE('',(#328),#4262,.T.);
#4496=ADVANCED_FACE('',(#329),#4263,.T.);
#4497=ADVANCED_FACE('',(#330),#4264,.T.);
#4498=ADVANCED_FACE('',(#331),#4265,.T.);
#4499=ADVANCED_FACE('',(#332),#4266,.T.);
#4500=ADVANCED_FACE('',(#333),#4267,.T.);
#4501=ADVANCED_FACE('',(#334),#4268,.T.);
#4502=ADVANCED_FACE('',(#335),#4269,.T.);
#4503=ADVANCED_FACE('',(#336),#4270,.T.);
#4504=ADVANCED_FACE('',(#337),#4271,.T.);
#4505=ADVANCED_FACE('',(#338),#4272,.T.);
#4506=ADVANCED_FACE('',(#339),#4273,.T.);
#4507=ADVANCED_FACE('',(#340),#4274,.T.);
#4508=ADVANCED_FACE('',(#341),#4275,.T.);
#4509=ADVANCED_FACE('',(#342),#4276,.T.);
#4510=ADVANCED_FACE('',(#343),#4277,.T.);
#4511=ADVANCED_FACE('',(#344),#4278,.T.);
#4512=ADVANCED_FACE('',(#345),#4279,.T.);
#4513=ADVANCED_FACE('',(#346),#4280,.T.);
#4514=ADVANCED_FACE('',(#347),#4281,.T.);
#4515=ADVANCED_FACE('',(#348),#4282,.T.);
#4516=ADVANCED_FACE('',(#349),#4283,.T.);
#4517=ADVANCED_FACE('',(#350),#4284,.T.);
#4518=ADVANCED_FACE('',(#351),#4285,.T.);
#4519=ADVANCED_FACE('',(#352),#4286,.T.);
#4520=ADVANCED_FACE('',(#353),#4287,.T.);
#4521=ADVANCED_FACE('',(#354),#4288,.T.);
#4522=ADVANCED_FACE('',(#355),#4289,.T.);
#4523=ADVANCED_FACE('',(#356),#4290,.T.);
#4524=ADVANCED_FACE('',(#357),#4291,.T.);
#4525=ADVANCED_FACE('',(#358),#4292,.T.);
#4526=ADVANCED_FACE('',(#359),#4293,.T.);
#4527=ADVANCED_FACE('',(#360),#4294,.T.);
#4528=ADVANCED_FACE('',(#361),#4295,.T.);
#4529=ADVANCED_FACE('',(#362),#4296,.T.);
#4530=ADVANCED_FACE('',(#363),#4297,.T.);
#4531=ADVANCED_FACE('',(#364),#4298,.T.);
#4532=ADVANCED_FACE('',(#365,#114),#4299,.T.);
#4533=ADVANCED_FACE('',(#366),#93,.F.);
#4534=ADVANCED_FACE('',(#367,#115),#4300,.T.);
#4535=ADVANCED_FACE('',(#368),#4301,.T.);
#4536=ADVANCED_FACE('',(#369),#4302,.T.);
#4537=ADVANCED_FACE('',(#370),#84,.T.);
#4538=CLOSED_SHELL('',(#4303,#4304,#4305,#4306,#4307,#4308,#4309,#4310,
#4311,#4312,#4313,#4314,#4315,#4316,#4317,#4318,#4319,#4320,#4321,#4322,
#4323,#4324,#4325,#4326,#4327,#4328,#4329,#4330,#4331,#4332,#4333,#4334,
#4335,#4336,#4337,#4338,#4339,#4340,#4341,#4342,#4343,#4344,#4345,#4346,
#4347,#4348,#4349,#4350,#4351,#4352,#4353,#4354,#4355,#4356,#4357,#4358,
#4359,#4360,#4361,#4362,#4363,#4364,#4365,#4366,#4367,#4368,#4369,#4370,
#4371,#4372,#4373,#4374,#4375,#4376,#4377,#4378,#4379,#4380,#4381,#4382,
#4383,#4384,#4385,#4386,#4387,#4388,#4389,#4390,#4391,#4392,#4393,#4394,
#4395,#4396,#4397,#4398,#4399,#4400,#4401,#4402,#4403,#4404,#4405,#4406,
#4407,#4408,#4409,#4410,#4411,#4412,#4413,#4414,#4415,#4416,#4417,#4418,
#4419,#4420,#4421,#4422,#4423,#4424,#4425,#4426,#4427,#4428,#4429,#4430,
#4431,#4432,#4433,#4434,#4435,#4436,#4437,#4438,#4439,#4440,#4441,#4442,
#4443,#4444,#4445,#4446,#4447,#4448,#4449,#4450,#4451,#4452,#4453,#4454,
#4455,#4456,#4457,#4458,#4459,#4460,#4461,#4462,#4463,#4464,#4465,#4466,
#4467,#4468,#4469,#4470,#4471,#4472,#4473,#4474,#4475,#4476,#4477,#4478,
#4479,#4480,#4481,#4482,#4483,#4484,#4485,#4486,#4487,#4488,#4489,#4490,
#4491,#4492,#4493,#4494,#4495,#4496,#4497,#4498,#4499,#4500,#4501,#4502,
#4503,#4504,#4505,#4506,#4507,#4508,#4509,#4510,#4511,#4512,#4513,#4514,
#4515,#4516,#4517,#4518,#4519,#4520,#4521,#4522,#4523,#4524,#4525,#4526,
#4527,#4528,#4529,#4530,#4531,#4532,#4533,#4534));
#4539=CLOSED_SHELL('',(#4535,#4536,#4537));
#4540=BREP_WITH_VOIDS(' Endeffector2',#4538,(#14));
#4541=AXIS2_PLACEMENT_3D('',#5546,#4722,#4723);
#4542=AXIS2_PLACEMENT_3D('',#5547,#4724,#4725);
#4543=AXIS2_PLACEMENT_3D('',#5559,#4729,#4730);
#4544=AXIS2_PLACEMENT_3D('',#5570,#4734,#4735);
#4545=AXIS2_PLACEMENT_3D('',#5579,#4738,#4739);
#4546=AXIS2_PLACEMENT_3D('',#5590,#4743,#4744);
#4547=AXIS2_PLACEMENT_3D('',#5596,#4748,#4749);
#4548=AXIS2_PLACEMENT_3D('',#5599,#4752,#4753);
#4549=AXIS2_PLACEMENT_3D('',#5601,#4754,#4755);
#4550=AXIS2_PLACEMENT_3D('',#5649,#4759,#4760);
#4551=AXIS2_PLACEMENT_3D('',#5654,#4762,#4763);
#4552=AXIS2_PLACEMENT_3D('',#5672,#4765,#4766);
#4553=AXIS2_PLACEMENT_3D('',#5686,#4767,#4768);
#4554=AXIS2_PLACEMENT_3D('',#5715,#4771,#4772);
#4555=AXIS2_PLACEMENT_3D('',#5716,#4773,#4774);
#4556=AXIS2_PLACEMENT_3D('',#5718,#4775,#4776);
#4557=AXIS2_PLACEMENT_3D('',#5719,#4777,#4778);
#4558=AXIS2_PLACEMENT_3D('',#5798,#4785,#4786);
#4559=AXIS2_PLACEMENT_3D('',#5801,#4788,#4789);
#4560=AXIS2_PLACEMENT_3D('',#5802,#4790,#4791);
#4561=AXIS2_PLACEMENT_3D('',#5804,#4792,#4793);
#4562=AXIS2_PLACEMENT_3D('',#5832,#4795,#4796);
#4563=AXIS2_PLACEMENT_3D('',#6163,#4815,#4816);
#4564=AXIS2_PLACEMENT_3D('',#6537,#4836,#4837);
#4565=AXIS2_PLACEMENT_3D('',#6563,#4841,#4842);
#4566=AXIS2_PLACEMENT_3D('',#6564,#4843,#4844);
#4567=AXIS2_PLACEMENT_3D('',#6619,#4851,#4852);
#4568=AXIS2_PLACEMENT_3D('',#6671,#4858,#4859);
#4569=AXIS2_PLACEMENT_3D('',#6677,#4863,#4864);
#4570=AXIS2_PLACEMENT_3D('',#6683,#4868,#4869);
#4571=AXIS2_PLACEMENT_3D('',#6686,#4872,#4873);
#4572=AXIS2_PLACEMENT_3D('',#6759,#4878,#4879);
#4573=AXIS2_PLACEMENT_3D('',#6857,#4887,#4888);
#4574=AXIS2_PLACEMENT_3D('',#7070,#4901,#4902);
#4575=AXIS2_PLACEMENT_3D('',#7096,#4906,#4907);
#4576=AXIS2_PLACEMENT_3D('',#7169,#4912,#4913);
#4577=AXIS2_PLACEMENT_3D('',#7175,#4917,#4918);
#4578=AXIS2_PLACEMENT_3D('',#7181,#4922,#4923);
#4579=AXIS2_PLACEMENT_3D('',#7187,#4927,#4928);
#4580=AXIS2_PLACEMENT_3D('',#7193,#4932,#4933);
#4581=AXIS2_PLACEMENT_3D('',#7199,#4937,#4938);
#4582=AXIS2_PLACEMENT_3D('',#7205,#4942,#4943);
#4583=AXIS2_PLACEMENT_3D('',#7211,#4947,#4948);
#4584=AXIS2_PLACEMENT_3D('',#7217,#4952,#4953);
#4585=AXIS2_PLACEMENT_3D('',#7223,#4957,#4958);
#4586=AXIS2_PLACEMENT_3D('',#7229,#4962,#4963);
#4587=AXIS2_PLACEMENT_3D('',#7327,#4971,#4972);
#4588=AXIS2_PLACEMENT_3D('',#7353,#4976,#4977);
#4589=AXIS2_PLACEMENT_3D('',#7354,#4978,#4979);
#4590=AXIS2_PLACEMENT_3D('',#7363,#4984,#4985);
#4591=AXIS2_PLACEMENT_3D('',#7369,#4989,#4990);
#4592=AXIS2_PLACEMENT_3D('',#7421,#4996,#4997);
#4593=AXIS2_PLACEMENT_3D('',#7427,#5001,#5002);
#4594=AXIS2_PLACEMENT_3D('',#7433,#5006,#5007);
#4595=AXIS2_PLACEMENT_3D('',#7439,#5011,#5012);
#4596=AXIS2_PLACEMENT_3D('',#7442,#5015,#5016);
#4597=AXIS2_PLACEMENT_3D('',#7443,#5017,#5018);
#4598=AXIS2_PLACEMENT_3D('',#7452,#5023,#5024);
#4599=AXIS2_PLACEMENT_3D('',#7458,#5028,#5029);
#4600=AXIS2_PLACEMENT_3D('',#7464,#5033,#5034);
#4601=AXIS2_PLACEMENT_3D('',#7470,#5038,#5039);
#4602=AXIS2_PLACEMENT_3D('',#7476,#5043,#5044);
#4603=AXIS2_PLACEMENT_3D('',#7482,#5048,#5049);
#4604=AXIS2_PLACEMENT_3D('',#7488,#5053,#5054);
#4605=AXIS2_PLACEMENT_3D('',#7491,#5057,#5058);
#4606=AXIS2_PLACEMENT_3D('',#7492,#5059,#5060);
#4607=AXIS2_PLACEMENT_3D('',#7577,#5062,#5063);
#4608=AXIS2_PLACEMENT_3D('',#7649,#5077,#5078);
#4609=AXIS2_PLACEMENT_3D('',#7666,#5080,#5081);
#4610=AXIS2_PLACEMENT_3D('',#7676,#5084,#5085);
#4611=AXIS2_PLACEMENT_3D('',#7686,#5086,#5087);
#4612=AXIS2_PLACEMENT_3D('',#7816,#5089,#5090);
#4613=AXIS2_PLACEMENT_3D('',#7819,#5091,#5092);
#4614=AXIS2_PLACEMENT_3D('',#7823,#5094,#5095);
#4615=AXIS2_PLACEMENT_3D('',#7825,#5097,#5098);
#4616=AXIS2_PLACEMENT_3D('',#7834,#5104,#5105);
#4617=AXIS2_PLACEMENT_3D('',#7835,#5106,#5107);
#4618=AXIS2_PLACEMENT_3D('',#7839,#5109,#5110);
#4619=AXIS2_PLACEMENT_3D('',#7842,#5112,#5113);
#4620=AXIS2_PLACEMENT_3D('',#7844,#5114,#5115);
#4621=AXIS2_PLACEMENT_3D('',#7938,#5158,#5159);
#4622=AXIS2_PLACEMENT_3D('',#7942,#5161,#5162);
#4623=AXIS2_PLACEMENT_3D('',#7943,#5163,#5164);
#4624=AXIS2_PLACEMENT_3D('',#7947,#5166,#5167);
#4625=AXIS2_PLACEMENT_3D('',#7949,#5169,#5170);
#4626=AXIS2_PLACEMENT_3D('',#7950,#5171,#5172);
#4627=AXIS2_PLACEMENT_3D('',#7953,#5175,#5176);
#4628=AXIS2_PLACEMENT_3D('',#7957,#5179,#5180);
#4629=AXIS2_PLACEMENT_3D('',#7958,#5181,#5182);
#4630=AXIS2_PLACEMENT_3D('',#8077,#5190,#5191);
#4631=AXIS2_PLACEMENT_3D('',#8081,#5194,#5195);
#4632=AXIS2_PLACEMENT_3D('',#8085,#5198,#5199);
#4633=AXIS2_PLACEMENT_3D('',#8089,#5202,#5203);
#4634=AXIS2_PLACEMENT_3D('',#8093,#5206,#5207);
#4635=AXIS2_PLACEMENT_3D('',#8097,#5210,#5211);
#4636=AXIS2_PLACEMENT_3D('',#8101,#5214,#5215);
#4637=AXIS2_PLACEMENT_3D('',#8105,#5218,#5219);
#4638=AXIS2_PLACEMENT_3D('',#8109,#5222,#5223);
#4639=AXIS2_PLACEMENT_3D('',#8113,#5226,#5227);
#4640=AXIS2_PLACEMENT_3D('',#8117,#5230,#5231);
#4641=AXIS2_PLACEMENT_3D('',#8121,#5234,#5235);
#4642=AXIS2_PLACEMENT_3D('',#8125,#5238,#5239);
#4643=AXIS2_PLACEMENT_3D('',#8129,#5242,#5243);
#4644=AXIS2_PLACEMENT_3D('',#8133,#5246,#5247);
#4645=AXIS2_PLACEMENT_3D('',#8137,#5250,#5251);
#4646=AXIS2_PLACEMENT_3D('',#8141,#5254,#5255);
#4647=AXIS2_PLACEMENT_3D('',#8145,#5258,#5259);
#4648=AXIS2_PLACEMENT_3D('',#8149,#5262,#5263);
#4649=AXIS2_PLACEMENT_3D('',#8153,#5266,#5267);
#4650=AXIS2_PLACEMENT_3D('',#8157,#5270,#5271);
#4651=AXIS2_PLACEMENT_3D('',#8161,#5274,#5275);
#4652=AXIS2_PLACEMENT_3D('',#8165,#5278,#5279);
#4653=AXIS2_PLACEMENT_3D('',#8169,#5282,#5283);
#4654=AXIS2_PLACEMENT_3D('',#8173,#5286,#5287);
#4655=AXIS2_PLACEMENT_3D('',#8177,#5290,#5291);
#4656=AXIS2_PLACEMENT_3D('',#8181,#5294,#5295);
#4657=AXIS2_PLACEMENT_3D('',#8185,#5298,#5299);
#4658=AXIS2_PLACEMENT_3D('',#8189,#5302,#5303);
#4659=AXIS2_PLACEMENT_3D('',#8193,#5306,#5307);
#4660=AXIS2_PLACEMENT_3D('',#8197,#5310,#5311);
#4661=AXIS2_PLACEMENT_3D('',#8201,#5314,#5315);
#4662=AXIS2_PLACEMENT_3D('',#8205,#5318,#5319);
#4663=AXIS2_PLACEMENT_3D('',#8209,#5322,#5323);
#4664=AXIS2_PLACEMENT_3D('',#8213,#5326,#5327);
#4665=AXIS2_PLACEMENT_3D('',#8217,#5330,#5331);
#4666=AXIS2_PLACEMENT_3D('',#8221,#5334,#5335);
#4667=AXIS2_PLACEMENT_3D('',#8225,#5338,#5339);
#4668=AXIS2_PLACEMENT_3D('',#8229,#5342,#5343);
#4669=AXIS2_PLACEMENT_3D('',#8233,#5346,#5347);
#4670=AXIS2_PLACEMENT_3D('',#8237,#5350,#5351);
#4671=AXIS2_PLACEMENT_3D('',#8239,#5353,#5354);
#4672=AXIS2_PLACEMENT_3D('',#8243,#5357,#5358);
#4673=AXIS2_PLACEMENT_3D('',#8247,#5361,#5362);
#4674=AXIS2_PLACEMENT_3D('',#8251,#5365,#5366);
#4675=AXIS2_PLACEMENT_3D('',#8255,#5369,#5370);
#4676=AXIS2_PLACEMENT_3D('',#8259,#5373,#5374);
#4677=AXIS2_PLACEMENT_3D('',#8263,#5377,#5378);
#4678=AXIS2_PLACEMENT_3D('',#8267,#5381,#5382);
#4679=AXIS2_PLACEMENT_3D('',#8271,#5385,#5386);
#4680=AXIS2_PLACEMENT_3D('',#8275,#5389,#5390);
#4681=AXIS2_PLACEMENT_3D('',#8279,#5393,#5394);
#4682=AXIS2_PLACEMENT_3D('',#8283,#5397,#5398);
#4683=AXIS2_PLACEMENT_3D('',#8287,#5401,#5402);
#4684=AXIS2_PLACEMENT_3D('',#8291,#5405,#5406);
#4685=AXIS2_PLACEMENT_3D('',#8295,#5409,#5410);
#4686=AXIS2_PLACEMENT_3D('',#8299,#5413,#5414);
#4687=AXIS2_PLACEMENT_3D('',#8303,#5417,#5418);
#4688=AXIS2_PLACEMENT_3D('',#8307,#5421,#5422);
#4689=AXIS2_PLACEMENT_3D('',#8311,#5425,#5426);
#4690=AXIS2_PLACEMENT_3D('',#8315,#5429,#5430);
#4691=AXIS2_PLACEMENT_3D('',#8319,#5433,#5434);
#4692=AXIS2_PLACEMENT_3D('',#8323,#5437,#5438);
#4693=AXIS2_PLACEMENT_3D('',#8327,#5441,#5442);
#4694=AXIS2_PLACEMENT_3D('',#8331,#5445,#5446);
#4695=AXIS2_PLACEMENT_3D('',#8335,#5449,#5450);
#4696=AXIS2_PLACEMENT_3D('',#8339,#5453,#5454);
#4697=AXIS2_PLACEMENT_3D('',#8343,#5457,#5458);
#4698=AXIS2_PLACEMENT_3D('',#8347,#5461,#5462);
#4699=AXIS2_PLACEMENT_3D('',#8351,#5465,#5466);
#4700=AXIS2_PLACEMENT_3D('',#8355,#5469,#5470);
#4701=AXIS2_PLACEMENT_3D('',#8359,#5473,#5474);
#4702=AXIS2_PLACEMENT_3D('',#8363,#5477,#5478);
#4703=AXIS2_PLACEMENT_3D('',#8367,#5481,#5482);
#4704=AXIS2_PLACEMENT_3D('',#8371,#5485,#5486);
#4705=AXIS2_PLACEMENT_3D('',#8375,#5489,#5490);
#4706=AXIS2_PLACEMENT_3D('',#8379,#5493,#5494);
#4707=AXIS2_PLACEMENT_3D('',#8383,#5497,#5498);
#4708=AXIS2_PLACEMENT_3D('',#8387,#5501,#5502);
#4709=AXIS2_PLACEMENT_3D('',#8391,#5505,#5506);
#4710=AXIS2_PLACEMENT_3D('',#8395,#5509,#5510);
#4711=AXIS2_PLACEMENT_3D('',#8399,#5513,#5514);
#4712=AXIS2_PLACEMENT_3D('',#8403,#5517,#5518);
#4713=AXIS2_PLACEMENT_3D('',#8407,#5521,#5522);
#4714=AXIS2_PLACEMENT_3D('',#8410,#5525,#5526);
#4715=AXIS2_PLACEMENT_3D('',#8412,#5528,#5529);
#4716=AXIS2_PLACEMENT_3D('',#8413,#5530,#5531);
#4717=AXIS2_PLACEMENT_3D('',#8414,#5532,#5533);
#4718=AXIS2_PLACEMENT_3D('',#8416,#5535,#5536);
#4719=AXIS2_PLACEMENT_3D('',#8418,#5538,#5539);
#4720=AXIS2_PLACEMENT_3D('',#8419,#5540,#5541);
#4721=AXIS2_PLACEMENT_3D('',#8431,#5544,#5545);
#4722=DIRECTION('axis',(0.,0.,1.));
#4723=DIRECTION('refdir',(1.,0.,0.));
#4724=DIRECTION('center_axis',(0.866025403784439,0.,0.499999999999999));
#4725=DIRECTION('ref_axis',(-0.499999999999999,0.,0.866025403784439));
#4726=DIRECTION('',(0.,-1.,0.));
#4727=DIRECTION('',(-0.499999999999999,0.,0.866025403784439));
#4728=DIRECTION('',(0.,-1.,0.));
#4729=DIRECTION('center_axis',(0.,0.,1.));
#4730=DIRECTION('ref_axis',(-1.,0.,0.));
#4731=DIRECTION('',(-1.,0.,0.));
#4732=DIRECTION('',(0.,-1.,0.));
#4733=DIRECTION('',(-1.,0.,0.));
#4734=DIRECTION('center_axis',(0.866025403784436,0.,-0.500000000000004));
#4735=DIRECTION('ref_axis',(0.500000000000004,0.,0.866025403784436));
#4736=DIRECTION('',(0.,-1.,0.));
#4737=DIRECTION('',(0.500000000000004,0.,0.866025403784436));
#4738=DIRECTION('center_axis',(0.,0.,-1.));
#4739=DIRECTION('ref_axis',(1.,0.,0.));
#4740=DIRECTION('',(1.,0.,0.));
#4741=DIRECTION('',(0.,-1.,0.));
#4742=DIRECTION('',(1.,0.,0.));
#4743=DIRECTION('center_axis',(-0.866025403784439,0.,-0.499999999999999));
#4744=DIRECTION('ref_axis',(0.499999999999999,0.,-0.866025403784439));
#4745=DIRECTION('',(0.499999999999999,0.,-0.866025403784439));
#4746=DIRECTION('',(0.,-1.,0.));
#4747=DIRECTION('',(0.499999999999999,0.,-0.866025403784439));
#4748=DIRECTION('center_axis',(-0.866025403784439,0.,0.499999999999999));
#4749=DIRECTION('ref_axis',(-0.499999999999999,0.,-0.866025403784439));
#4750=DIRECTION('',(-0.499999999999999,0.,-0.866025403784439));
#4751=DIRECTION('',(-0.499999999999999,0.,-0.866025403784439));
#4752=DIRECTION('center_axis',(0.,-1.,0.));
#4753=DIRECTION('ref_axis',(0.,0.,-1.));
#4754=DIRECTION('center_axis',(0.,1.,0.));
#4755=DIRECTION('ref_axis',(1.,0.,0.));
#4756=DIRECTION('',(0.,0.,1.));
#4757=DIRECTION('',(0.,0.,1.));
#4758=DIRECTION('',(0.,0.,1.));
#4759=DIRECTION('center_axis',(0.,1.,0.));
#4760=DIRECTION('ref_axis',(-1.,0.,-1.22464679914735E-16));
#4761=DIRECTION('',(0.,1.,0.));
#4762=DIRECTION('center_axis',(0.,1.,0.));
#4763=DIRECTION('ref_axis',(1.,0.,0.));
#4764=DIRECTION('',(0.,1.,0.));
#4765=DIRECTION('center_axis',(0.,1.,0.));
#4766=DIRECTION('ref_axis',(1.,0.,0.));
#4767=DIRECTION('center_axis',(0.,1.,0.));
#4768=DIRECTION('ref_axis',(1.,0.,0.));
#4769=DIRECTION('',(0.,1.,0.));
#4770=DIRECTION('',(0.,1.,0.));
#4771=DIRECTION('center_axis',(0.,1.,0.));
#4772=DIRECTION('ref_axis',(1.,0.,0.));
#4773=DIRECTION('center_axis',(0.,-1.,0.));
#4774=DIRECTION('ref_axis',(1.,0.,0.));
#4775=DIRECTION('center_axis',(0.,-1.,0.));
#4776=DIRECTION('ref_axis',(1.,0.,0.));
#4777=DIRECTION('center_axis',(0.,-1.,0.));
#4778=DIRECTION('ref_axis',(1.,0.,0.));
#4779=DIRECTION('',(0.,0.,1.));
#4780=DIRECTION('',(1.,0.,0.));
#4781=DIRECTION('',(0.,0.,1.));
#4782=DIRECTION('',(1.,0.,0.));
#4783=DIRECTION('',(0.,0.,1.));
#4784=DIRECTION('',(0.,0.,1.));
#4785=DIRECTION('center_axis',(0.,1.,0.));
#4786=DIRECTION('ref_axis',(1.,0.,0.));
#4787=DIRECTION('',(0.,1.,0.));
#4788=DIRECTION('center_axis',(0.,-1.,0.));
#4789=DIRECTION('ref_axis',(1.,0.,0.));
#4790=DIRECTION('center_axis',(0.,1.,0.));
#4791=DIRECTION('ref_axis',(1.,0.,0.));
#4792=DIRECTION('center_axis',(6.70582412878831E-18,1.,0.));
#4793=DIRECTION('ref_axis',(1.,0.,0.));
#4794=DIRECTION('',(0.,1.,0.));
#4795=DIRECTION('center_axis',(0.,1.,0.));
#4796=DIRECTION('ref_axis',(-1.,0.,0.));
#4797=DIRECTION('',(1.,0.,0.));
#4798=DIRECTION('',(0.,0.,-1.));
#4799=DIRECTION('',(-1.,0.,0.));
#4800=DIRECTION('',(0.,-4.44089209850062E-15,1.));
#4801=DIRECTION('',(0.,-4.44089209850062E-15,1.));
#4802=DIRECTION('',(0.,-4.44089209850062E-15,1.));
#4803=DIRECTION('',(0.,-4.44089209850062E-15,1.));
#4804=DIRECTION('',(0.,-4.44089209850062E-15,1.));
#4805=DIRECTION('',(0.,-4.44089209850062E-15,1.));
#4806=DIRECTION('',(0.,-4.44089209850062E-15,1.));
#4807=DIRECTION('',(0.,-4.44089209850062E-15,1.));
#4808=DIRECTION('',(0.,-4.44089209850062E-15,1.));
#4809=DIRECTION('',(0.,-4.44089209850062E-15,1.));
#4810=DIRECTION('',(0.,-4.44089209850062E-15,1.));
#4811=DIRECTION('',(0.,-4.44089209850062E-15,1.));
#4812=DIRECTION('',(0.,-4.44089209850062E-15,1.));
#4813=DIRECTION('',(0.,-4.44089209850062E-15,1.));
#4814=DIRECTION('',(0.,-4.44089209850062E-15,1.));
#4815=DIRECTION('center_axis',(-0.990830180517092,0.135113113266133,6.00022757107391E-16));
#4816=DIRECTION('ref_axis',(-0.135113113266133,-0.990830180517092,-1.37888285075305E-16));
#4817=DIRECTION('',(-0.135113113266133,-0.990830180517092,0.));
#4818=DIRECTION('',(0.,-4.44089209850062E-15,1.));
#4819=DIRECTION('',(-0.135113113266133,-0.990830180517092,-1.37888285075305E-16));
#4820=DIRECTION('',(0.,-4.44089209850062E-15,1.));
#4821=DIRECTION('',(0.,-4.44089209850062E-15,1.));
#4822=DIRECTION('',(0.,-4.44089209850062E-15,1.));
#4823=DIRECTION('',(0.,-4.44089209850062E-15,1.));
#4824=DIRECTION('',(0.,-4.44089209850062E-15,1.));
#4825=DIRECTION('',(0.,-4.44089209850062E-15,1.));
#4826=DIRECTION('',(0.,-4.44089209850062E-15,1.));
#4827=DIRECTION('',(0.,-4.44089209850062E-15,1.));
#4828=DIRECTION('',(0.,-4.44089209850062E-15,1.));
#4829=DIRECTION('',(0.,-4.44089209850062E-15,1.));
#4830=DIRECTION('',(0.,-4.44089209850062E-15,1.));
#4831=DIRECTION('',(0.,-4.44089209850062E-15,1.));
#4832=DIRECTION('',(0.,-4.44089209850062E-15,1.));
#4833=DIRECTION('',(0.,-4.44089209850062E-15,1.));
#4834=DIRECTION('',(0.,-4.44089209850062E-15,1.));
#4835=DIRECTION('',(0.,-4.44089209850062E-15,1.));
#4836=DIRECTION('center_axis',(0.987852770095593,-0.155392743120339,-6.90082405087449E-16));
#4837=DIRECTION('ref_axis',(0.155392743120339,0.987852770095593,1.40007195839946E-16));
#4838=DIRECTION('',(0.155392743120339,0.987852770095593,0.));
#4839=DIRECTION('',(0.,-4.44089209850062E-15,1.));
#4840=DIRECTION('',(0.155392743120339,0.987852770095593,1.40007195839946E-16));
#4841=DIRECTION('center_axis',(-4.52781855162703E-16,-9.15788593494413E-16,
-1.));
#4842=DIRECTION('ref_axis',(1.,0.,-4.52781855162703E-16));
#4843=DIRECTION('center_axis',(1.,0.,0.));
#4844=DIRECTION('ref_axis',(0.,1.,1.22464679914735E-16));
#4845=DIRECTION('',(0.,1.,0.));
#4846=DIRECTION('',(0.,-4.44089209850062E-15,1.));
#4847=DIRECTION('',(0.,1.,1.22464679914735E-16));
#4848=DIRECTION('',(0.,-4.44089209850062E-15,1.));
#4849=DIRECTION('',(0.,-4.44089209850062E-15,1.));
#4850=DIRECTION('',(0.,-4.44089209850062E-15,1.));
#4851=DIRECTION('center_axis',(5.43852429378756E-31,-1.,-4.44089209850062E-15));
#4852=DIRECTION('ref_axis',(1.,0.,1.22464679914735E-16));
#4853=DIRECTION('',(1.,5.43852429378756E-31,0.));
#4854=DIRECTION('',(0.,-4.44089209850062E-15,1.));
#4855=DIRECTION('',(1.,0.,1.22464679914735E-16));
#4856=DIRECTION('',(0.,-4.44089209850062E-15,1.));
#4857=DIRECTION('',(0.,-4.44089209850062E-15,1.));
#4858=DIRECTION('center_axis',(5.43852429378756E-31,-1.,-4.44089209850062E-15));
#4859=DIRECTION('ref_axis',(1.,0.,1.22464679914735E-16));
#4860=DIRECTION('',(1.,5.43852429378756E-31,0.));
#4861=DIRECTION('',(0.,-4.44089209850062E-15,1.));
#4862=DIRECTION('',(1.,0.,1.22464679914735E-16));
#4863=DIRECTION('center_axis',(-1.,0.,0.));
#4864=DIRECTION('ref_axis',(0.,-1.,-1.22464679914735E-16));
#4865=DIRECTION('',(0.,-1.,0.));
#4866=DIRECTION('',(0.,-4.44089209850062E-15,1.));
#4867=DIRECTION('',(0.,-1.,-1.22464679914735E-16));
#4868=DIRECTION('center_axis',(-5.43852429378756E-31,1.,4.44089209850062E-15));
#4869=DIRECTION('ref_axis',(-1.,0.,-1.22464679914735E-16));
#4870=DIRECTION('',(-1.,-5.43852429378756E-31,0.));
#4871=DIRECTION('',(-1.,0.,-1.22464679914735E-16));
#4872=DIRECTION('center_axis',(1.22464679914735E-16,1.22464679914735E-16,
-1.));
#4873=DIRECTION('ref_axis',(1.,0.,1.22464679914735E-16));
#4874=DIRECTION('',(0.,-4.44089209850062E-15,1.));
#4875=DIRECTION('',(0.,-4.44089209850062E-15,1.));
#4876=DIRECTION('',(0.,-4.44089209850062E-15,1.));
#4877=DIRECTION('',(0.,-4.44089209850062E-15,1.));
#4878=DIRECTION('center_axis',(1.,0.,0.));
#4879=DIRECTION('ref_axis',(0.,1.,1.22464679914735E-16));
#4880=DIRECTION('',(0.,1.,0.));
#4881=DIRECTION('',(0.,-4.44089209850062E-15,1.));
#4882=DIRECTION('',(0.,1.,1.22464679914735E-16));
#4883=DIRECTION('',(0.,-4.44089209850062E-15,1.));
#4884=DIRECTION('',(0.,-4.44089209850062E-15,1.));
#4885=DIRECTION('',(0.,-4.44089209850062E-15,1.));
#4886=DIRECTION('',(0.,-4.44089209850062E-15,1.));
#4887=DIRECTION('center_axis',(-1.,0.,0.));
#4888=DIRECTION('ref_axis',(0.,-1.,-1.22464679914735E-16));
#4889=DIRECTION('',(0.,-1.,0.));
#4890=DIRECTION('',(0.,-4.44089209850062E-15,1.));
#4891=DIRECTION('',(0.,-1.,-1.22464679914735E-16));
#4892=DIRECTION('',(0.,-4.44089209850062E-15,1.));
#4893=DIRECTION('',(0.,-4.44089209850062E-15,1.));
#4894=DIRECTION('',(0.,-4.44089209850062E-15,1.));
#4895=DIRECTION('',(0.,-4.44089209850062E-15,1.));
#4896=DIRECTION('',(0.,-4.44089209850062E-15,1.));
#4897=DIRECTION('',(0.,-4.44089209850062E-15,1.));
#4898=DIRECTION('',(0.,-4.44089209850062E-15,1.));
#4899=DIRECTION('',(0.,-4.44089209850062E-15,1.));
#4900=DIRECTION('',(0.,-4.44089209850062E-15,1.));
#4901=DIRECTION('center_axis',(0.992441194226796,0.122721131031667,5.44991301117588E-16));
#4902=DIRECTION('ref_axis',(-0.122721131031667,0.992441194226796,1.06509989154615E-16));
#4903=DIRECTION('',(-0.122721131031667,0.992441194226796,0.));
#4904=DIRECTION('',(0.,-4.44089209850062E-15,1.));
#4905=DIRECTION('',(-0.122721131031667,0.992441194226796,1.06509989154615E-16));
#4906=DIRECTION('center_axis',(-2.73487319856644E-15,4.33582876640197E-15,
-1.));
#4907=DIRECTION('ref_axis',(1.,0.,-2.73487319856644E-15));
#4908=DIRECTION('',(0.,-4.30211422042248E-15,1.));
#4909=DIRECTION('',(0.,-4.30211422042248E-15,1.));
#4910=DIRECTION('',(0.,-4.30211422042248E-15,1.));
#4911=DIRECTION('',(0.,-4.30211422042248E-15,1.));
#4912=DIRECTION('center_axis',(-5.2685704096067E-31,1.,4.30211422042248E-15));
#4913=DIRECTION('ref_axis',(-1.,0.,-1.22464679914735E-16));
#4914=DIRECTION('',(-1.,-5.2685704096067E-31,0.));
#4915=DIRECTION('',(0.,-4.30211422042248E-15,1.));
#4916=DIRECTION('',(-1.,0.,-1.22464679914735E-16));
#4917=DIRECTION('center_axis',(-1.,0.,0.));
#4918=DIRECTION('ref_axis',(0.,-1.,-1.22464679914735E-16));
#4919=DIRECTION('',(0.,-1.,0.));
#4920=DIRECTION('',(0.,-4.30211422042248E-15,1.));
#4921=DIRECTION('',(0.,-1.,-1.22464679914735E-16));
#4922=DIRECTION('center_axis',(-5.2685704096067E-31,1.,4.30211422042248E-15));
#4923=DIRECTION('ref_axis',(-1.,0.,-1.22464679914735E-16));
#4924=DIRECTION('',(-1.,-5.2685704096067E-31,0.));
#4925=DIRECTION('',(0.,-4.30211422042248E-15,1.));
#4926=DIRECTION('',(-1.,0.,-1.22464679914735E-16));
#4927=DIRECTION('center_axis',(1.,0.,0.));
#4928=DIRECTION('ref_axis',(0.,1.,1.22464679914735E-16));
#4929=DIRECTION('',(0.,1.,0.));
#4930=DIRECTION('',(0.,-4.30211422042248E-15,1.));
#4931=DIRECTION('',(0.,1.,1.22464679914735E-16));
#4932=DIRECTION('center_axis',(-5.2685704096067E-31,1.,4.30211422042248E-15));
#4933=DIRECTION('ref_axis',(-1.,0.,-1.22464679914735E-16));
#4934=DIRECTION('',(-1.,-5.2685704096067E-31,0.));
#4935=DIRECTION('',(0.,-4.30211422042248E-15,1.));
#4936=DIRECTION('',(-1.,0.,-1.22464679914735E-16));
#4937=DIRECTION('center_axis',(0.856224169820753,-0.516604462828925,-2.22249140587003E-15));
#4938=DIRECTION('ref_axis',(0.516604462828925,0.856224169820753,1.68123019075227E-16));
#4939=DIRECTION('',(0.516604462828925,0.856224169820753,0.));
#4940=DIRECTION('',(0.,-4.30211422042248E-15,1.));
#4941=DIRECTION('',(0.516604462828925,0.856224169820753,1.68123019075227E-16));
#4942=DIRECTION('center_axis',(5.2685704096067E-31,-1.,-4.30211422042248E-15));
#4943=DIRECTION('ref_axis',(1.,0.,1.22464679914735E-16));
#4944=DIRECTION('',(1.,5.2685704096067E-31,0.));
#4945=DIRECTION('',(0.,-4.30211422042248E-15,1.));
#4946=DIRECTION('',(1.,0.,1.22464679914735E-16));
#4947=DIRECTION('center_axis',(1.,0.,0.));
#4948=DIRECTION('ref_axis',(0.,1.,1.22464679914735E-16));
#4949=DIRECTION('',(0.,1.,0.));
#4950=DIRECTION('',(0.,-4.30211422042248E-15,1.));
#4951=DIRECTION('',(0.,1.,1.22464679914735E-16));
#4952=DIRECTION('center_axis',(5.2685704096067E-31,-1.,-4.30211422042248E-15));
#4953=DIRECTION('ref_axis',(1.,0.,1.22464679914735E-16));
#4954=DIRECTION('',(1.,5.2685704096067E-31,0.));
#4955=DIRECTION('',(0.,-4.30211422042248E-15,1.));
#4956=DIRECTION('',(1.,0.,1.22464679914735E-16));
#4957=DIRECTION('center_axis',(-1.,0.,0.));
#4958=DIRECTION('ref_axis',(0.,-1.,-1.22464679914735E-16));
#4959=DIRECTION('',(0.,-1.,0.));
#4960=DIRECTION('',(0.,-4.30211422042248E-15,1.));
#4961=DIRECTION('',(0.,-1.,-1.22464679914735E-16));
#4962=DIRECTION('center_axis',(5.2685704096067E-31,-1.,-4.30211422042248E-15));
#4963=DIRECTION('ref_axis',(1.,0.,1.22464679914735E-16));
#4964=DIRECTION('',(1.,5.2685704096067E-31,0.));
#4965=DIRECTION('',(0.,-4.30211422042248E-15,1.));
#4966=DIRECTION('',(1.,0.,1.22464679914735E-16));
#4967=DIRECTION('',(0.,-4.30211422042248E-15,1.));
#4968=DIRECTION('',(0.,-4.30211422042248E-15,1.));
#4969=DIRECTION('',(0.,-4.30211422042248E-15,1.));
#4970=DIRECTION('',(0.,-4.30211422042248E-15,1.));
#4971=DIRECTION('center_axis',(0.161378670381865,0.986892559879636,4.24572451588732E-15));
#4972=DIRECTION('ref_axis',(-0.986892559879636,0.161378670381865,-1.01096294242513E-16));
#4973=DIRECTION('',(-0.986892559879636,0.161378670381865,0.));
#4974=DIRECTION('',(0.,-4.30211422042248E-15,1.));
#4975=DIRECTION('',(-0.986892559879636,0.161378670381865,-1.01096294242513E-16));
#4976=DIRECTION('center_axis',(-1.13918538165269E-14,1.47375830489712E-15,
-1.));
#4977=DIRECTION('ref_axis',(1.,0.,-1.13918538165269E-14));
#4978=DIRECTION('center_axis',(-0.364590970729524,0.931167774390042,4.13521561166715E-15));
#4979=DIRECTION('ref_axis',(-0.931167774390042,-0.364590970729524,-1.58684679967787E-16));
#4980=DIRECTION('',(-0.931167774390042,-0.364590970729524,0.));
#4981=DIRECTION('',(0.,-4.44089209850062E-15,1.));
#4982=DIRECTION('',(-0.931167774390042,-0.364590970729524,-1.58684679967787E-16));
#4983=DIRECTION('',(0.,-4.44089209850062E-15,1.));
#4984=DIRECTION('center_axis',(1.,0.,0.));
#4985=DIRECTION('ref_axis',(0.,1.,1.22464679914735E-16));
#4986=DIRECTION('',(0.,1.,0.));
#4987=DIRECTION('',(0.,-4.44089209850062E-15,1.));
#4988=DIRECTION('',(0.,1.,1.22464679914735E-16));
#4989=DIRECTION('center_axis',(0.348517967806423,-0.937302099707496,-4.16245748849906E-15));
#4990=DIRECTION('ref_axis',(0.937302099707496,0.348517967806423,1.57467542996035E-16));
#4991=DIRECTION('',(0.937302099707496,0.348517967806423,0.));
#4992=DIRECTION('',(0.,-4.44089209850062E-15,1.));
#4993=DIRECTION('',(0.937302099707496,0.348517967806423,1.57467542996035E-16));
#4994=DIRECTION('',(0.,-4.44089209850062E-15,1.));
#4995=DIRECTION('',(0.,-4.44089209850062E-15,1.));
#4996=DIRECTION('center_axis',(0.33684041145528,0.941561754326628,4.18137415503951E-15));
#4997=DIRECTION('ref_axis',(-0.941561754326628,0.33684041145528,-7.40570056923486E-17));
#4998=DIRECTION('',(-0.941561754326628,0.33684041145528,0.));
#4999=DIRECTION('',(0.,-4.44089209850062E-15,1.));
#5000=DIRECTION('',(-0.941561754326628,0.33684041145528,-7.40570056923486E-17));
#5001=DIRECTION('center_axis',(1.,0.,0.));
#5002=DIRECTION('ref_axis',(0.,1.,1.22464679914735E-16));
#5003=DIRECTION('',(0.,1.,0.));
#5004=DIRECTION('',(0.,-4.44089209850062E-15,1.));
#5005=DIRECTION('',(0.,1.,1.22464679914735E-16));
#5006=DIRECTION('center_axis',(-0.361279580242986,-0.932457540534395,-4.14094332394652E-15));
#5007=DIRECTION('ref_axis',(0.932457540534395,-0.361279580242986,6.99491260814388E-17));
#5008=DIRECTION('',(0.932457540534395,-0.361279580242986,0.));
#5009=DIRECTION('',(0.,-4.44089209850062E-15,1.));
#5010=DIRECTION('',(0.932457540534395,-0.361279580242986,6.99491260814388E-17));
#5011=DIRECTION('center_axis',(-1.,0.,0.));
#5012=DIRECTION('ref_axis',(0.,-1.,-1.22464679914735E-16));
#5013=DIRECTION('',(0.,-1.,0.));
#5014=DIRECTION('',(0.,-1.,-1.22464679914735E-16));
#5015=DIRECTION('center_axis',(1.22464679914735E-16,1.22464679914735E-16,
-1.));
#5016=DIRECTION('ref_axis',(1.,0.,1.22464679914735E-16));
#5017=DIRECTION('center_axis',(-5.43852429378756E-31,1.,4.44089209850062E-15));
#5018=DIRECTION('ref_axis',(-1.,0.,-1.22464679914735E-16));
#5019=DIRECTION('',(-1.,-5.43852429378756E-31,0.));
#5020=DIRECTION('',(0.,-4.44089209850062E-15,1.));
#5021=DIRECTION('',(-1.,0.,-1.22464679914735E-16));
#5022=DIRECTION('',(0.,-4.44089209850062E-15,1.));
#5023=DIRECTION('center_axis',(-1.,0.,0.));
#5024=DIRECTION('ref_axis',(0.,-1.,-1.22464679914735E-16));
#5025=DIRECTION('',(0.,-1.,0.));
#5026=DIRECTION('',(0.,-4.44089209850062E-15,1.));
#5027=DIRECTION('',(0.,-1.,-1.22464679914735E-16));
#5028=DIRECTION('center_axis',(-5.43852429378756E-31,1.,4.44089209850062E-15));
#5029=DIRECTION('ref_axis',(-1.,0.,-1.22464679914735E-16));
#5030=DIRECTION('',(-1.,-5.43852429378756E-31,0.));
#5031=DIRECTION('',(0.,-4.44089209850062E-15,1.));
#5032=DIRECTION('',(-1.,0.,-1.22464679914735E-16));
#5033=DIRECTION('center_axis',(1.,0.,0.));
#5034=DIRECTION('ref_axis',(0.,1.,1.22464679914735E-16));
#5035=DIRECTION('',(0.,1.,0.));
#5036=DIRECTION('',(0.,-4.44089209850062E-15,1.));
#5037=DIRECTION('',(0.,1.,1.22464679914735E-16));
#5038=DIRECTION('center_axis',(5.43852429378756E-31,-1.,-4.44089209850062E-15));
#5039=DIRECTION('ref_axis',(1.,0.,1.22464679914735E-16));
#5040=DIRECTION('',(1.,5.43852429378756E-31,0.));
#5041=DIRECTION('',(0.,-4.44089209850062E-15,1.));
#5042=DIRECTION('',(1.,0.,1.22464679914735E-16));
#5043=DIRECTION('center_axis',(-1.,0.,0.));
#5044=DIRECTION('ref_axis',(0.,-1.,-1.22464679914735E-16));
#5045=DIRECTION('',(0.,-1.,0.));
#5046=DIRECTION('',(0.,-4.44089209850062E-15,1.));
#5047=DIRECTION('',(0.,-1.,-1.22464679914735E-16));
#5048=DIRECTION('center_axis',(5.43852429378756E-31,-1.,-4.44089209850062E-15));
#5049=DIRECTION('ref_axis',(1.,0.,1.22464679914735E-16));
#5050=DIRECTION('',(1.,5.43852429378756E-31,0.));
#5051=DIRECTION('',(0.,-4.44089209850062E-15,1.));
#5052=DIRECTION('',(1.,0.,1.22464679914735E-16));
#5053=DIRECTION('center_axis',(-1.,0.,0.));
#5054=DIRECTION('ref_axis',(0.,-1.,-1.22464679914735E-16));
#5055=DIRECTION('',(0.,-1.,0.));
#5056=DIRECTION('',(0.,-1.,-1.22464679914735E-16));
#5057=DIRECTION('center_axis',(0.,-4.44089209850062E-15,1.));
#5058=DIRECTION('ref_axis',(1.,0.,0.));
#5059=DIRECTION('center_axis',(0.,0.,-1.));
#5060=DIRECTION('ref_axis',(1.,0.,0.));
#5061=DIRECTION('',(0.0327716092066633,0.999462866558836,0.));
#5062=DIRECTION('center_axis',(0.,0.,-1.));
#5063=DIRECTION('ref_axis',(1.,0.,0.));
#5064=DIRECTION('',(0.132705300820485,0.991155539324754,0.));
#5065=DIRECTION('',(-0.559228317857365,0.829013684149075,0.));
#5066=DIRECTION('',(-0.5532676977558,0.833003514170257,0.));
#5067=DIRECTION('',(-0.476613001062109,0.879113216382606,0.));
#5068=DIRECTION('',(-0.474483156628702,0.880264581859149,0.));
#5069=DIRECTION('',(-0.388949417911381,0.92125911138311,0.));
#5070=DIRECTION('',(-0.296976816340608,0.954884689664777,0.));
#5071=DIRECTION('',(-0.203700916890788,0.979033164125635,0.));
#5072=DIRECTION('',(-0.11257902377701,0.993642774544965,0.));
#5073=DIRECTION('',(-0.0218639776569052,0.999760954669174,0.));
#5074=DIRECTION('',(0.0549496666400919,0.998489125697492,0.));
#5075=DIRECTION('',(0.0838947942654477,0.996474617587,0.));
#5076=DIRECTION('',(0.0919986514640374,0.99575913158193,0.));
#5077=DIRECTION('center_axis',(-2.94906438806278E-17,0.850009937866954,
0.526766651874828));
#5078=DIRECTION('ref_axis',(1.,3.46944695195361E-17,0.));
#5079=DIRECTION('',(-0.581511089215471,0.81353847672955,0.));
#5080=DIRECTION('center_axis',(-1.,0.,0.));
#5081=DIRECTION('ref_axis',(0.,-1.,0.));
#5082=DIRECTION('',(0.,0.,1.));
#5083=DIRECTION('',(0.,-1.,0.));
#5084=DIRECTION('center_axis',(-1.,0.,0.));
#5085=DIRECTION('ref_axis',(0.,0.526766651874829,-0.850009937866954));
#5086=DIRECTION('center_axis',(6.11122585804168E-17,0.880720463905711,0.473636426447238));
#5087=DIRECTION('ref_axis',(1.,-6.93889390390722E-17,0.));
#5088=DIRECTION('',(-0.540662662532446,0.841239493451969,0.));
#5089=DIRECTION('center_axis',(0.,0.,1.));
#5090=DIRECTION('ref_axis',(0.707106781186553,0.707106781186542,0.));
#5091=DIRECTION('center_axis',(0.,0.,-1.));
#5092=DIRECTION('ref_axis',(0.707106781186553,0.707106781186542,0.));
#5093=DIRECTION('',(0.,0.,1.));
#5094=DIRECTION('center_axis',(0.,0.,1.));
#5095=DIRECTION('ref_axis',(0.707106781186553,0.707106781186542,0.));
#5096=DIRECTION('',(0.,0.,1.));
#5097=DIRECTION('center_axis',(0.,1.,0.));
#5098=DIRECTION('ref_axis',(-1.,0.,0.));
#5099=DIRECTION('',(1.,0.,0.));
#5100=DIRECTION('',(0.355217760623573,0.,0.934783580588349));
#5101=DIRECTION('',(1.,0.,0.));
#5102=DIRECTION('',(0.,0.,-1.));
#5103=DIRECTION('',(-1.,0.,0.));
#5104=DIRECTION('center_axis',(0.,0.,-1.));
#5105=DIRECTION('ref_axis',(1.,0.,0.));
#5106=DIRECTION('center_axis',(0.,0.,-1.));
#5107=DIRECTION('ref_axis',(-0.707106781186546,-0.707106781186549,0.));
#5108=DIRECTION('',(-1.,6.70582412878831E-18,0.));
#5109=DIRECTION('center_axis',(0.,0.,-1.));
#5110=DIRECTION('ref_axis',(1.,0.,0.));
#5111=DIRECTION('',(1.,0.,0.));
#5112=DIRECTION('center_axis',(0.,0.,-1.));
#5113=DIRECTION('ref_axis',(-0.707106781186546,0.707106781186549,0.));
#5114=DIRECTION('center_axis',(0.,0.,1.));
#5115=DIRECTION('ref_axis',(0.70710678118654,-0.707106781186555,0.));
#5116=DIRECTION('',(-1.,0.,0.));
#5117=DIRECTION('',(0.00181905457175934,0.999998345518864,0.));
#5118=DIRECTION('',(0.0129693926246666,0.999915893890555,0.));
#5119=DIRECTION('',(0.022007707871097,0.999757801066969,0.));
#5120=DIRECTION('',(0.0327716092066633,0.999462866558836,0.));
#5121=DIRECTION('',(0.0422619255207073,0.999106565713229,0.));
#5122=DIRECTION('',(0.0483994289772485,0.998828060916731,0.));
#5123=DIRECTION('',(0.055301284290416,0.9984697130889,0.));
#5124=DIRECTION('',(0.128621417938143,0.991693768684457,0.));
#5125=DIRECTION('',(0.132705300820485,0.991155539324754,0.));
#5126=DIRECTION('',(0.0919986514640306,0.99575913158193,0.));
#5127=DIRECTION('',(0.0838947942654476,0.996474617587,0.));
#5128=DIRECTION('',(0.0549496666400919,0.998489125697492,0.));
#5129=DIRECTION('',(-0.0218639776569052,0.999760954669174,0.));
#5130=DIRECTION('',(-0.11257902377702,0.993642774544963,0.));
#5131=DIRECTION('',(-0.203700916890797,0.979033164125633,0.));
#5132=DIRECTION('',(-0.296976816340616,0.954884689664774,0.));
#5133=DIRECTION('',(-0.388949417911389,0.921259111383107,0.));
#5134=DIRECTION('',(-0.474483156628714,0.880264581859143,0.));
#5135=DIRECTION('',(-0.476613001062131,0.879113216382594,0.));
#5136=DIRECTION('',(-0.553267697755821,0.833003514170243,0.));
#5137=DIRECTION('',(-0.559228317857375,0.829013684149068,0.));
#5138=DIRECTION('',(-0.584951831429669,0.811068033463948,0.));
#5139=DIRECTION('',(-0.585413377815723,0.810734961053479,0.));
#5140=DIRECTION('',(-0.581511089215481,0.813538476729543,0.));
#5141=DIRECTION('',(-0.540662662532517,0.841239493451924,0.));
#5142=DIRECTION('',(-0.517528958926522,0.85566569212072,0.));
#5143=DIRECTION('',(-0.470413851340782,0.882445923820113,0.));
#5144=DIRECTION('',(-0.427676225521835,0.903931991979151,0.));
#5145=DIRECTION('',(-0.38043372510797,0.924808185950186,0.));
#5146=DIRECTION('',(-0.332992594039999,0.942929441853691,0.));
#5147=DIRECTION('',(-0.298831570697643,0.95430586939114,0.));
#5148=DIRECTION('',(-0.23195790751468,0.972725824238984,0.));
#5149=DIRECTION('',(-0.129987333239932,0.99151565453964,0.));
#5150=DIRECTION('',(-0.0311424995068617,0.999514954727774,0.));
#5151=DIRECTION('',(0.0665891739424916,0.997780477817469,0.));
#5152=DIRECTION('',(0.143389289641149,0.989666363789437,0.));
#5153=DIRECTION('',(0.153710744552948,0.988115887438806,0.));
#5154=DIRECTION('',(0.162717942753453,0.986672626105581,0.));
#5155=DIRECTION('',(0.173452735609029,0.984842194724487,0.));
#5156=DIRECTION('',(0.181934222968822,0.983310702938156,0.));
#5157=DIRECTION('',(0.193092270581375,0.981180602662797,0.));
#5158=DIRECTION('center_axis',(0.,0.,-1.));
#5159=DIRECTION('ref_axis',(1.,0.,0.));
#5160=DIRECTION('',(1.,0.,0.));
#5161=DIRECTION('center_axis',(0.,0.,-1.));
#5162=DIRECTION('ref_axis',(0.70710678118654,-0.707106781186555,0.));
#5163=DIRECTION('center_axis',(0.,0.,1.));
#5164=DIRECTION('ref_axis',(-0.707106781186546,0.707106781186549,0.));
#5165=DIRECTION('',(-1.,0.,0.));
#5166=DIRECTION('center_axis',(0.,0.,-1.));
#5167=DIRECTION('ref_axis',(1.,0.,0.));
#5168=DIRECTION('',(1.,-6.70582412878831E-18,0.));
#5169=DIRECTION('center_axis',(0.,0.,1.));
#5170=DIRECTION('ref_axis',(-0.707106781186546,-0.707106781186549,0.));
#5171=DIRECTION('center_axis',(0.,0.,1.));
#5172=DIRECTION('ref_axis',(0.70710678118654,-0.707106781186555,0.));
#5173=DIRECTION('',(0.,0.,-1.));
#5174=DIRECTION('',(0.,0.,-1.));
#5175=DIRECTION('center_axis',(0.,-1.,0.));
#5176=DIRECTION('ref_axis',(1.,0.,0.));
#5177=DIRECTION('',(0.,0.,1.));
#5178=DIRECTION('',(-1.,0.,0.));
#5179=DIRECTION('center_axis',(0.,0.,1.));
#5180=DIRECTION('ref_axis',(-0.707106781186546,-0.707106781186549,0.));
#5181=DIRECTION('center_axis',(0.,0.,1.));
#5182=DIRECTION('ref_axis',(-0.707106781186546,0.707106781186549,0.));
#5183=DIRECTION('',(0.197782796473306,-0.0699492350697993,0.977746935526954));
#5184=DIRECTION('',(0.999999484628711,-0.00101525480173525,0.));
#5185=DIRECTION('',(0.371396498057984,-0.00019022376601844,0.928474342696224));
#5186=DIRECTION('',(0.354818934517437,1.94472972396448E-5,0.934935036956961));
#5187=DIRECTION('',(0.354818934517437,1.94472972396448E-5,0.934935036956961));
#5188=DIRECTION('',(0.0136359088420176,-0.999907026673006,0.));
#5189=DIRECTION('',(0.355217760623573,0.,0.934783580588349));
#5190=DIRECTION('center_axis',(0.934782229153287,-0.00170042270085795,-0.35521724707825));
#5191=DIRECTION('ref_axis',(-0.355217760623573,0.,-0.934783580588349));
#5192=DIRECTION('',(-0.00181905457175934,-0.999998345518864,0.));
#5193=DIRECTION('',(0.355217760623573,0.,0.934783580588349));
#5194=DIRECTION('center_axis',(0.934714878856726,-0.0121237039335805,-0.355191653965557));
#5195=DIRECTION('ref_axis',(-0.355217760623573,0.,-0.934783580588349));
#5196=DIRECTION('',(-0.0129693926246666,-0.999915893890555,0.));
#5197=DIRECTION('',(0.355217760623573,0.,0.934783580588349));
#5198=DIRECTION('center_axis',(0.934585735460718,-0.0205730726227522,-0.355142579475073));
#5199=DIRECTION('ref_axis',(-0.355217760623573,0.,-0.934783580588349));
#5200=DIRECTION('',(-0.022007707871097,-0.999757801066969,0.));
#5201=DIRECTION('',(0.355217760623573,0.,0.934783580588349));
#5202=DIRECTION('center_axis',(0.9343447877158,-0.0306364381027281,-0.355051019332005));
#5203=DIRECTION('ref_axis',(-0.355217760623573,0.,-0.934783580588349));
#5204=DIRECTION('',(-0.0327716092066633,-0.999462866558836,0.));
#5205=DIRECTION('',(0.355217760623573,0.,0.934783580588349));
#5206=DIRECTION('center_axis',(0.934053670668038,-0.0395102064352225,-0.354940394853855));
#5207=DIRECTION('ref_axis',(-0.355217760623573,0.,-0.934783580588349));
#5208=DIRECTION('',(-0.0422619255207073,-0.999106565713229,0.));
#5209=DIRECTION('',(0.355217760623573,0.,0.934783580588349));
#5210=DIRECTION('center_axis',(0.933826089872789,-0.0452496793816725,-0.354853914151661));
#5211=DIRECTION('ref_axis',(-0.355217760623573,0.,-0.934783580588349));
#5212=DIRECTION('',(-0.0483994289772485,-0.998828060916731,0.));
#5213=DIRECTION('',(0.355217760623573,0.,0.934783580588349));
#5214=DIRECTION('center_axis',(0.933533229905538,-0.0517047095818718,-0.354742627364105));
#5215=DIRECTION('ref_axis',(-0.355217760623573,0.,-0.934783580588349));
#5216=DIRECTION('',(-0.055301284290416,-0.9984697130889,0.));
#5217=DIRECTION('',(0.355217760623573,0.,0.934783580588349));
#5218=DIRECTION('center_axis',(0.927988121987665,-0.12035887675098,-0.352635486355314));
#5219=DIRECTION('ref_axis',(-0.355217760623573,0.,-0.934783580588349));
#5220=DIRECTION('',(-0.128621417938143,-0.991693768684457,0.));
#5221=DIRECTION('',(0.355217760623573,0.,0.934783580588349));
#5222=DIRECTION('center_axis',(0.927547053689216,-0.124188793687053,-0.352467880401903));
#5223=DIRECTION('ref_axis',(-0.355217760623573,0.,-0.934783580588349));
#5224=DIRECTION('',(-0.132705300820485,-0.991155539324754,0.));
#5225=DIRECTION('',(0.355217760623573,0.,0.934783580588349));
#5226=DIRECTION('center_axis',(0.931316720656465,-0.0860447870060516,-0.353900353849457));
#5227=DIRECTION('ref_axis',(-0.355217760623573,0.,-0.934783580588349));
#5228=DIRECTION('',(-0.0919986514640374,-0.99575913158193,0.));
#5229=DIRECTION('',(0.355217760623573,2.59454563552683E-17,0.934783580588349));
#5230=DIRECTION('center_axis',(0.931902011616467,-0.0784583231326456,-0.354122764414258));
#5231=DIRECTION('ref_axis',(-0.355217760623573,0.,-0.934783580588349));
#5232=DIRECTION('',(-0.0838947942654477,-0.996474617587,0.));
#5233=DIRECTION('',(0.355217760623573,0.,0.934783580588349));
#5234=DIRECTION('center_axis',(0.933549095887703,-0.0513758340386073,-0.354748656437328));
#5235=DIRECTION('ref_axis',(-0.355217760623573,0.,-0.934783580588349));
#5236=DIRECTION('',(-0.0549496666400919,-0.998489125697492,0.));
#5237=DIRECTION('',(0.355217760623573,0.,0.934783580588349));
#5238=DIRECTION('center_axis',(0.934588311661401,0.0204387037412671,-0.355143558431333));
#5239=DIRECTION('ref_axis',(-0.355217760623573,0.,-0.934783580588349));
#5240=DIRECTION('',(0.0218639776569052,-0.999760954669174,0.));
#5241=DIRECTION('',(0.355217760623573,0.,0.934783580588349));
#5242=DIRECTION('center_axis',(0.929584546428863,0.105321271825371,-0.353242127642969));
#5243=DIRECTION('ref_axis',(-0.355217760623573,0.,-0.934783580588349));
#5244=DIRECTION('',(0.11257902377701,-0.993642774544965,0.));
#5245=DIRECTION('',(0.355217760623573,0.,0.934783580588349));
#5246=DIRECTION('center_axis',(0.917589393605101,0.190916720347835,-0.348683969569939));
#5247=DIRECTION('ref_axis',(-0.355217760623573,0.,-0.934783580588349));
#5248=DIRECTION('',(0.203700916890788,-0.979033164125635,0.));
#5249=DIRECTION('',(0.355217760623573,0.,0.934783580588349));
#5250=DIRECTION('center_axis',(0.897619054126935,0.279166743237737,-0.341095240568236));
#5251=DIRECTION('ref_axis',(-0.355217760623573,0.,-0.934783580588349));
#5252=DIRECTION('',(0.296976816340608,-0.954884689664777,0.));
#5253=DIRECTION('',(0.355217760623573,0.,0.934783580588349));
#5254=DIRECTION('center_axis',(0.869516835918795,0.367104176247466,-0.330416397649143));
#5255=DIRECTION('ref_axis',(-0.355217760623573,0.,-0.934783580588349));
#5256=DIRECTION('',(0.388949417911381,-0.92125911138311,0.));
#5257=DIRECTION('',(0.355217760623573,3.89181845329024E-17,0.934783580588349));
#5258=DIRECTION('center_axis',(0.834799530875899,0.449976432910201,-0.317223821732842));
#5259=DIRECTION('ref_axis',(-0.355217760623573,0.,-0.934783580588349));
#5260=DIRECTION('',(0.474483156628702,-0.880264581859149,0.));
#5261=DIRECTION('',(0.355217760623573,3.89181845329024E-17,0.934783580588349));
#5262=DIRECTION('center_axis',(0.833817317541771,0.452055738265918,-0.316850580665874));
#5263=DIRECTION('ref_axis',(-0.355217760623573,0.,-0.934783580588349));
#5264=DIRECTION('',(0.476613001062109,-0.879113216382606,0.));
#5265=DIRECTION('',(0.355217760623573,1.29727281776341E-17,0.934783580588349));
#5266=DIRECTION('center_axis',(0.794166065222071,0.527472481288255,-0.301783104784388));
#5267=DIRECTION('ref_axis',(-0.355217760623573,0.,-0.934783580588349));
#5268=DIRECTION('',(0.5532676977558,-0.833003514170257,0.));
#5269=DIRECTION('',(0.355217760623573,-2.59454563552683E-17,0.934783580588349));
#5270=DIRECTION('center_axis',(0.79070641895594,0.533387360240784,-0.300468439203258));
#5271=DIRECTION('ref_axis',(-0.355217760623573,0.,-0.934783580588349));
#5272=DIRECTION('',(0.559228317857365,-0.829013684149075,0.));
#5273=DIRECTION('',(0.355217760623573,-2.59454563552683E-17,0.934783580588349));
#5274=DIRECTION('center_axis',(0.775089833245512,0.559003929107054,-0.294534136633295));
#5275=DIRECTION('ref_axis',(-0.355217760623573,0.,-0.934783580588349));
#5276=DIRECTION('',(0.584951831429659,-0.811068033463955,0.));
#5277=DIRECTION('',(0.355217760623573,7.78363690658048E-17,0.934783580588349));
#5278=DIRECTION('center_axis',(0.774799132509485,0.559464928836528,-0.294423670353605));
#5279=DIRECTION('ref_axis',(-0.355217760623573,0.,-0.934783580588349));
#5280=DIRECTION('',(0.585413377815712,-0.810734961053486,0.));
#5281=DIRECTION('',(0.355217760623573,-7.78363690658048E-17,0.934783580588349));
#5282=DIRECTION('center_axis',(0.77724502980338,0.555568810568428,-0.295353111325285));
#5283=DIRECTION('ref_axis',(-0.355217760623573,0.,-0.934783580588349));
#5284=DIRECTION('',(0.581511089215471,-0.81353847672955,0.));
#5285=DIRECTION('',(0.355217760623573,2.59454563552683E-17,0.934783580588349));
#5286=DIRECTION('center_axis',(0.801293293799299,0.514989333081921,-0.304491451643734));
#5287=DIRECTION('ref_axis',(-0.355217760623573,0.,-0.934783580588349));
#5288=DIRECTION('',(0.540662662532446,-0.841239493451969,0.));
#5289=DIRECTION('',(0.355217760623573,5.18909127105365E-17,0.934783580588349));
#5290=DIRECTION('center_axis',(0.813730628534097,0.492165537206628,-0.309217638842958));
#5291=DIRECTION('ref_axis',(-0.355217760623573,0.,-0.934783580588349));
#5292=DIRECTION('',(0.517528958926503,-0.855665692120731,0.));
#5293=DIRECTION('',(0.355217760623573,5.18909127105365E-17,0.934783580588349));
#5294=DIRECTION('center_axis',(0.836659338879611,0.44600596052254,-0.317930548774253));
#5295=DIRECTION('ref_axis',(-0.355217760623573,0.,-0.934783580588349));
#5296=DIRECTION('',(0.470413851340668,-0.882445923820174,0.));
#5297=DIRECTION('',(0.355217760623573,0.,0.934783580588349));
#5298=DIRECTION('center_axis',(0.854903589153802,0.404479477923822,-0.324863363878445));
#5299=DIRECTION('ref_axis',(-0.355217760623573,0.,-0.934783580588349));
#5300=DIRECTION('',(0.427676225521818,-0.903931991979159,0.));
#5301=DIRECTION('',(0.355217760623573,5.18909127105365E-17,0.934783580588349));
#5302=DIRECTION('center_axis',(0.87249898594133,0.358915550724229,-0.331549614657706));
#5303=DIRECTION('ref_axis',(-0.355217760623573,0.,-0.934783580588349));
#5304=DIRECTION('',(0.380433725107851,-0.924808185950235,0.));
#5305=DIRECTION('',(0.355217760623573,5.18909127105365E-17,0.934783580588349));
#5306=DIRECTION('center_axis',(0.887666645284039,0.313476709640996,-0.337313325207936));
#5307=DIRECTION('ref_axis',(-0.355217760623573,0.,-0.934783580588349));
#5308=DIRECTION('',(0.332992594040001,-0.94292944185369,0.));
#5309=DIRECTION('',(0.355217760623573,-1.03781825421073E-16,0.934783580588349));
#5310=DIRECTION('center_axis',(0.897138200307881,0.280930072977449,-0.340912516116996));
#5311=DIRECTION('ref_axis',(-0.355217760623573,0.,-0.934783580588349));
#5312=DIRECTION('',(0.298831570697566,-0.954305869391164,0.));
#5313=DIRECTION('',(0.355217760623573,0.,0.934783580588349));
#5314=DIRECTION('center_axis',(0.912390526640939,0.217570246540358,-0.346708400123558));
#5315=DIRECTION('ref_axis',(-0.355217760623573,0.,-0.934783580588349));
#5316=DIRECTION('',(0.231957907514663,-0.972725824238988,0.));
#5317=DIRECTION('',(0.355217760623573,1.03781825421073E-16,0.934783580588349));
#5318=DIRECTION('center_axis',(0.927842170858897,0.121639763230461,-0.352580024926382));
#5319=DIRECTION('ref_axis',(-0.355217760623573,0.,-0.934783580588349));
#5320=DIRECTION('',(0.129987333239933,-0.99151565453964,0.));
#5321=DIRECTION('',(0.355217760623573,-1.03781825421073E-16,0.934783580588349));
#5322=DIRECTION('center_axis',(0.934387343277074,0.0291132786353852,-0.355067190445289));
#5323=DIRECTION('ref_axis',(-0.355217760623573,0.,-0.934783580588349));
#5324=DIRECTION('',(0.0311424995068617,-0.999514954727774,0.));
#5325=DIRECTION('',(0.355217760623573,-1.03781825421073E-16,0.934783580588349));
#5326=DIRECTION('center_axis',(0.932969840426411,-0.062263887065766,-0.354528539362037));
#5327=DIRECTION('ref_axis',(-0.355217760623573,0.,-0.934783580588349));
#5328=DIRECTION('',(-0.0665891739424858,-0.997780477817469,0.));
#5329=DIRECTION('',(0.355217760623573,-5.18909127105365E-17,0.934783580588349));
#5330=DIRECTION('center_axis',(0.926326238674782,-0.1342121609862,-0.352003970696418));
#5331=DIRECTION('ref_axis',(-0.355217760623573,0.,-0.934783580588349));
#5332=DIRECTION('',(-0.143389289641149,-0.989666363789437,0.));
#5333=DIRECTION('',(0.355217760623573,0.,0.934783580588349));
#5334=DIRECTION('center_axis',(0.925054443922566,-0.143900942323586,-0.351520688690576));
#5335=DIRECTION('ref_axis',(-0.355217760623573,0.,-0.934783580588349));
#5336=DIRECTION('',(-0.153710744552948,-0.988115887438806,0.));
#5337=DIRECTION('',(0.355217760623573,0.,0.934783580588349));
#5338=DIRECTION('center_axis',(0.923869928421379,-0.152360783249722,-0.351070572800125));
#5339=DIRECTION('ref_axis',(-0.355217760623573,0.,-0.934783580588349));
#5340=DIRECTION('',(-0.162717942753453,-0.986672626105581,0.));
#5341=DIRECTION('',(0.355217760623573,1.03781825421073E-16,0.934783580588349));
#5342=DIRECTION('center_axis',(0.922366732465667,-0.162449409497212,-0.350499358336954));
#5343=DIRECTION('ref_axis',(-0.355217760623573,0.,-0.934783580588349));
#5344=DIRECTION('',(-0.173452735609029,-0.984842194724487,0.));
#5345=DIRECTION('',(0.355217760623573,-1.03781825421073E-16,0.934783580588349));
#5346=DIRECTION('center_axis',(0.92110824170908,-0.170425392223214,-0.350021131849451));
#5347=DIRECTION('ref_axis',(-0.355217760623573,0.,-0.934783580588349));
#5348=DIRECTION('',(-0.181934222968822,-0.983310702938156,0.));
#5349=DIRECTION('',(0.355217760623573,0.,0.934783580588349));
#5350=DIRECTION('center_axis',(0.919356651282789,-0.180925573526948,-0.34935552748746));
#5351=DIRECTION('ref_axis',(-0.355217760623573,0.,-0.934783580588349));
#5352=DIRECTION('',(-0.193092270581376,-0.981180602662797,0.));
#5353=DIRECTION('center_axis',(-0.981180602662802,0.193092270581348,0.));
#5354=DIRECTION('ref_axis',(0.193092270581348,0.981180602662802,0.));
#5355=DIRECTION('',(0.193092270581348,0.981180602662802,0.));
#5356=DIRECTION('',(0.,0.,-1.));
#5357=DIRECTION('center_axis',(-0.983310702938156,0.181934222968822,0.));
#5358=DIRECTION('ref_axis',(0.181934222968822,0.983310702938156,0.));
#5359=DIRECTION('',(0.181934222968822,0.983310702938156,0.));
#5360=DIRECTION('',(0.,0.,-1.));
#5361=DIRECTION('center_axis',(-0.984842194724487,0.173452735609029,0.));
#5362=DIRECTION('ref_axis',(0.173452735609029,0.984842194724487,0.));
#5363=DIRECTION('',(0.173452735609029,0.984842194724487,0.));
#5364=DIRECTION('',(0.,0.,-1.));
#5365=DIRECTION('center_axis',(-0.986672626105581,0.162717942753453,0.));
#5366=DIRECTION('ref_axis',(0.162717942753453,0.986672626105581,0.));
#5367=DIRECTION('',(0.162717942753453,0.986672626105581,0.));
#5368=DIRECTION('',(0.,0.,-1.));
#5369=DIRECTION('center_axis',(-0.988115887438806,0.153710744552948,0.));
#5370=DIRECTION('ref_axis',(0.153710744552948,0.988115887438806,0.));
#5371=DIRECTION('',(0.153710744552948,0.988115887438806,0.));
#5372=DIRECTION('',(0.,0.,-1.));
#5373=DIRECTION('center_axis',(-0.989666363789437,0.143389289641149,0.));
#5374=DIRECTION('ref_axis',(0.143389289641149,0.989666363789437,0.));
#5375=DIRECTION('',(0.143389289641149,0.989666363789437,0.));
#5376=DIRECTION('',(0.,0.,-1.));
#5377=DIRECTION('center_axis',(-0.997780477817469,0.0665891739424858,0.));
#5378=DIRECTION('ref_axis',(0.0665891739424858,0.997780477817469,0.));
#5379=DIRECTION('',(0.0665891739424858,0.997780477817469,0.));
#5380=DIRECTION('',(0.,0.,-1.));
#5381=DIRECTION('center_axis',(-0.999514954727775,-0.0311424995068617,0.));
#5382=DIRECTION('ref_axis',(-0.0311424995068617,0.999514954727774,0.));
#5383=DIRECTION('',(-0.0311424995068617,0.999514954727774,0.));
#5384=DIRECTION('',(0.,0.,-1.));
#5385=DIRECTION('center_axis',(-0.99151565453964,-0.129987333239933,0.));
#5386=DIRECTION('ref_axis',(-0.129987333239933,0.99151565453964,0.));
#5387=DIRECTION('',(-0.129987333239933,0.99151565453964,0.));
#5388=DIRECTION('',(0.,0.,-1.));
#5389=DIRECTION('center_axis',(-0.972725824238988,-0.231957907514663,0.));
#5390=DIRECTION('ref_axis',(-0.231957907514663,0.972725824238988,0.));
#5391=DIRECTION('',(-0.231957907514663,0.972725824238988,0.));
#5392=DIRECTION('',(0.,0.,-1.));
#5393=DIRECTION('center_axis',(-0.954305869391164,-0.298831570697566,0.));
#5394=DIRECTION('ref_axis',(-0.298831570697566,0.954305869391164,0.));
#5395=DIRECTION('',(-0.298831570697566,0.954305869391164,0.));
#5396=DIRECTION('',(0.,0.,-1.));
#5397=DIRECTION('center_axis',(-0.94292944185369,-0.332992594040001,0.));
#5398=DIRECTION('ref_axis',(-0.332992594040001,0.94292944185369,0.));
#5399=DIRECTION('',(-0.332992594040001,0.94292944185369,0.));
#5400=DIRECTION('',(0.,0.,-1.));
#5401=DIRECTION('center_axis',(-0.924808185950235,-0.380433725107851,0.));
#5402=DIRECTION('ref_axis',(-0.380433725107851,0.924808185950235,0.));
#5403=DIRECTION('',(-0.380433725107851,0.924808185950235,0.));
#5404=DIRECTION('',(0.,0.,-1.));
#5405=DIRECTION('center_axis',(-0.903931991979159,-0.427676225521818,0.));
#5406=DIRECTION('ref_axis',(-0.427676225521818,0.903931991979159,0.));
#5407=DIRECTION('',(-0.427676225521818,0.903931991979159,0.));
#5408=DIRECTION('',(0.,0.,-1.));
#5409=DIRECTION('center_axis',(-0.882445923820174,-0.470413851340668,0.));
#5410=DIRECTION('ref_axis',(-0.470413851340668,0.882445923820174,0.));
#5411=DIRECTION('',(-0.470413851340668,0.882445923820174,0.));
#5412=DIRECTION('',(0.,0.,-1.));
#5413=DIRECTION('center_axis',(-0.855665692120731,-0.517528958926503,0.));
#5414=DIRECTION('ref_axis',(-0.517528958926503,0.855665692120731,0.));
#5415=DIRECTION('',(-0.517528958926503,0.855665692120731,0.));
#5416=DIRECTION('',(0.,0.,-1.));
#5417=DIRECTION('center_axis',(-0.841239493451969,-0.540662662532446,0.));
#5418=DIRECTION('ref_axis',(-0.540662662532446,0.841239493451969,0.));
#5419=DIRECTION('',(-0.540662662532446,0.841239493451969,0.));
#5420=DIRECTION('',(0.,0.,-1.));
#5421=DIRECTION('center_axis',(-0.81353847672955,-0.581511089215471,0.));
#5422=DIRECTION('ref_axis',(-0.581511089215471,0.81353847672955,0.));
#5423=DIRECTION('',(-0.581511089215471,0.81353847672955,0.));
#5424=DIRECTION('',(0.,0.,-1.));
#5425=DIRECTION('center_axis',(-0.810734961053486,-0.585413377815712,0.));
#5426=DIRECTION('ref_axis',(-0.585413377815712,0.810734961053486,0.));
#5427=DIRECTION('',(-0.585413377815712,0.810734961053486,0.));
#5428=DIRECTION('',(0.,0.,-1.));
#5429=DIRECTION('center_axis',(-0.811068033463955,-0.584951831429659,0.));
#5430=DIRECTION('ref_axis',(-0.584951831429659,0.811068033463955,0.));
#5431=DIRECTION('',(-0.584951831429659,0.811068033463955,0.));
#5432=DIRECTION('',(0.,0.,-1.));
#5433=DIRECTION('center_axis',(-0.829013684149075,-0.559228317857365,0.));
#5434=DIRECTION('ref_axis',(-0.559228317857365,0.829013684149075,0.));
#5435=DIRECTION('',(-0.559228317857365,0.829013684149075,0.));
#5436=DIRECTION('',(0.,0.,-1.));
#5437=DIRECTION('center_axis',(-0.833003514170257,-0.5532676977558,0.));
#5438=DIRECTION('ref_axis',(-0.5532676977558,0.833003514170257,0.));
#5439=DIRECTION('',(-0.5532676977558,0.833003514170257,0.));
#5440=DIRECTION('',(0.,0.,-1.));
#5441=DIRECTION('center_axis',(-0.879113216382606,-0.476613001062109,0.));
#5442=DIRECTION('ref_axis',(-0.476613001062109,0.879113216382606,0.));
#5443=DIRECTION('',(-0.476613001062109,0.879113216382606,0.));
#5444=DIRECTION('',(0.,0.,-1.));
#5445=DIRECTION('center_axis',(-0.880264581859149,-0.474483156628702,0.));
#5446=DIRECTION('ref_axis',(-0.474483156628702,0.880264581859149,0.));
#5447=DIRECTION('',(-0.474483156628702,0.880264581859149,0.));
#5448=DIRECTION('',(0.,0.,-1.));
#5449=DIRECTION('center_axis',(-0.92125911138311,-0.388949417911381,0.));
#5450=DIRECTION('ref_axis',(-0.388949417911381,0.92125911138311,0.));
#5451=DIRECTION('',(-0.388949417911381,0.92125911138311,0.));
#5452=DIRECTION('',(0.,0.,-1.));
#5453=DIRECTION('center_axis',(-0.954884689664777,-0.296976816340608,0.));
#5454=DIRECTION('ref_axis',(-0.296976816340608,0.954884689664777,0.));
#5455=DIRECTION('',(-0.296976816340608,0.954884689664777,0.));
#5456=DIRECTION('',(0.,0.,-1.));
#5457=DIRECTION('center_axis',(-0.979033164125635,-0.203700916890788,0.));
#5458=DIRECTION('ref_axis',(-0.203700916890788,0.979033164125635,0.));
#5459=DIRECTION('',(-0.203700916890788,0.979033164125635,0.));
#5460=DIRECTION('',(0.,0.,-1.));
#5461=DIRECTION('center_axis',(-0.993642774544965,-0.11257902377701,0.));
#5462=DIRECTION('ref_axis',(-0.11257902377701,0.993642774544965,0.));
#5463=DIRECTION('',(-0.11257902377701,0.993642774544965,0.));
#5464=DIRECTION('',(0.,0.,-1.));
#5465=DIRECTION('center_axis',(-0.999760954669174,-0.0218639776569052,0.));
#5466=DIRECTION('ref_axis',(-0.0218639776569052,0.999760954669174,0.));
#5467=DIRECTION('',(-0.0218639776569052,0.999760954669174,0.));
#5468=DIRECTION('',(0.,0.,-1.));
#5469=DIRECTION('center_axis',(-0.998489125697492,0.0549496666400919,0.));
#5470=DIRECTION('ref_axis',(0.0549496666400919,0.998489125697492,0.));
#5471=DIRECTION('',(0.0549496666400919,0.998489125697492,0.));
#5472=DIRECTION('',(0.,0.,-1.));
#5473=DIRECTION('center_axis',(-0.996474617587,0.0838947942654477,0.));
#5474=DIRECTION('ref_axis',(0.0838947942654477,0.996474617587,0.));
#5475=DIRECTION('',(0.0838947942654477,0.996474617587,0.));
#5476=DIRECTION('',(0.,0.,-1.));
#5477=DIRECTION('center_axis',(-0.99575913158193,0.0919986514640374,0.));
#5478=DIRECTION('ref_axis',(0.0919986514640374,0.99575913158193,0.));
#5479=DIRECTION('',(0.0919986514640374,0.99575913158193,0.));
#5480=DIRECTION('',(0.,0.,-1.));
#5481=DIRECTION('center_axis',(-0.991155539324754,0.132705300820485,0.));
#5482=DIRECTION('ref_axis',(0.132705300820485,0.991155539324754,0.));
#5483=DIRECTION('',(0.132705300820485,0.991155539324754,0.));
#5484=DIRECTION('',(0.,0.,-1.));
#5485=DIRECTION('center_axis',(-0.991693768684457,0.128621417938143,0.));
#5486=DIRECTION('ref_axis',(0.128621417938143,0.991693768684457,0.));
#5487=DIRECTION('',(0.128621417938143,0.991693768684457,0.));
#5488=DIRECTION('',(0.,0.,-1.));
#5489=DIRECTION('center_axis',(-0.9984697130889,0.055301284290416,0.));
#5490=DIRECTION('ref_axis',(0.055301284290416,0.9984697130889,0.));
#5491=DIRECTION('',(0.055301284290416,0.9984697130889,0.));
#5492=DIRECTION('',(0.,0.,-1.));
#5493=DIRECTION('center_axis',(-0.998828060916731,0.0483994289772485,0.));
#5494=DIRECTION('ref_axis',(0.0483994289772485,0.998828060916731,0.));
#5495=DIRECTION('',(0.0483994289772485,0.998828060916731,0.));
#5496=DIRECTION('',(0.,0.,-1.));
#5497=DIRECTION('center_axis',(-0.999106565713229,0.0422619255207073,0.));
#5498=DIRECTION('ref_axis',(0.0422619255207073,0.999106565713229,0.));
#5499=DIRECTION('',(0.0422619255207073,0.999106565713229,0.));
#5500=DIRECTION('',(0.,0.,-1.));
#5501=DIRECTION('center_axis',(-0.999462866558836,0.0327716092066633,0.));
#5502=DIRECTION('ref_axis',(0.0327716092066633,0.999462866558836,0.));
#5503=DIRECTION('',(0.0327716092066633,0.999462866558836,0.));
#5504=DIRECTION('',(0.,0.,-1.));
#5505=DIRECTION('center_axis',(-0.999757801066969,0.022007707871097,0.));
#5506=DIRECTION('ref_axis',(0.022007707871097,0.999757801066969,0.));
#5507=DIRECTION('',(0.022007707871097,0.999757801066969,0.));
#5508=DIRECTION('',(0.,0.,-1.));
#5509=DIRECTION('center_axis',(-0.999915893890555,0.0129693926246666,0.));
#5510=DIRECTION('ref_axis',(0.0129693926246666,0.999915893890555,0.));
#5511=DIRECTION('',(0.0129693926246666,0.999915893890555,0.));
#5512=DIRECTION('',(0.,0.,-1.));
#5513=DIRECTION('center_axis',(-0.999998345518864,0.00181905457175934,0.));
#5514=DIRECTION('ref_axis',(0.00181905457175934,0.999998345518864,0.));
#5515=DIRECTION('',(0.00181905457175934,0.999998345518864,0.));
#5516=DIRECTION('',(0.,0.,-1.));
#5517=DIRECTION('center_axis',(-0.999976891984242,-0.00679819810951457,
0.));
#5518=DIRECTION('ref_axis',(-0.00679819810951457,0.999976891984242,0.));
#5519=DIRECTION('',(-0.00679819810951457,0.999976891984242,0.));
#5520=DIRECTION('',(0.,0.,-1.));
#5521=DIRECTION('center_axis',(-0.00101525480173525,-0.999999484628711,
0.));
#5522=DIRECTION('ref_axis',(-0.999999484628711,0.00101525480173525,0.));
#5523=DIRECTION('',(-0.999999484628711,0.00101525480173525,0.));
#5524=DIRECTION('',(0.,0.,-1.));
#5525=DIRECTION('center_axis',(0.999907026673006,0.0136359088420176,0.));
#5526=DIRECTION('ref_axis',(0.0136359088420176,-0.999907026673006,0.));
#5527=DIRECTION('',(0.,0.,-1.));
#5528=DIRECTION('center_axis',(0.999998345518864,-0.00181905457175934,0.));
#5529=DIRECTION('ref_axis',(-0.00181905457175934,-0.999998345518864,0.));
#5530=DIRECTION('center_axis',(0.,0.,-1.));
#5531=DIRECTION('ref_axis',(-1.,0.,0.));
#5532=DIRECTION('center_axis',(-6.70582412878831E-18,-1.,0.));
#5533=DIRECTION('ref_axis',(1.,-6.70582412878831E-18,0.));
#5534=DIRECTION('',(0.,0.,1.));
#5535=DIRECTION('center_axis',(0.,0.,1.));
#5536=DIRECTION('ref_axis',(-1.,-9.46164224038552E-12,0.));
#5537=DIRECTION('',(0.,0.,1.));
#5538=DIRECTION('center_axis',(0.,1.,0.));
#5539=DIRECTION('ref_axis',(-1.,0.,0.));
#5540=DIRECTION('center_axis',(0.999514954727775,0.0311424995068617,0.));
#5541=DIRECTION('ref_axis',(0.0311424995068617,-0.999514954727774,0.));
#5542=DIRECTION('',(0.,0.,-1.));
#5543=DIRECTION('',(-0.0311424995068617,0.999514954727774,0.));
#5544=DIRECTION('center_axis',(0.997780477817469,-0.0665891739424858,0.));
#5545=DIRECTION('ref_axis',(-0.0665891739424858,-0.997780477817469,0.));
#5546=CARTESIAN_POINT('',(0.,0.,0.));
#5547=CARTESIAN_POINT('Origin',(-122.009110704231,6.00000008940697,26.));
#5548=CARTESIAN_POINT('',(-122.009110704231,4.5017099516841,26.));
#5549=CARTESIAN_POINT('',(-123.654558971421,5.1496083327233,28.85));
#5550=CARTESIAN_POINT('Ctrl Pts',(-122.009110704231,4.50170995168409,26.));
#5551=CARTESIAN_POINT('Ctrl Pts',(-122.548911711656,4.74339969820072,26.9349627708377));
#5552=CARTESIAN_POINT('Ctrl Pts',(-123.117755530634,4.96085475476459,27.9202291668795));
#5553=CARTESIAN_POINT('Ctrl Pts',(-123.654558971421,5.1496083327233,28.85));
#5554=CARTESIAN_POINT('',(-122.009110704231,4.00000008940697,26.));
#5555=CARTESIAN_POINT('',(-122.009110704231,6.00000008940697,26.));
#5556=CARTESIAN_POINT('',(-123.654558971421,4.00000008940697,28.85));
#5557=CARTESIAN_POINT('',(-122.831834837826,4.00000008940697,27.425));
#5558=CARTESIAN_POINT('',(-123.654558971421,6.00000008940697,28.85));
#5559=CARTESIAN_POINT('Origin',(-123.654558971421,6.00000008940697,28.85));
#5560=CARTESIAN_POINT('',(-126.400007238612,6.00000008940697,28.85));
#5561=CARTESIAN_POINT('Ctrl Pts',(-123.654558971421,5.1496083327233,28.85));
#5562=CARTESIAN_POINT('Ctrl Pts',(-124.553032346875,5.46553414733619,28.85));
#5563=CARTESIAN_POINT('Ctrl Pts',(-125.506795932608,5.75188546866156,28.85));
#5564=CARTESIAN_POINT('Ctrl Pts',(-126.400007238612,6.00000008940697,28.85));
#5565=CARTESIAN_POINT('',(-126.945455505802,4.00000008940697,28.85));
#5566=CARTESIAN_POINT('',(-125.300007238612,4.00000008940697,28.85));
#5567=CARTESIAN_POINT('',(-126.945455505802,6.00000008940697,28.85));
#5568=CARTESIAN_POINT('',(-126.945455505802,6.00000008940697,28.85));
#5569=CARTESIAN_POINT('',(-125.027283105016,6.00000008940697,28.85));
#5570=CARTESIAN_POINT('Origin',(-123.654558971421,6.00000008940697,23.15));
#5571=CARTESIAN_POINT('',(-123.654558971421,5.1496083327233,23.15));
#5572=CARTESIAN_POINT('Ctrl Pts',(-123.654558971421,5.14960833272329,23.15));
#5573=CARTESIAN_POINT('Ctrl Pts',(-123.117755619046,4.96085478585236,24.0797706799869));
#5574=CARTESIAN_POINT('Ctrl Pts',(-122.548911716488,4.74339970036398,25.0650372207938));
#5575=CARTESIAN_POINT('Ctrl Pts',(-122.009110704231,4.5017099516841,26.));
#5576=CARTESIAN_POINT('',(-123.654558971421,4.00000008940697,23.15));
#5577=CARTESIAN_POINT('',(-123.654558971421,6.00000008940697,23.15));
#5578=CARTESIAN_POINT('',(-122.831834837826,4.00000008940697,24.575));
#5579=CARTESIAN_POINT('Origin',(-126.945455505802,6.00000008940697,23.15));
#5580=CARTESIAN_POINT('',(-126.400007238612,6.00000008940697,23.15));
#5581=CARTESIAN_POINT('Ctrl Pts',(-126.400007238612,6.00000008940696,23.15));
#5582=CARTESIAN_POINT('Ctrl Pts',(-125.506795932608,5.7518854686615,23.15));
#5583=CARTESIAN_POINT('Ctrl Pts',(-124.553032346875,5.46553414733617,23.15));
#5584=CARTESIAN_POINT('Ctrl Pts',(-123.654558971421,5.1496083327233,23.15));
#5585=CARTESIAN_POINT('',(-126.945455505802,6.00000008940697,23.15));
#5586=CARTESIAN_POINT('',(-126.672731372207,6.00000008940697,23.15));
#5587=CARTESIAN_POINT('',(-126.945455505802,4.00000008940697,23.15));
#5588=CARTESIAN_POINT('',(-126.945455505802,6.00000008940697,23.15));
#5589=CARTESIAN_POINT('',(-125.300007238612,4.00000008940697,23.15));
#5590=CARTESIAN_POINT('Origin',(-128.590903772992,6.00000008940697,26.));
#5591=CARTESIAN_POINT('',(-128.590903772992,6.00000008940697,26.));
#5592=CARTESIAN_POINT('',(-127.667522653357,6.00000008940697,24.4006569860407));
#5593=CARTESIAN_POINT('',(-128.590903772992,4.00000008940697,26.));
#5594=CARTESIAN_POINT('',(-128.590903772992,6.00000008940697,26.));
#5595=CARTESIAN_POINT('',(-127.768179639397,4.00000008940697,24.575));
#5596=CARTESIAN_POINT('Origin',(-126.945455505802,6.00000008940697,28.85));
#5597=CARTESIAN_POINT('',(-128.143836625438,6.00000008940697,26.7743430139593));
#5598=CARTESIAN_POINT('',(-127.768179639397,4.00000008940697,27.425));
#5599=CARTESIAN_POINT('Origin',(-125.300007238612,4.00000008940697,26.));
#5600=CARTESIAN_POINT('',(-126.900007238612,4.00000008940697,26.));
#5601=CARTESIAN_POINT('Origin',(-125.300007238612,4.00000008940697,26.));
#5602=CARTESIAN_POINT('Ctrl Pts',(-118.994655102021,0.509830238891347,23.));
#5603=CARTESIAN_POINT('Ctrl Pts',(-118.994655102021,0.509830238891347,29.));
#5604=CARTESIAN_POINT('Ctrl Pts',(-118.992741432069,0.623037634827223,23.));
#5605=CARTESIAN_POINT('Ctrl Pts',(-118.992741432069,0.623037634827223,29.));
#5606=CARTESIAN_POINT('Ctrl Pts',(-118.987090020432,0.952273513947978,23.));
#5607=CARTESIAN_POINT('Ctrl Pts',(-118.987090020432,0.952273513947978,29.));
#5608=CARTESIAN_POINT('Ctrl Pts',(-118.984747112363,1.50141223245483,23.));
#5609=CARTESIAN_POINT('Ctrl Pts',(-118.984747112363,1.50141223245483,29.));
#5610=CARTESIAN_POINT('Ctrl Pts',(-119.072669903803,2.28476251065695,23.));
#5611=CARTESIAN_POINT('Ctrl Pts',(-119.072669903803,2.28476251065695,29.));
#5612=CARTESIAN_POINT('Ctrl Pts',(-119.728959350733,3.3412720733611,23.));
#5613=CARTESIAN_POINT('Ctrl Pts',(-119.728959350733,3.3412720733611,29.));
#5614=CARTESIAN_POINT('Ctrl Pts',(-121.396167315632,4.34807602793841,23.));
#5615=CARTESIAN_POINT('Ctrl Pts',(-121.396167315632,4.34807602793841,29.));
#5616=CARTESIAN_POINT('Ctrl Pts',(-123.523881457887,5.15344259935672,23.));
#5617=CARTESIAN_POINT('Ctrl Pts',(-123.523881457887,5.15344259935672,29.));
#5618=CARTESIAN_POINT('Ctrl Pts',(-125.370016422061,5.71389110365864,23.));
#5619=CARTESIAN_POINT('Ctrl Pts',(-125.370016422061,5.71389110365864,29.));
#5620=CARTESIAN_POINT('Ctrl Pts',(-126.400007238612,6.00000008940697,23.));
#5621=CARTESIAN_POINT('Ctrl Pts',(-126.400007238612,6.00000008940697,29.));
#5622=CARTESIAN_POINT('',(-126.400007238612,6.00000008940697,29.));
#5623=CARTESIAN_POINT('',(-126.400007238612,6.00000008940697,23.));
#5624=CARTESIAN_POINT('',(-118.994655102023,0.509830238891366,29.));
#5625=CARTESIAN_POINT('Ctrl Pts',(-118.994655102021,0.509830238891347,29.));
#5626=CARTESIAN_POINT('Ctrl Pts',(-118.992741432069,0.623037634827224,29.));
#5627=CARTESIAN_POINT('Ctrl Pts',(-118.987090020432,0.952273513947978,29.));
#5628=CARTESIAN_POINT('Ctrl Pts',(-118.984747112363,1.50141223245483,29.));
#5629=CARTESIAN_POINT('Ctrl Pts',(-119.072669903803,2.28476251065695,29.));
#5630=CARTESIAN_POINT('Ctrl Pts',(-119.728959350733,3.3412720733611,29.));
#5631=CARTESIAN_POINT('Ctrl Pts',(-121.396167315632,4.34807602793841,29.));
#5632=CARTESIAN_POINT('Ctrl Pts',(-123.523881457887,5.15344259935672,29.));
#5633=CARTESIAN_POINT('Ctrl Pts',(-125.370016422061,5.71389110365864,29.));
#5634=CARTESIAN_POINT('Ctrl Pts',(-126.400007238612,6.00000008940697,29.));
#5635=CARTESIAN_POINT('',(-118.994655102023,0.509830238891366,23.));
#5636=CARTESIAN_POINT('',(-118.994655102023,0.509830238891366,23.));
#5637=CARTESIAN_POINT('',(-126.400007238612,6.00000008940697,23.));
#5638=CARTESIAN_POINT('Ctrl Pts',(-118.994655102021,0.509830238891347,23.));
#5639=CARTESIAN_POINT('Ctrl Pts',(-118.992741432069,0.623037634827224,23.));
#5640=CARTESIAN_POINT('Ctrl Pts',(-118.987090020432,0.952273513947978,23.));
#5641=CARTESIAN_POINT('Ctrl Pts',(-118.984747112363,1.50141223245483,23.));
#5642=CARTESIAN_POINT('Ctrl Pts',(-119.072669903803,2.28476251065695,23.));
#5643=CARTESIAN_POINT('Ctrl Pts',(-119.728959350733,3.3412720733611,23.));
#5644=CARTESIAN_POINT('Ctrl Pts',(-121.396167315632,4.34807602793841,23.));
#5645=CARTESIAN_POINT('Ctrl Pts',(-123.523881457887,5.15344259935672,23.));
#5646=CARTESIAN_POINT('Ctrl Pts',(-125.370016422061,5.71389110365864,23.));
#5647=CARTESIAN_POINT('Ctrl Pts',(-126.400007238612,6.00000008940697,23.));
#5648=CARTESIAN_POINT('',(-126.400007238612,6.00000008940697,23.));
#5649=CARTESIAN_POINT('Origin',(-125.300007238612,-6.00000008940697,26.));
#5650=CARTESIAN_POINT('',(-125.300007238612,-5.68250852782649,23.));
#5651=CARTESIAN_POINT('',(-125.300007238612,-4.00000008940697,23.));
#5652=CARTESIAN_POINT('',(-125.300007238612,-6.00000008940697,23.));
#5653=CARTESIAN_POINT('',(-125.300007238612,-4.00000008940697,29.));
#5654=CARTESIAN_POINT('Origin',(-125.300007238612,-4.00000008940697,26.));
#5655=CARTESIAN_POINT('',(-125.300007238612,-5.68250852782649,29.));
#5656=CARTESIAN_POINT('',(-125.300007238612,-6.00000008940697,29.));
#5657=CARTESIAN_POINT('',(-126.400007238612,-6.00000008940697,28.7910571473906));
#5658=CARTESIAN_POINT('Ctrl Pts',(-126.400007238612,-6.00000008940697,28.7910571473906));
#5659=CARTESIAN_POINT('Ctrl Pts',(-126.265390064487,-5.96260637430362,28.8441119161458));
#5660=CARTESIAN_POINT('Ctrl Pts',(-126.12749346419,-5.92381263289921,28.8872069838098));
#5661=CARTESIAN_POINT('Ctrl Pts',(-125.987440834962,-5.8838168904916,28.9201769231338));
#5662=CARTESIAN_POINT('Ctrl Pts',(-125.93797703989,-5.86969119205156,28.9318212480654));
#5663=CARTESIAN_POINT('Ctrl Pts',(-125.888243860767,-5.85541553697118,28.9422026034683));
#5664=CARTESIAN_POINT('Ctrl Pts',(-125.838289167546,-5.84099856396384,28.9513137015574));
#5665=CARTESIAN_POINT('Ctrl Pts',(-125.714557269093,-5.80528941783377,28.9738808196969));
#5666=CARTESIAN_POINT('Ctrl Pts',(-125.589734667102,-5.76878978882472,28.988607205584));
#5667=CARTESIAN_POINT('Ctrl Pts',(-125.464563866549,-5.73164928477434,28.995483452834));
#5668=CARTESIAN_POINT('Ctrl Pts',(-125.409722764325,-5.71537690998505,28.9984961441062));
#5669=CARTESIAN_POINT('Ctrl Pts',(-125.35484953333,-5.69899197441656,29.0000000058681));
#5670=CARTESIAN_POINT('Ctrl Pts',(-125.300007238612,-5.68250852782651,29.));
#5671=CARTESIAN_POINT('',(-126.400007238612,-6.00000008940697,23.2089428526094));
#5672=CARTESIAN_POINT('Origin',(-125.300007238612,-6.00000008940697,26.));
#5673=CARTESIAN_POINT('Ctrl Pts',(-125.300007238612,-5.6825085278265,23.));
#5674=CARTESIAN_POINT('Ctrl Pts',(-125.354275816639,-5.69881953764175,22.9999999943481));
#5675=CARTESIAN_POINT('Ctrl Pts',(-125.408574848494,-5.71503413630969,23.0014725560518));
#5676=CARTESIAN_POINT('Ctrl Pts',(-125.4628432163,-5.7311387020555,23.0044225190508));
#5677=CARTESIAN_POINT('Ctrl Pts',(-125.587860324187,-5.76823851387405,23.0112182982019));
#5678=CARTESIAN_POINT('Ctrl Pts',(-125.712534505564,-5.80470007061665,23.0258446512679));
#5679=CARTESIAN_POINT('Ctrl Pts',(-125.836126067441,-5.84037424280648,23.0482925955687));
#5680=CARTESIAN_POINT('Ctrl Pts',(-125.97752684183,-5.88118896750687,23.0739752284228));
#5681=CARTESIAN_POINT('Ctrl Pts',(-126.11716368068,-5.92087316838629,23.1098337759998));
#5682=CARTESIAN_POINT('Ctrl Pts',(-126.253933123833,-5.95922999217918,23.1557033637423));
#5683=CARTESIAN_POINT('Ctrl Pts',(-126.303011753957,-5.97299403423619,23.172163301568));
#5684=CARTESIAN_POINT('Ctrl Pts',(-126.351720642514,-5.98658712609426,23.1899123373234));
#5685=CARTESIAN_POINT('Ctrl Pts',(-126.400007238612,-6.00000008940697,23.2089428526094));
#5686=CARTESIAN_POINT('Origin',(-125.300007238612,-6.00000008940697,26.));
#5687=CARTESIAN_POINT('',(-125.300007238612,-6.00000008940697,23.));
#5688=CARTESIAN_POINT('Ctrl Pts',(-125.300007238612,-5.6825085278265,29.));
#5689=CARTESIAN_POINT('Ctrl Pts',(-125.239739703851,-5.66439446649049,29.));
#5690=CARTESIAN_POINT('Ctrl Pts',(-125.179508755035,-5.64616118849023,28.9981839164107));
#5691=CARTESIAN_POINT('Ctrl Pts',(-124.973255721475,-5.58325688777214,28.9857441507803));
#5692=CARTESIAN_POINT('Ctrl Pts',(-124.828070528672,-5.53816858080834,28.9662509511174));
#5693=CARTESIAN_POINT('Ctrl Pts',(-124.427250034779,-5.411257248454,28.8822979060927));
#5694=CARTESIAN_POINT('Ctrl Pts',(-124.177529180107,-5.3292862961628,28.7945684177574));
#5695=CARTESIAN_POINT('Ctrl Pts',(-123.596461466796,-5.13138180194854,28.4996726804493));
#5696=CARTESIAN_POINT('Ctrl Pts',(-123.285530066939,-5.01861190193247,28.2575021548551));
#5697=CARTESIAN_POINT('Ctrl Pts',(-122.778404947879,-4.82579209945094,27.6698478521002));
#5698=CARTESIAN_POINT('Ctrl Pts',(-122.583262351391,-4.74662719311707,27.3312851990244));
#5699=CARTESIAN_POINT('Ctrl Pts',(-122.341739111976,-4.64667429833833,26.6167959234584));
#5700=CARTESIAN_POINT('Ctrl Pts',(-122.288402993112,-4.62361529181229,26.2536200023745));
#5701=CARTESIAN_POINT('Ctrl Pts',(-122.31562503218,-4.63517718038046,25.526897347133));
#5702=CARTESIAN_POINT('Ctrl Pts',(-122.393944046416,-4.66876451962257,25.1741471688533));
#5703=CARTESIAN_POINT('Ctrl Pts',(-122.669437703049,-4.78144456799061,24.5137752863497));
#5704=CARTESIAN_POINT('Ctrl Pts',(-122.864519051603,-4.85931250922768,24.2132791367918));
#5705=CARTESIAN_POINT('Ctrl Pts',(-123.335994928301,-5.03676099214315,23.7069478549225));
#5706=CARTESIAN_POINT('Ctrl Pts',(-123.606736824214,-5.13443778301105,23.5008626873012));
#5707=CARTESIAN_POINT('Ctrl Pts',(-124.149530957072,-5.32006784654425,23.2155264161377));
#5708=CARTESIAN_POINT('Ctrl Pts',(-124.411435390468,-5.40622872566366,23.1212775535642));
#5709=CARTESIAN_POINT('Ctrl Pts',(-124.825627419299,-5.53740605481063,23.0341235537597));
#5710=CARTESIAN_POINT('Ctrl Pts',(-124.97110453237,-5.58259395524841,23.0144769142302));
#5711=CARTESIAN_POINT('Ctrl Pts',(-125.178273548348,-5.64578724734618,23.0018535248664));
#5712=CARTESIAN_POINT('Ctrl Pts',(-125.239121618458,-5.66420869422059,23.));
#5713=CARTESIAN_POINT('Ctrl Pts',(-125.300007238612,-5.6825085278265,23.));
#5714=CARTESIAN_POINT('',(-125.300007238612,-6.00000008940697,29.));
#5715=CARTESIAN_POINT('Origin',(-125.300007238612,-4.00000008940697,26.));
#5716=CARTESIAN_POINT('Origin',(-125.300007238612,-4.00000008940697,26.));
#5717=CARTESIAN_POINT('',(-126.900007238612,-4.00000008940697,26.));
#5718=CARTESIAN_POINT('Origin',(-125.300007238612,-4.00000008940697,26.));
#5719=CARTESIAN_POINT('Origin',(-135.400007238612,-6.00000008940697,23.));
#5720=CARTESIAN_POINT('',(-126.400007238612,-6.00000008940697,29.));
#5721=CARTESIAN_POINT('',(-126.400007238612,-6.00000008940697,23.));
#5722=CARTESIAN_POINT('',(-133.400007238612,-6.00000008940697,29.));
#5723=CARTESIAN_POINT('',(-132.400007238612,-6.00000008940697,29.));
#5724=CARTESIAN_POINT('',(-133.400007238612,-6.00000008940697,23.));
#5725=CARTESIAN_POINT('',(-133.400007238612,-6.00000008940697,23.));
#5726=CARTESIAN_POINT('',(-126.400007238612,-6.00000008940697,23.));
#5727=CARTESIAN_POINT('',(-132.400007238612,-6.00000008940697,23.));
#5728=CARTESIAN_POINT('',(-126.400007238612,-6.00000008940697,23.));
#5729=CARTESIAN_POINT('Ctrl Pts',(-126.400007238612,-6.00000008940697,23.));
#5730=CARTESIAN_POINT('Ctrl Pts',(-126.400007238612,-6.00000008940697,29.));
#5731=CARTESIAN_POINT('Ctrl Pts',(-125.370016422061,-5.71389110365864,23.));
#5732=CARTESIAN_POINT('Ctrl Pts',(-125.370016422061,-5.71389110365864,29.));
#5733=CARTESIAN_POINT('Ctrl Pts',(-123.523881457887,-5.15344259935673,23.));
#5734=CARTESIAN_POINT('Ctrl Pts',(-123.523881457887,-5.15344259935673,29.));
#5735=CARTESIAN_POINT('Ctrl Pts',(-121.396167315632,-4.34807602793845,23.));
#5736=CARTESIAN_POINT('Ctrl Pts',(-121.396167315632,-4.34807602793845,29.));
#5737=CARTESIAN_POINT('Ctrl Pts',(-119.728959350734,-3.34127207336114,23.));
#5738=CARTESIAN_POINT('Ctrl Pts',(-119.728959350734,-3.34127207336114,29.));
#5739=CARTESIAN_POINT('Ctrl Pts',(-119.072669903796,-2.28476251064444,23.));
#5740=CARTESIAN_POINT('Ctrl Pts',(-119.072669903796,-2.28476251064444,29.));
#5741=CARTESIAN_POINT('Ctrl Pts',(-118.984747112361,-1.50141223243098,23.));
#5742=CARTESIAN_POINT('Ctrl Pts',(-118.984747112361,-1.50141223243098,29.));
#5743=CARTESIAN_POINT('Ctrl Pts',(-118.987090020433,-0.952273513912949,
23.));
#5744=CARTESIAN_POINT('Ctrl Pts',(-118.987090020433,-0.952273513912949,
29.));
#5745=CARTESIAN_POINT('Ctrl Pts',(-118.99274143207,-0.623037634780861,23.));
#5746=CARTESIAN_POINT('Ctrl Pts',(-118.99274143207,-0.623037634780861,29.));
#5747=CARTESIAN_POINT('Ctrl Pts',(-118.994655102023,-0.509830238833502,
23.));
#5748=CARTESIAN_POINT('Ctrl Pts',(-118.994655102023,-0.509830238833502,
29.));
#5749=CARTESIAN_POINT('Ctrl Pts',(-126.400007238612,-6.00000008940697,29.));
#5750=CARTESIAN_POINT('Ctrl Pts',(-126.16928905386,-5.93591160942034,29.));
#5751=CARTESIAN_POINT('Ctrl Pts',(-125.943935865586,-5.87211840244571,29.));
#5752=CARTESIAN_POINT('Ctrl Pts',(-125.723947576938,-5.80862046433096,29.));
#5753=CARTESIAN_POINT('Ctrl Pts',(-125.509312234485,-5.74541741481312,29.));
#5754=CARTESIAN_POINT('Ctrl Pts',(-125.300007238612,-5.68250852782649,29.));
#5755=CARTESIAN_POINT('Ctrl Pts',(-126.400007238612,-6.00000008940697,23.));
#5756=CARTESIAN_POINT('Ctrl Pts',(-126.400007238612,-6.00000008940697,29.));
#5757=CARTESIAN_POINT('Ctrl Pts',(-125.370016422061,-5.71389110365864,23.));
#5758=CARTESIAN_POINT('Ctrl Pts',(-125.370016422061,-5.71389110365864,29.));
#5759=CARTESIAN_POINT('Ctrl Pts',(-123.523881457887,-5.15344259935673,23.));
#5760=CARTESIAN_POINT('Ctrl Pts',(-123.523881457887,-5.15344259935673,29.));
#5761=CARTESIAN_POINT('Ctrl Pts',(-121.396167315632,-4.34807602793845,23.));
#5762=CARTESIAN_POINT('Ctrl Pts',(-121.396167315632,-4.34807602793845,29.));
#5763=CARTESIAN_POINT('Ctrl Pts',(-119.728959350734,-3.34127207336114,23.));
#5764=CARTESIAN_POINT('Ctrl Pts',(-119.728959350734,-3.34127207336114,29.));
#5765=CARTESIAN_POINT('Ctrl Pts',(-119.072669903796,-2.28476251064444,23.));
#5766=CARTESIAN_POINT('Ctrl Pts',(-119.072669903796,-2.28476251064444,29.));
#5767=CARTESIAN_POINT('Ctrl Pts',(-118.984747112361,-1.50141223243098,23.));
#5768=CARTESIAN_POINT('Ctrl Pts',(-118.984747112361,-1.50141223243098,29.));
#5769=CARTESIAN_POINT('Ctrl Pts',(-118.987090020433,-0.952273513912949,
23.));
#5770=CARTESIAN_POINT('Ctrl Pts',(-118.987090020433,-0.952273513912949,
29.));
#5771=CARTESIAN_POINT('Ctrl Pts',(-118.99274143207,-0.623037634780861,23.));
#5772=CARTESIAN_POINT('Ctrl Pts',(-118.99274143207,-0.623037634780861,29.));
#5773=CARTESIAN_POINT('Ctrl Pts',(-118.994655102023,-0.509830238833502,
23.));
#5774=CARTESIAN_POINT('Ctrl Pts',(-118.994655102023,-0.509830238833502,
29.));
#5775=CARTESIAN_POINT('',(-118.994655102023,-0.509830238833502,23.));
#5776=CARTESIAN_POINT('Ctrl Pts',(-125.300007238612,-5.68250852782649,23.));
#5777=CARTESIAN_POINT('Ctrl Pts',(-124.574915910934,-5.46457446372335,23.));
#5778=CARTESIAN_POINT('Ctrl Pts',(-123.061835648337,-4.97387714229651,23.));
#5779=CARTESIAN_POINT('Ctrl Pts',(-121.212849085375,-4.23554275408878,23.));
#5780=CARTESIAN_POINT('Ctrl Pts',(-119.696475142018,-3.28897826107149,23.));
#5781=CARTESIAN_POINT('Ctrl Pts',(-119.072669903796,-2.28476251064444,23.));
#5782=CARTESIAN_POINT('Ctrl Pts',(-118.984747112361,-1.50141223243098,23.));
#5783=CARTESIAN_POINT('Ctrl Pts',(-118.987090020433,-0.952273513912949,
23.));
#5784=CARTESIAN_POINT('Ctrl Pts',(-118.99274143207,-0.623037634780861,23.));
#5785=CARTESIAN_POINT('Ctrl Pts',(-118.994655102023,-0.509830238833502,
23.));
#5786=CARTESIAN_POINT('',(-118.994655102023,-0.509830238833502,29.));
#5787=CARTESIAN_POINT('',(-118.994655102023,-0.509830238833502,23.));
#5788=CARTESIAN_POINT('Ctrl Pts',(-125.300007238612,-5.68250852782649,29.));
#5789=CARTESIAN_POINT('Ctrl Pts',(-124.574915910934,-5.46457446372335,29.));
#5790=CARTESIAN_POINT('Ctrl Pts',(-123.061835648337,-4.97387714229651,29.));
#5791=CARTESIAN_POINT('Ctrl Pts',(-121.212849085375,-4.23554275408878,29.));
#5792=CARTESIAN_POINT('Ctrl Pts',(-119.696475142018,-3.28897826107149,29.));
#5793=CARTESIAN_POINT('Ctrl Pts',(-119.072669903796,-2.28476251064444,29.));
#5794=CARTESIAN_POINT('Ctrl Pts',(-118.984747112361,-1.50141223243098,29.));
#5795=CARTESIAN_POINT('Ctrl Pts',(-118.987090020433,-0.952273513912949,
29.));
#5796=CARTESIAN_POINT('Ctrl Pts',(-118.99274143207,-0.623037634780861,29.));
#5797=CARTESIAN_POINT('Ctrl Pts',(-118.994655102023,-0.509830238833502,
29.));
#5798=CARTESIAN_POINT('Origin',(-125.300007238612,-6.00000008940697,26.));
#5799=CARTESIAN_POINT('',(-126.900007238612,-0.509830238833502,26.));
#5800=CARTESIAN_POINT('',(-126.900007238612,-6.00000008940697,26.));
#5801=CARTESIAN_POINT('Origin',(-125.300007238612,-0.509830238833502,26.));
#5802=CARTESIAN_POINT('Origin',(-125.300007238612,-6.00000008940697,26.));
#5803=CARTESIAN_POINT('',(-126.900007238612,0.509830238891366,26.));
#5804=CARTESIAN_POINT('Origin',(-125.300007238612,0.509830238891366,26.));
#5805=CARTESIAN_POINT('',(-126.900007238612,-6.00000008940697,26.));
#5806=CARTESIAN_POINT('Ctrl Pts',(-126.400007238612,-6.00000008940697,23.));
#5807=CARTESIAN_POINT('Ctrl Pts',(-126.400007238612,-6.00000008940697,29.));
#5808=CARTESIAN_POINT('Ctrl Pts',(-125.370016422061,-5.71389110365864,23.));
#5809=CARTESIAN_POINT('Ctrl Pts',(-125.370016422061,-5.71389110365864,29.));
#5810=CARTESIAN_POINT('Ctrl Pts',(-123.523881457887,-5.15344259935673,23.));
#5811=CARTESIAN_POINT('Ctrl Pts',(-123.523881457887,-5.15344259935673,29.));
#5812=CARTESIAN_POINT('Ctrl Pts',(-121.396167315632,-4.34807602793845,23.));
#5813=CARTESIAN_POINT('Ctrl Pts',(-121.396167315632,-4.34807602793845,29.));
#5814=CARTESIAN_POINT('Ctrl Pts',(-119.728959350734,-3.34127207336114,23.));
#5815=CARTESIAN_POINT('Ctrl Pts',(-119.728959350734,-3.34127207336114,29.));
#5816=CARTESIAN_POINT('Ctrl Pts',(-119.072669903796,-2.28476251064444,23.));
#5817=CARTESIAN_POINT('Ctrl Pts',(-119.072669903796,-2.28476251064444,29.));
#5818=CARTESIAN_POINT('Ctrl Pts',(-118.984747112361,-1.50141223243098,23.));
#5819=CARTESIAN_POINT('Ctrl Pts',(-118.984747112361,-1.50141223243098,29.));
#5820=CARTESIAN_POINT('Ctrl Pts',(-118.987090020433,-0.952273513912949,
23.));
#5821=CARTESIAN_POINT('Ctrl Pts',(-118.987090020433,-0.952273513912949,
29.));
#5822=CARTESIAN_POINT('Ctrl Pts',(-118.99274143207,-0.623037634780861,23.));
#5823=CARTESIAN_POINT('Ctrl Pts',(-118.99274143207,-0.623037634780861,29.));
#5824=CARTESIAN_POINT('Ctrl Pts',(-118.994655102023,-0.509830238833502,
23.));
#5825=CARTESIAN_POINT('Ctrl Pts',(-118.994655102023,-0.509830238833502,
29.));
#5826=CARTESIAN_POINT('Ctrl Pts',(-126.400007238612,-6.00000008940697,23.));
#5827=CARTESIAN_POINT('Ctrl Pts',(-126.16928905386,-5.93591160942034,23.));
#5828=CARTESIAN_POINT('Ctrl Pts',(-125.943935865586,-5.87211840244571,23.));
#5829=CARTESIAN_POINT('Ctrl Pts',(-125.723947576938,-5.80862046433096,23.));
#5830=CARTESIAN_POINT('Ctrl Pts',(-125.509312234485,-5.74541741481312,23.));
#5831=CARTESIAN_POINT('Ctrl Pts',(-125.300007238612,-5.68250852782649,23.));
#5832=CARTESIAN_POINT('Origin',(-126.400007238612,6.00000008940697,23.));
#5833=CARTESIAN_POINT('',(-133.400007238612,6.00000008940697,23.));
#5834=CARTESIAN_POINT('',(-132.400007238612,6.00000008940697,23.));
#5835=CARTESIAN_POINT('',(-133.400007238612,6.00000008940697,29.));
#5836=CARTESIAN_POINT('',(-133.400007238612,6.00000008940697,23.));
#5837=CARTESIAN_POINT('',(-132.400007238612,6.00000008940697,29.));
#5838=CARTESIAN_POINT('Ctrl Pts',(-138.449120691046,-1.27182820439339,23.));
#5839=CARTESIAN_POINT('Ctrl Pts',(-138.449120691046,-1.27182820439339,24.));
#5840=CARTESIAN_POINT('Ctrl Pts',(-138.445486796592,-1.39953274579988,23.));
#5841=CARTESIAN_POINT('Ctrl Pts',(-138.445486796592,-1.39953274579989,24.));
#5842=CARTESIAN_POINT('Ctrl Pts',(-138.438920961014,-1.63027335531601,23.));
#5843=CARTESIAN_POINT('Ctrl Pts',(-138.438920961014,-1.63027335531602,24.));
#5844=CARTESIAN_POINT('Ctrl Pts',(-138.32431025836,-1.82951531132364,23.));
#5845=CARTESIAN_POINT('Ctrl Pts',(-138.32431025836,-1.82951531132364,24.));
#5846=CARTESIAN_POINT('Ctrl Pts',(-138.273131420836,-1.91848581284285,23.));
#5847=CARTESIAN_POINT('Ctrl Pts',(-138.273131420836,-1.91848581284285,24.));
#5848=CARTESIAN_POINT('',(-138.449120691046,-1.27182820439339,23.));
#5849=CARTESIAN_POINT('',(-138.273131420836,-1.91848581284285,23.));
#5850=CARTESIAN_POINT('Ctrl Pts',(-138.449120691046,-1.27182820439339,23.));
#5851=CARTESIAN_POINT('Ctrl Pts',(-138.445486796592,-1.39953274579988,23.));
#5852=CARTESIAN_POINT('Ctrl Pts',(-138.438920961014,-1.63027335531601,23.));
#5853=CARTESIAN_POINT('Ctrl Pts',(-138.32431025836,-1.82951531132364,23.));
#5854=CARTESIAN_POINT('Ctrl Pts',(-138.273131420836,-1.91848581284285,23.));
#5855=CARTESIAN_POINT('',(-138.449120691046,-1.27182820439339,24.));
#5856=CARTESIAN_POINT('',(-138.449120691046,-1.27182820439339,23.));
#5857=CARTESIAN_POINT('',(-138.273131420836,-1.91848581284285,24.));
#5858=CARTESIAN_POINT('Ctrl Pts',(-138.449120691046,-1.27182820439339,24.));
#5859=CARTESIAN_POINT('Ctrl Pts',(-138.445486796592,-1.39953274579989,24.));
#5860=CARTESIAN_POINT('Ctrl Pts',(-138.438920961014,-1.63027335531602,24.));
#5861=CARTESIAN_POINT('Ctrl Pts',(-138.32431025836,-1.82951531132364,24.));
#5862=CARTESIAN_POINT('Ctrl Pts',(-138.273131420836,-1.91848581284285,24.));
#5863=CARTESIAN_POINT('',(-138.273131420836,-1.91848581284285,23.));
#5864=CARTESIAN_POINT('Ctrl Pts',(-138.361126055941,-0.813438087701797,
23.));
#5865=CARTESIAN_POINT('Ctrl Pts',(-138.361126055941,-0.813438087701801,
24.));
#5866=CARTESIAN_POINT('Ctrl Pts',(-138.386781098969,-0.884685871104705,
23.));
#5867=CARTESIAN_POINT('Ctrl Pts',(-138.386781098969,-0.88468587110471,24.));
#5868=CARTESIAN_POINT('Ctrl Pts',(-138.440106829453,-1.03277917545387,23.));
#5869=CARTESIAN_POINT('Ctrl Pts',(-138.440106829453,-1.03277917545388,24.));
#5870=CARTESIAN_POINT('Ctrl Pts',(-138.446041298731,-1.19016223527299,23.));
#5871=CARTESIAN_POINT('Ctrl Pts',(-138.446041298731,-1.190162235273,24.));
#5872=CARTESIAN_POINT('Ctrl Pts',(-138.449120691046,-1.27182820439339,23.));
#5873=CARTESIAN_POINT('Ctrl Pts',(-138.449120691046,-1.27182820439339,24.));
#5874=CARTESIAN_POINT('',(-138.361126055941,-0.813438087701797,23.));
#5875=CARTESIAN_POINT('Ctrl Pts',(-138.361126055941,-0.813438087701797,
23.));
#5876=CARTESIAN_POINT('Ctrl Pts',(-138.386781098969,-0.884685871104705,
23.));
#5877=CARTESIAN_POINT('Ctrl Pts',(-138.440106829453,-1.03277917545387,23.));
#5878=CARTESIAN_POINT('Ctrl Pts',(-138.446041298731,-1.19016223527299,23.));
#5879=CARTESIAN_POINT('Ctrl Pts',(-138.449120691046,-1.27182820439339,23.));
#5880=CARTESIAN_POINT('',(-138.361126055941,-0.813438087701801,24.));
#5881=CARTESIAN_POINT('',(-138.361126055941,-0.813438087701797,23.));
#5882=CARTESIAN_POINT('Ctrl Pts',(-138.361126055941,-0.813438087701801,
24.));
#5883=CARTESIAN_POINT('Ctrl Pts',(-138.386781098969,-0.88468587110471,24.));
#5884=CARTESIAN_POINT('Ctrl Pts',(-138.440106829453,-1.03277917545388,24.));
#5885=CARTESIAN_POINT('Ctrl Pts',(-138.446041298731,-1.190162235273,24.));
#5886=CARTESIAN_POINT('Ctrl Pts',(-138.449120691046,-1.27182820439339,24.));
#5887=CARTESIAN_POINT('Ctrl Pts',(-138.109420707449,-0.504433900117873,
23.));
#5888=CARTESIAN_POINT('Ctrl Pts',(-138.109420707449,-0.504433900117878,
24.));
#5889=CARTESIAN_POINT('Ctrl Pts',(-138.160820282223,-0.545054237021886,
23.));
#5890=CARTESIAN_POINT('Ctrl Pts',(-138.160820282223,-0.545054237021891,
24.));
#5891=CARTESIAN_POINT('Ctrl Pts',(-138.267462472014,-0.629332009680049,
23.));
#5892=CARTESIAN_POINT('Ctrl Pts',(-138.267462472014,-0.629332009680053,
24.));
#5893=CARTESIAN_POINT('Ctrl Pts',(-138.329163690393,-0.750612542076552,
23.));
#5894=CARTESIAN_POINT('Ctrl Pts',(-138.329163690393,-0.750612542076556,
24.));
#5895=CARTESIAN_POINT('Ctrl Pts',(-138.361126055941,-0.813438087701797,
23.));
#5896=CARTESIAN_POINT('Ctrl Pts',(-138.361126055941,-0.813438087701801,
24.));
#5897=CARTESIAN_POINT('',(-138.109420707449,-0.504433900117873,23.));
#5898=CARTESIAN_POINT('Ctrl Pts',(-138.109420707449,-0.504433900117873,
23.));
#5899=CARTESIAN_POINT('Ctrl Pts',(-138.160820282223,-0.545054237021886,
23.));
#5900=CARTESIAN_POINT('Ctrl Pts',(-138.267462472014,-0.629332009680049,
23.));
#5901=CARTESIAN_POINT('Ctrl Pts',(-138.329163690393,-0.750612542076552,
23.));
#5902=CARTESIAN_POINT('Ctrl Pts',(-138.361126055941,-0.813438087701797,
23.));
#5903=CARTESIAN_POINT('',(-138.109420707449,-0.504433900117878,24.));
#5904=CARTESIAN_POINT('',(-138.109420707449,-0.504433900117873,23.));
#5905=CARTESIAN_POINT('Ctrl Pts',(-138.109420707449,-0.504433900117878,
24.));
#5906=CARTESIAN_POINT('Ctrl Pts',(-138.160820282223,-0.545054237021891,
24.));
#5907=CARTESIAN_POINT('Ctrl Pts',(-138.267462472014,-0.629332009680053,
24.));
#5908=CARTESIAN_POINT('Ctrl Pts',(-138.329163690393,-0.750612542076556,
24.));
#5909=CARTESIAN_POINT('Ctrl Pts',(-138.361126055941,-0.813438087701801,
24.));
#5910=CARTESIAN_POINT('Ctrl Pts',(-137.761535217986,-0.395975500345229,
23.));
#5911=CARTESIAN_POINT('Ctrl Pts',(-137.761535217986,-0.395975500345234,
24.));
#5912=CARTESIAN_POINT('Ctrl Pts',(-137.82252459215,-0.400795825047053,23.));
#5913=CARTESIAN_POINT('Ctrl Pts',(-137.82252459215,-0.400795825047057,24.));
#5914=CARTESIAN_POINT('Ctrl Pts',(-137.946625371472,-0.41060419019723,23.));
#5915=CARTESIAN_POINT('Ctrl Pts',(-137.946625371472,-0.410604190197235,
24.));
#5916=CARTESIAN_POINT('Ctrl Pts',(-138.054540505954,-0.472802813417472,
23.));
#5917=CARTESIAN_POINT('Ctrl Pts',(-138.054540505954,-0.472802813417476,
24.));
#5918=CARTESIAN_POINT('Ctrl Pts',(-138.109420707449,-0.504433900117873,
23.));
#5919=CARTESIAN_POINT('Ctrl Pts',(-138.109420707449,-0.504433900117878,
24.));
#5920=CARTESIAN_POINT('',(-137.761535217986,-0.395975500345229,23.));
#5921=CARTESIAN_POINT('Ctrl Pts',(-137.761535217986,-0.395975500345229,
23.));
#5922=CARTESIAN_POINT('Ctrl Pts',(-137.82252459215,-0.400795825047053,23.));
#5923=CARTESIAN_POINT('Ctrl Pts',(-137.946625371472,-0.41060419019723,23.));
#5924=CARTESIAN_POINT('Ctrl Pts',(-138.054540505954,-0.472802813417472,
23.));
#5925=CARTESIAN_POINT('Ctrl Pts',(-138.109420707449,-0.504433900117873,
23.));
#5926=CARTESIAN_POINT('',(-137.761535217986,-0.395975500345234,24.));
#5927=CARTESIAN_POINT('',(-137.761535217986,-0.395975500345229,23.));
#5928=CARTESIAN_POINT('Ctrl Pts',(-137.761535217986,-0.395975500345234,
24.));
#5929=CARTESIAN_POINT('Ctrl Pts',(-137.82252459215,-0.400795825047057,24.));
#5930=CARTESIAN_POINT('Ctrl Pts',(-137.946625371472,-0.410604190197235,
24.));
#5931=CARTESIAN_POINT('Ctrl Pts',(-138.054540505954,-0.472802813417476,
24.));
#5932=CARTESIAN_POINT('Ctrl Pts',(-138.109420707449,-0.504433900117878,
24.));
#5933=CARTESIAN_POINT('Ctrl Pts',(-137.446392050013,-0.483970135450362,
23.));
#5934=CARTESIAN_POINT('Ctrl Pts',(-137.446392050013,-0.483970135450367,
24.));
#5935=CARTESIAN_POINT('Ctrl Pts',(-137.492749227739,-0.458324504912129,
23.));
#5936=CARTESIAN_POINT('Ctrl Pts',(-137.492749227739,-0.458324504912133,
24.));
#5937=CARTESIAN_POINT('Ctrl Pts',(-137.590644698026,-0.404166957246134,
23.));
#5938=CARTESIAN_POINT('Ctrl Pts',(-137.590644698026,-0.404166957246139,
24.));
#5939=CARTESIAN_POINT('Ctrl Pts',(-137.702596692677,-0.398800656415816,
23.));
#5940=CARTESIAN_POINT('Ctrl Pts',(-137.702596692677,-0.39880065641582,24.));
#5941=CARTESIAN_POINT('Ctrl Pts',(-137.761535217986,-0.395975500345229,
23.));
#5942=CARTESIAN_POINT('Ctrl Pts',(-137.761535217986,-0.395975500345234,
24.));
#5943=CARTESIAN_POINT('',(-137.446392050013,-0.483970135450362,23.));
#5944=CARTESIAN_POINT('Ctrl Pts',(-137.446392050013,-0.483970135450362,
23.));
#5945=CARTESIAN_POINT('Ctrl Pts',(-137.492749227739,-0.458324504912129,
23.));
#5946=CARTESIAN_POINT('Ctrl Pts',(-137.590644698026,-0.404166957246134,
23.));
#5947=CARTESIAN_POINT('Ctrl Pts',(-137.702596692677,-0.398800656415816,
23.));
#5948=CARTESIAN_POINT('Ctrl Pts',(-137.761535217986,-0.395975500345229,
23.));
#5949=CARTESIAN_POINT('',(-137.446392050013,-0.483970135450367,24.));
#5950=CARTESIAN_POINT('',(-137.446392050013,-0.483970135450362,23.));
#5951=CARTESIAN_POINT('Ctrl Pts',(-137.446392050013,-0.483970135450367,
24.));
#5952=CARTESIAN_POINT('Ctrl Pts',(-137.492749227739,-0.458324504912133,
24.));
#5953=CARTESIAN_POINT('Ctrl Pts',(-137.590644698026,-0.404166957246139,
24.));
#5954=CARTESIAN_POINT('Ctrl Pts',(-137.702596692677,-0.39880065641582,24.));
#5955=CARTESIAN_POINT('Ctrl Pts',(-137.761535217986,-0.395975500345234,
24.));
#5956=CARTESIAN_POINT('Ctrl Pts',(-137.254032066092,-0.727489829063415,
23.));
#5957=CARTESIAN_POINT('Ctrl Pts',(-137.254032066092,-0.727489829063419,
24.));
#5958=CARTESIAN_POINT('Ctrl Pts',(-137.277898446795,-0.67882747545644,23.));
#5959=CARTESIAN_POINT('Ctrl Pts',(-137.277898446795,-0.678827475456444,
24.));
#5960=CARTESIAN_POINT('Ctrl Pts',(-137.324531994424,-0.583744010018651,
23.));
#5961=CARTESIAN_POINT('Ctrl Pts',(-137.324531994424,-0.583744010018655,
24.));
#5962=CARTESIAN_POINT('Ctrl Pts',(-137.406415397827,-0.516701332409005,
23.));
#5963=CARTESIAN_POINT('Ctrl Pts',(-137.406415397827,-0.51670133240901,24.));
#5964=CARTESIAN_POINT('Ctrl Pts',(-137.446392050013,-0.483970135450362,
23.));
#5965=CARTESIAN_POINT('Ctrl Pts',(-137.446392050013,-0.483970135450367,
24.));
#5966=CARTESIAN_POINT('',(-137.254032066092,-0.727489829063415,23.));
#5967=CARTESIAN_POINT('Ctrl Pts',(-137.254032066092,-0.727489829063415,
23.));
#5968=CARTESIAN_POINT('Ctrl Pts',(-137.277898446795,-0.67882747545644,23.));
#5969=CARTESIAN_POINT('Ctrl Pts',(-137.324531994424,-0.583744010018651,
23.));
#5970=CARTESIAN_POINT('Ctrl Pts',(-137.406415397827,-0.516701332409005,
23.));
#5971=CARTESIAN_POINT('Ctrl Pts',(-137.446392050013,-0.483970135450362,
23.));
#5972=CARTESIAN_POINT('',(-137.254032066092,-0.727489829063419,24.));
#5973=CARTESIAN_POINT('',(-137.254032066092,-0.727489829063415,23.));
#5974=CARTESIAN_POINT('Ctrl Pts',(-137.254032066092,-0.727489829063419,
24.));
#5975=CARTESIAN_POINT('Ctrl Pts',(-137.277898446795,-0.678827475456444,
24.));
#5976=CARTESIAN_POINT('Ctrl Pts',(-137.324531994424,-0.583744010018655,
24.));
#5977=CARTESIAN_POINT('Ctrl Pts',(-137.406415397827,-0.51670133240901,24.));
#5978=CARTESIAN_POINT('Ctrl Pts',(-137.446392050013,-0.483970135450367,
24.));
#5979=CARTESIAN_POINT('Ctrl Pts',(-137.082135548815,-1.27182820439339,23.));
#5980=CARTESIAN_POINT('Ctrl Pts',(-137.082135548815,-1.27182820439339,24.));
#5981=CARTESIAN_POINT('Ctrl Pts',(-137.111657086757,-1.16061274072811,23.));
#5982=CARTESIAN_POINT('Ctrl Pts',(-137.111657086757,-1.16061274072811,24.));
#5983=CARTESIAN_POINT('Ctrl Pts',(-137.160543185895,-0.976445838815089,
23.));
#5984=CARTESIAN_POINT('Ctrl Pts',(-137.160543185895,-0.976445838815093,
24.));
#5985=CARTESIAN_POINT('Ctrl Pts',(-137.227506738236,-0.798125393062653,
23.));
#5986=CARTESIAN_POINT('Ctrl Pts',(-137.227506738236,-0.798125393062657,
24.));
#5987=CARTESIAN_POINT('Ctrl Pts',(-137.254032066092,-0.727489829063415,
23.));
#5988=CARTESIAN_POINT('Ctrl Pts',(-137.254032066092,-0.727489829063419,
24.));
#5989=CARTESIAN_POINT('',(-137.082135548815,-1.27182820439339,23.));
#5990=CARTESIAN_POINT('Ctrl Pts',(-137.082135548815,-1.27182820439339,23.));
#5991=CARTESIAN_POINT('Ctrl Pts',(-137.111657086757,-1.16061274072811,23.));
#5992=CARTESIAN_POINT('Ctrl Pts',(-137.160543185895,-0.976445838815089,
23.));
#5993=CARTESIAN_POINT('Ctrl Pts',(-137.227506738236,-0.798125393062653,
23.));
#5994=CARTESIAN_POINT('Ctrl Pts',(-137.254032066092,-0.727489829063415,
23.));
#5995=CARTESIAN_POINT('',(-137.082135548815,-1.27182820439339,24.));
#5996=CARTESIAN_POINT('',(-137.082135548815,-1.27182820439339,23.));
#5997=CARTESIAN_POINT('Ctrl Pts',(-137.082135548815,-1.27182820439339,24.));
#5998=CARTESIAN_POINT('Ctrl Pts',(-137.111657086757,-1.16061274072811,24.));
#5999=CARTESIAN_POINT('Ctrl Pts',(-137.160543185895,-0.976445838815093,
24.));
#6000=CARTESIAN_POINT('Ctrl Pts',(-137.227506738236,-0.798125393062657,
24.));
#6001=CARTESIAN_POINT('Ctrl Pts',(-137.254032066092,-0.727489829063419,
24.));
#6002=CARTESIAN_POINT('Ctrl Pts',(-136.988001933321,-1.59720340371132,23.));
#6003=CARTESIAN_POINT('Ctrl Pts',(-136.988001933321,-1.59720340371132,24.));
#6004=CARTESIAN_POINT('Ctrl Pts',(-136.999431738806,-1.56093149522267,23.));
#6005=CARTESIAN_POINT('Ctrl Pts',(-136.999431738806,-1.56093149522268,24.));
#6006=CARTESIAN_POINT('Ctrl Pts',(-137.033370983433,-1.45322702230422,23.));
#6007=CARTESIAN_POINT('Ctrl Pts',(-137.033370983433,-1.45322702230423,24.));
#6008=CARTESIAN_POINT('Ctrl Pts',(-137.062690223549,-1.34416267491785,23.));
#6009=CARTESIAN_POINT('Ctrl Pts',(-137.062690223549,-1.34416267491785,24.));
#6010=CARTESIAN_POINT('Ctrl Pts',(-137.082135548815,-1.27182820439339,23.));
#6011=CARTESIAN_POINT('Ctrl Pts',(-137.082135548815,-1.27182820439339,24.));
#6012=CARTESIAN_POINT('',(-136.988001933321,-1.59720340371132,23.));
#6013=CARTESIAN_POINT('Ctrl Pts',(-136.988001933321,-1.59720340371132,23.));
#6014=CARTESIAN_POINT('Ctrl Pts',(-136.999431738806,-1.56093149522267,23.));
#6015=CARTESIAN_POINT('Ctrl Pts',(-137.033370983433,-1.45322702230422,23.));
#6016=CARTESIAN_POINT('Ctrl Pts',(-137.062690223549,-1.34416267491785,23.));
#6017=CARTESIAN_POINT('Ctrl Pts',(-137.082135548815,-1.27182820439339,23.));
#6018=CARTESIAN_POINT('',(-136.988001933321,-1.59720340371132,24.));
#6019=CARTESIAN_POINT('',(-136.988001933321,-1.59720340371132,23.));
#6020=CARTESIAN_POINT('Ctrl Pts',(-136.988001933321,-1.59720340371132,24.));
#6021=CARTESIAN_POINT('Ctrl Pts',(-136.999431738806,-1.56093149522268,24.));
#6022=CARTESIAN_POINT('Ctrl Pts',(-137.033370983433,-1.45322702230423,24.));
#6023=CARTESIAN_POINT('Ctrl Pts',(-137.062690223549,-1.34416267491785,24.));
#6024=CARTESIAN_POINT('Ctrl Pts',(-137.082135548815,-1.27182820439339,24.));
#6025=CARTESIAN_POINT('Ctrl Pts',(-136.889775415882,-1.73840397596359,23.));
#6026=CARTESIAN_POINT('Ctrl Pts',(-136.889775415882,-1.7384039759636,24.));
#6027=CARTESIAN_POINT('Ctrl Pts',(-136.909164293883,-1.72006974334232,23.));
#6028=CARTESIAN_POINT('Ctrl Pts',(-136.909164293883,-1.72006974334233,24.));
#6029=CARTESIAN_POINT('Ctrl Pts',(-136.951616220785,-1.67992696133156,23.));
#6030=CARTESIAN_POINT('Ctrl Pts',(-136.951616220785,-1.67992696133157,24.));
#6031=CARTESIAN_POINT('Ctrl Pts',(-136.975193175366,-1.62632434027973,23.));
#6032=CARTESIAN_POINT('Ctrl Pts',(-136.975193175366,-1.62632434027974,24.));
#6033=CARTESIAN_POINT('Ctrl Pts',(-136.988001933321,-1.59720340371132,23.));
#6034=CARTESIAN_POINT('Ctrl Pts',(-136.988001933321,-1.59720340371132,24.));
#6035=CARTESIAN_POINT('',(-136.889775415882,-1.73840397596359,23.));
#6036=CARTESIAN_POINT('Ctrl Pts',(-136.889775415882,-1.73840397596359,23.));
#6037=CARTESIAN_POINT('Ctrl Pts',(-136.909164293883,-1.72006974334232,23.));
#6038=CARTESIAN_POINT('Ctrl Pts',(-136.951616220785,-1.67992696133156,23.));
#6039=CARTESIAN_POINT('Ctrl Pts',(-136.975193175366,-1.62632434027973,23.));
#6040=CARTESIAN_POINT('Ctrl Pts',(-136.988001933321,-1.59720340371132,23.));
#6041=CARTESIAN_POINT('',(-136.889775415882,-1.7384039759636,24.));
#6042=CARTESIAN_POINT('',(-136.889775415882,-1.73840397596359,23.));
#6043=CARTESIAN_POINT('Ctrl Pts',(-136.889775415882,-1.7384039759636,24.));
#6044=CARTESIAN_POINT('Ctrl Pts',(-136.909164293883,-1.72006974334233,24.));
#6045=CARTESIAN_POINT('Ctrl Pts',(-136.951616220785,-1.67992696133157,24.));
#6046=CARTESIAN_POINT('Ctrl Pts',(-136.975193175366,-1.62632434027974,24.));
#6047=CARTESIAN_POINT('Ctrl Pts',(-136.988001933321,-1.59720340371132,24.));
#6048=CARTESIAN_POINT('Ctrl Pts',(-136.760853102431,-1.78342444449663,23.));
#6049=CARTESIAN_POINT('Ctrl Pts',(-136.760853102431,-1.78342444449664,24.));
#6050=CARTESIAN_POINT('Ctrl Pts',(-136.784175103599,-1.78151367579542,23.));
#6051=CARTESIAN_POINT('Ctrl Pts',(-136.784175103599,-1.78151367579542,24.));
#6052=CARTESIAN_POINT('Ctrl Pts',(-136.831038743762,-1.77767414349261,23.));
#6053=CARTESIAN_POINT('Ctrl Pts',(-136.831038743762,-1.77767414349262,24.));
#6054=CARTESIAN_POINT('Ctrl Pts',(-136.870135446446,-1.75153486782727,23.));
#6055=CARTESIAN_POINT('Ctrl Pts',(-136.870135446446,-1.75153486782728,24.));
#6056=CARTESIAN_POINT('Ctrl Pts',(-136.889775415882,-1.73840397596359,23.));
#6057=CARTESIAN_POINT('Ctrl Pts',(-136.889775415882,-1.7384039759636,24.));
#6058=CARTESIAN_POINT('',(-136.760853102431,-1.78342444449663,23.));
#6059=CARTESIAN_POINT('Ctrl Pts',(-136.760853102431,-1.78342444449663,23.));
#6060=CARTESIAN_POINT('Ctrl Pts',(-136.784175103599,-1.78151367579542,23.));
#6061=CARTESIAN_POINT('Ctrl Pts',(-136.831038743762,-1.77767414349261,23.));
#6062=CARTESIAN_POINT('Ctrl Pts',(-136.870135446446,-1.75153486782727,23.));
#6063=CARTESIAN_POINT('Ctrl Pts',(-136.889775415882,-1.73840397596359,23.));
#6064=CARTESIAN_POINT('',(-136.760853102431,-1.78342444449664,24.));
#6065=CARTESIAN_POINT('',(-136.760853102431,-1.78342444449663,23.));
#6066=CARTESIAN_POINT('Ctrl Pts',(-136.760853102431,-1.78342444449664,24.));
#6067=CARTESIAN_POINT('Ctrl Pts',(-136.784175103599,-1.78151367579542,24.));
#6068=CARTESIAN_POINT('Ctrl Pts',(-136.831038743762,-1.77767414349262,24.));
#6069=CARTESIAN_POINT('Ctrl Pts',(-136.870135446446,-1.75153486782728,24.));
#6070=CARTESIAN_POINT('Ctrl Pts',(-136.889775415882,-1.7384039759636,24.));
#6071=CARTESIAN_POINT('Ctrl Pts',(-136.564400216565,-1.67496600747108,23.));
#6072=CARTESIAN_POINT('Ctrl Pts',(-136.564400216565,-1.67496600747109,24.));
#6073=CARTESIAN_POINT('Ctrl Pts',(-136.592358827706,-1.70656797210111,23.));
#6074=CARTESIAN_POINT('Ctrl Pts',(-136.592358827706,-1.70656797210111,24.));
#6075=CARTESIAN_POINT('Ctrl Pts',(-136.645234490052,-1.76633398847303,23.));
#6076=CARTESIAN_POINT('Ctrl Pts',(-136.645234490052,-1.76633398847304,24.));
#6077=CARTESIAN_POINT('Ctrl Pts',(-136.723820393925,-1.77795036153427,23.));
#6078=CARTESIAN_POINT('Ctrl Pts',(-136.723820393925,-1.77795036153427,24.));
#6079=CARTESIAN_POINT('Ctrl Pts',(-136.760853102431,-1.78342444449663,23.));
#6080=CARTESIAN_POINT('Ctrl Pts',(-136.760853102431,-1.78342444449664,24.));
#6081=CARTESIAN_POINT('',(-136.564400216565,-1.67496600747108,23.));
#6082=CARTESIAN_POINT('Ctrl Pts',(-136.564400216565,-1.67496600747108,23.));
#6083=CARTESIAN_POINT('Ctrl Pts',(-136.592358827706,-1.70656797210111,23.));
#6084=CARTESIAN_POINT('Ctrl Pts',(-136.645234490052,-1.76633398847303,23.));
#6085=CARTESIAN_POINT('Ctrl Pts',(-136.723820393925,-1.77795036153427,23.));
#6086=CARTESIAN_POINT('Ctrl Pts',(-136.760853102431,-1.78342444449663,23.));
#6087=CARTESIAN_POINT('',(-136.564400216565,-1.67496600747109,24.));
#6088=CARTESIAN_POINT('',(-136.564400216565,-1.67496600747108,23.));
#6089=CARTESIAN_POINT('Ctrl Pts',(-136.564400216565,-1.67496600747109,24.));
#6090=CARTESIAN_POINT('Ctrl Pts',(-136.592358827706,-1.70656797210111,24.));
#6091=CARTESIAN_POINT('Ctrl Pts',(-136.645234490052,-1.76633398847304,24.));
#6092=CARTESIAN_POINT('Ctrl Pts',(-136.723820393925,-1.77795036153427,24.));
#6093=CARTESIAN_POINT('Ctrl Pts',(-136.760853102431,-1.78342444449664,24.));
#6094=CARTESIAN_POINT('Ctrl Pts',(-136.480498483405,-1.31275595724583,23.));
#6095=CARTESIAN_POINT('Ctrl Pts',(-136.480498483405,-1.31275595724583,24.));
#6096=CARTESIAN_POINT('Ctrl Pts',(-136.48109575525,-1.38688590627779,23.));
#6097=CARTESIAN_POINT('Ctrl Pts',(-136.48109575525,-1.38688590627779,24.));
#6098=CARTESIAN_POINT('Ctrl Pts',(-136.482124676343,-1.5145896791228,23.));
#6099=CARTESIAN_POINT('Ctrl Pts',(-136.482124676343,-1.51458967912281,24.));
#6100=CARTESIAN_POINT('Ctrl Pts',(-136.540084937803,-1.6275692341405,23.));
#6101=CARTESIAN_POINT('Ctrl Pts',(-136.540084937803,-1.62756923414051,24.));
#6102=CARTESIAN_POINT('Ctrl Pts',(-136.564400216565,-1.67496600747108,23.));
#6103=CARTESIAN_POINT('Ctrl Pts',(-136.564400216565,-1.67496600747109,24.));
#6104=CARTESIAN_POINT('',(-136.480498483405,-1.31275595724583,23.));
#6105=CARTESIAN_POINT('Ctrl Pts',(-136.480498483405,-1.31275595724583,23.));
#6106=CARTESIAN_POINT('Ctrl Pts',(-136.48109575525,-1.38688590627779,23.));
#6107=CARTESIAN_POINT('Ctrl Pts',(-136.482124676343,-1.5145896791228,23.));
#6108=CARTESIAN_POINT('Ctrl Pts',(-136.540084937803,-1.6275692341405,23.));
#6109=CARTESIAN_POINT('Ctrl Pts',(-136.564400216565,-1.67496600747108,23.));
#6110=CARTESIAN_POINT('',(-136.480498483405,-1.31275595724583,24.));
#6111=CARTESIAN_POINT('',(-136.480498483405,-1.31275595724583,23.));
#6112=CARTESIAN_POINT('Ctrl Pts',(-136.480498483405,-1.31275595724583,24.));
#6113=CARTESIAN_POINT('Ctrl Pts',(-136.48109575525,-1.38688590627779,24.));
#6114=CARTESIAN_POINT('Ctrl Pts',(-136.482124676343,-1.51458967912281,24.));
#6115=CARTESIAN_POINT('Ctrl Pts',(-136.540084937803,-1.62756923414051,24.));
#6116=CARTESIAN_POINT('Ctrl Pts',(-136.564400216565,-1.67496600747109,24.));
#6117=CARTESIAN_POINT('Ctrl Pts',(-136.574632098898,-0.981241554021834,
23.));
#6118=CARTESIAN_POINT('Ctrl Pts',(-136.574632098898,-0.981241554021839,
24.));
#6119=CARTESIAN_POINT('Ctrl Pts',(-136.547243675717,-1.0271439913198,23.));
#6120=CARTESIAN_POINT('Ctrl Pts',(-136.547243675717,-1.0271439913198,24.));
#6121=CARTESIAN_POINT('Ctrl Pts',(-136.48658613937,-1.12880478209813,23.));
#6122=CARTESIAN_POINT('Ctrl Pts',(-136.48658613937,-1.12880478209813,24.));
#6123=CARTESIAN_POINT('Ctrl Pts',(-136.482654750197,-1.24759987540257,23.));
#6124=CARTESIAN_POINT('Ctrl Pts',(-136.482654750197,-1.24759987540258,24.));
#6125=CARTESIAN_POINT('Ctrl Pts',(-136.480498483405,-1.31275595724583,23.));
#6126=CARTESIAN_POINT('Ctrl Pts',(-136.480498483405,-1.31275595724583,24.));
#6127=CARTESIAN_POINT('',(-136.574632098898,-0.981241554021834,23.));
#6128=CARTESIAN_POINT('Ctrl Pts',(-136.574632098898,-0.981241554021834,
23.));
#6129=CARTESIAN_POINT('Ctrl Pts',(-136.547243675717,-1.0271439913198,23.));
#6130=CARTESIAN_POINT('Ctrl Pts',(-136.48658613937,-1.12880478209813,23.));
#6131=CARTESIAN_POINT('Ctrl Pts',(-136.482654750197,-1.24759987540257,23.));
#6132=CARTESIAN_POINT('Ctrl Pts',(-136.480498483405,-1.31275595724583,23.));
#6133=CARTESIAN_POINT('',(-136.574632098898,-0.981241554021839,24.));
#6134=CARTESIAN_POINT('',(-136.574632098898,-0.981241554021834,23.));
#6135=CARTESIAN_POINT('Ctrl Pts',(-136.574632098898,-0.981241554021839,
24.));
#6136=CARTESIAN_POINT('Ctrl Pts',(-136.547243675717,-1.0271439913198,24.));
#6137=CARTESIAN_POINT('Ctrl Pts',(-136.48658613937,-1.12880478209813,24.));
#6138=CARTESIAN_POINT('Ctrl Pts',(-136.482654750197,-1.24759987540258,24.));
#6139=CARTESIAN_POINT('Ctrl Pts',(-136.480498483405,-1.31275595724583,24.));
#6140=CARTESIAN_POINT('Ctrl Pts',(-136.836569329724,-0.83799460530281,23.));
#6141=CARTESIAN_POINT('Ctrl Pts',(-136.836569329724,-0.837994605302814,
24.));
#6142=CARTESIAN_POINT('Ctrl Pts',(-136.784234873405,-0.849449373764479,
23.));
#6143=CARTESIAN_POINT('Ctrl Pts',(-136.784234873405,-0.849449373764484,
24.));
#6144=CARTESIAN_POINT('Ctrl Pts',(-136.682750652603,-0.871661857347036,
23.));
#6145=CARTESIAN_POINT('Ctrl Pts',(-136.682750652603,-0.871661857347041,
24.));
#6146=CARTESIAN_POINT('Ctrl Pts',(-136.609909672155,-0.945487230231922,
23.));
#6147=CARTESIAN_POINT('Ctrl Pts',(-136.609909672155,-0.945487230231926,
24.));
#6148=CARTESIAN_POINT('Ctrl Pts',(-136.574632098898,-0.981241554021834,
23.));
#6149=CARTESIAN_POINT('Ctrl Pts',(-136.574632098898,-0.981241554021839,
24.));
#6150=CARTESIAN_POINT('',(-136.836569329724,-0.83799460530281,23.));
#6151=CARTESIAN_POINT('Ctrl Pts',(-136.836569329724,-0.83799460530281,23.));
#6152=CARTESIAN_POINT('Ctrl Pts',(-136.784234873405,-0.849449373764479,
23.));
#6153=CARTESIAN_POINT('Ctrl Pts',(-136.682750652603,-0.871661857347036,
23.));
#6154=CARTESIAN_POINT('Ctrl Pts',(-136.609909672155,-0.945487230231922,
23.));
#6155=CARTESIAN_POINT('Ctrl Pts',(-136.574632098898,-0.981241554021834,
23.));
#6156=CARTESIAN_POINT('',(-136.836569329724,-0.837994605302814,24.));
#6157=CARTESIAN_POINT('',(-136.836569329724,-0.83799460530281,23.));
#6158=CARTESIAN_POINT('Ctrl Pts',(-136.836569329724,-0.837994605302814,
24.));
#6159=CARTESIAN_POINT('Ctrl Pts',(-136.784234873405,-0.849449373764484,
24.));
#6160=CARTESIAN_POINT('Ctrl Pts',(-136.682750652603,-0.871661857347041,
24.));
#6161=CARTESIAN_POINT('Ctrl Pts',(-136.609909672155,-0.945487230231926,
24.));
#6162=CARTESIAN_POINT('Ctrl Pts',(-136.574632098898,-0.981241554021839,
24.));
#6163=CARTESIAN_POINT('Origin',(-136.78745614551,-0.477831006050109,23.));
#6164=CARTESIAN_POINT('',(-136.78745614551,-0.477831006050109,23.));
#6165=CARTESIAN_POINT('',(-136.713528686805,0.0643040649537445,23.));
#6166=CARTESIAN_POINT('',(-136.78745614551,-0.477831006050113,24.));
#6167=CARTESIAN_POINT('',(-136.78745614551,-0.477831006050109,23.));
#6168=CARTESIAN_POINT('',(-136.78745614551,-0.477831006050113,24.));
#6169=CARTESIAN_POINT('Ctrl Pts',(-136.451849063858,-0.604706794023513,
23.));
#6170=CARTESIAN_POINT('Ctrl Pts',(-136.451849063858,-0.604706794023517,
24.));
#6171=CARTESIAN_POINT('Ctrl Pts',(-136.499545626102,-0.576022524496347,
23.));
#6172=CARTESIAN_POINT('Ctrl Pts',(-136.499545626102,-0.576022524496351,
24.));
#6173=CARTESIAN_POINT('Ctrl Pts',(-136.603534423418,-0.513484627639484,
23.));
#6174=CARTESIAN_POINT('Ctrl Pts',(-136.603534423418,-0.513484627639489,
24.));
#6175=CARTESIAN_POINT('Ctrl Pts',(-136.722861073588,-0.490352899737615,
23.));
#6176=CARTESIAN_POINT('Ctrl Pts',(-136.722861073588,-0.490352899737619,
24.));
#6177=CARTESIAN_POINT('Ctrl Pts',(-136.78745614551,-0.477831006050109,23.));
#6178=CARTESIAN_POINT('Ctrl Pts',(-136.78745614551,-0.477831006050113,24.));
#6179=CARTESIAN_POINT('',(-136.451849063858,-0.604706794023513,23.));
#6180=CARTESIAN_POINT('Ctrl Pts',(-136.451849063858,-0.604706794023513,
23.));
#6181=CARTESIAN_POINT('Ctrl Pts',(-136.499545626102,-0.576022524496347,
23.));
#6182=CARTESIAN_POINT('Ctrl Pts',(-136.603534423418,-0.513484627639484,
23.));
#6183=CARTESIAN_POINT('Ctrl Pts',(-136.722861073588,-0.490352899737615,
23.));
#6184=CARTESIAN_POINT('Ctrl Pts',(-136.78745614551,-0.477831006050109,23.));
#6185=CARTESIAN_POINT('',(-136.451849063858,-0.604706794023517,24.));
#6186=CARTESIAN_POINT('',(-136.451849063858,-0.604706794023513,23.));
#6187=CARTESIAN_POINT('Ctrl Pts',(-136.451849063858,-0.604706794023517,
24.));
#6188=CARTESIAN_POINT('Ctrl Pts',(-136.499545626102,-0.576022524496351,
24.));
#6189=CARTESIAN_POINT('Ctrl Pts',(-136.603534423418,-0.513484627639489,
24.));
#6190=CARTESIAN_POINT('Ctrl Pts',(-136.722861073588,-0.490352899737619,
24.));
#6191=CARTESIAN_POINT('Ctrl Pts',(-136.78745614551,-0.477831006050113,24.));
#6192=CARTESIAN_POINT('Ctrl Pts',(-136.251303425059,-0.891200691461562,
23.));
#6193=CARTESIAN_POINT('Ctrl Pts',(-136.251303425059,-0.891200691461567,
24.));
#6194=CARTESIAN_POINT('Ctrl Pts',(-136.27627125099,-0.832043034773797,23.));
#6195=CARTESIAN_POINT('Ctrl Pts',(-136.27627125099,-0.832043034773802,24.));
#6196=CARTESIAN_POINT('Ctrl Pts',(-136.322739545739,-0.721943123183031,
23.));
#6197=CARTESIAN_POINT('Ctrl Pts',(-136.322739545739,-0.721943123183036,
24.));
#6198=CARTESIAN_POINT('Ctrl Pts',(-136.411008021257,-0.641792006511433,
23.));
#6199=CARTESIAN_POINT('Ctrl Pts',(-136.411008021257,-0.641792006511437,
24.));
#6200=CARTESIAN_POINT('Ctrl Pts',(-136.451849063858,-0.604706794023513,
23.));
#6201=CARTESIAN_POINT('Ctrl Pts',(-136.451849063858,-0.604706794023517,
24.));
#6202=CARTESIAN_POINT('',(-136.251303425059,-0.891200691461562,23.));
#6203=CARTESIAN_POINT('Ctrl Pts',(-136.251303425059,-0.891200691461562,
23.));
#6204=CARTESIAN_POINT('Ctrl Pts',(-136.27627125099,-0.832043034773797,23.));
#6205=CARTESIAN_POINT('Ctrl Pts',(-136.322739545739,-0.721943123183031,
23.));
#6206=CARTESIAN_POINT('Ctrl Pts',(-136.411008021257,-0.641792006511433,
23.));
#6207=CARTESIAN_POINT('Ctrl Pts',(-136.451849063858,-0.604706794023513,
23.));
#6208=CARTESIAN_POINT('',(-136.251303425059,-0.891200691461567,24.));
#6209=CARTESIAN_POINT('',(-136.251303425059,-0.891200691461562,23.));
#6210=CARTESIAN_POINT('Ctrl Pts',(-136.251303425059,-0.891200691461567,
24.));
#6211=CARTESIAN_POINT('Ctrl Pts',(-136.27627125099,-0.832043034773802,24.));
#6212=CARTESIAN_POINT('Ctrl Pts',(-136.322739545739,-0.721943123183036,
24.));
#6213=CARTESIAN_POINT('Ctrl Pts',(-136.411008021257,-0.641792006511437,
24.));
#6214=CARTESIAN_POINT('Ctrl Pts',(-136.451849063858,-0.604706794023517,
24.));
#6215=CARTESIAN_POINT('Ctrl Pts',(-136.177633574232,-1.3393589258194,23.));
#6216=CARTESIAN_POINT('Ctrl Pts',(-136.177633574232,-1.3393589258194,24.));
#6217=CARTESIAN_POINT('Ctrl Pts',(-136.179964644496,-1.25873357658891,23.));
#6218=CARTESIAN_POINT('Ctrl Pts',(-136.179964644496,-1.25873357658892,24.));
#6219=CARTESIAN_POINT('Ctrl Pts',(-136.184382497296,-1.1059321229322,23.));
#6220=CARTESIAN_POINT('Ctrl Pts',(-136.184382497296,-1.1059321229322,24.));
#6221=CARTESIAN_POINT('Ctrl Pts',(-136.229834208699,-0.960089688006296,
23.));
#6222=CARTESIAN_POINT('Ctrl Pts',(-136.229834208699,-0.9600896880063,24.));
#6223=CARTESIAN_POINT('Ctrl Pts',(-136.251303425059,-0.891200691461562,
23.));
#6224=CARTESIAN_POINT('Ctrl Pts',(-136.251303425059,-0.891200691461567,
24.));
#6225=CARTESIAN_POINT('',(-136.177633574232,-1.3393589258194,23.));
#6226=CARTESIAN_POINT('Ctrl Pts',(-136.177633574232,-1.3393589258194,23.));
#6227=CARTESIAN_POINT('Ctrl Pts',(-136.179964644496,-1.25873357658891,23.));
#6228=CARTESIAN_POINT('Ctrl Pts',(-136.184382497296,-1.1059321229322,23.));
#6229=CARTESIAN_POINT('Ctrl Pts',(-136.229834208699,-0.960089688006296,
23.));
#6230=CARTESIAN_POINT('Ctrl Pts',(-136.251303425059,-0.891200691461562,
23.));
#6231=CARTESIAN_POINT('',(-136.177633574232,-1.3393589258194,24.));
#6232=CARTESIAN_POINT('',(-136.177633574232,-1.3393589258194,23.));
#6233=CARTESIAN_POINT('Ctrl Pts',(-136.177633574232,-1.3393589258194,24.));
#6234=CARTESIAN_POINT('Ctrl Pts',(-136.179964644496,-1.25873357658892,24.));
#6235=CARTESIAN_POINT('Ctrl Pts',(-136.184382497296,-1.1059321229322,24.));
#6236=CARTESIAN_POINT('Ctrl Pts',(-136.229834208699,-0.9600896880063,24.));
#6237=CARTESIAN_POINT('Ctrl Pts',(-136.251303425059,-0.891200691461567,
24.));
#6238=CARTESIAN_POINT('Ctrl Pts',(-136.222654005513,-1.65859492123127,23.));
#6239=CARTESIAN_POINT('Ctrl Pts',(-136.222654005513,-1.65859492123127,24.));
#6240=CARTESIAN_POINT('Ctrl Pts',(-136.209524771783,-1.60736158334244,23.));
#6241=CARTESIAN_POINT('Ctrl Pts',(-136.209524771783,-1.60736158334244,24.));
#6242=CARTESIAN_POINT('Ctrl Pts',(-136.182687711444,-1.50263710294786,23.));
#6243=CARTESIAN_POINT('Ctrl Pts',(-136.182687711444,-1.50263710294787,24.));
#6244=CARTESIAN_POINT('Ctrl Pts',(-136.179342328203,-1.39456166800599,23.));
#6245=CARTESIAN_POINT('Ctrl Pts',(-136.179342328203,-1.39456166800599,24.));
#6246=CARTESIAN_POINT('Ctrl Pts',(-136.177633574232,-1.3393589258194,23.));
#6247=CARTESIAN_POINT('Ctrl Pts',(-136.177633574232,-1.3393589258194,24.));
#6248=CARTESIAN_POINT('',(-136.222654005513,-1.65859492123127,23.));
#6249=CARTESIAN_POINT('Ctrl Pts',(-136.222654005513,-1.65859492123127,23.));
#6250=CARTESIAN_POINT('Ctrl Pts',(-136.209524771783,-1.60736158334244,23.));
#6251=CARTESIAN_POINT('Ctrl Pts',(-136.182687711444,-1.50263710294786,23.));
#6252=CARTESIAN_POINT('Ctrl Pts',(-136.179342328203,-1.39456166800599,23.));
#6253=CARTESIAN_POINT('Ctrl Pts',(-136.177633574232,-1.3393589258194,23.));
#6254=CARTESIAN_POINT('',(-136.222654005513,-1.65859492123127,24.));
#6255=CARTESIAN_POINT('',(-136.222654005513,-1.65859492123127,23.));
#6256=CARTESIAN_POINT('Ctrl Pts',(-136.222654005513,-1.65859492123127,24.));
#6257=CARTESIAN_POINT('Ctrl Pts',(-136.209524771783,-1.60736158334244,24.));
#6258=CARTESIAN_POINT('Ctrl Pts',(-136.182687711444,-1.50263710294787,24.));
#6259=CARTESIAN_POINT('Ctrl Pts',(-136.179342328203,-1.39456166800599,24.));
#6260=CARTESIAN_POINT('Ctrl Pts',(-136.177633574232,-1.3393589258194,24.));
#6261=CARTESIAN_POINT('Ctrl Pts',(-136.329066028818,-1.89188280701637,23.));
#6262=CARTESIAN_POINT('Ctrl Pts',(-136.329066028818,-1.89188280701638,24.));
#6263=CARTESIAN_POINT('Ctrl Pts',(-136.308239526855,-1.85876297215495,23.));
#6264=CARTESIAN_POINT('Ctrl Pts',(-136.308239526855,-1.85876297215495,24.));
#6265=CARTESIAN_POINT('Ctrl Pts',(-136.262382664252,-1.78583801723966,23.));
#6266=CARTESIAN_POINT('Ctrl Pts',(-136.262382664252,-1.78583801723967,24.));
#6267=CARTESIAN_POINT('Ctrl Pts',(-136.236682240934,-1.70352460582543,23.));
#6268=CARTESIAN_POINT('Ctrl Pts',(-136.236682240934,-1.70352460582543,24.));
#6269=CARTESIAN_POINT('Ctrl Pts',(-136.222654005513,-1.65859492123127,23.));
#6270=CARTESIAN_POINT('Ctrl Pts',(-136.222654005513,-1.65859492123127,24.));
#6271=CARTESIAN_POINT('',(-136.329066028818,-1.89188280701637,23.));
#6272=CARTESIAN_POINT('Ctrl Pts',(-136.329066028818,-1.89188280701637,23.));
#6273=CARTESIAN_POINT('Ctrl Pts',(-136.308239526855,-1.85876297215495,23.));
#6274=CARTESIAN_POINT('Ctrl Pts',(-136.262382664252,-1.78583801723966,23.));
#6275=CARTESIAN_POINT('Ctrl Pts',(-136.236682240934,-1.70352460582543,23.));
#6276=CARTESIAN_POINT('Ctrl Pts',(-136.222654005513,-1.65859492123127,23.));
#6277=CARTESIAN_POINT('',(-136.329066028818,-1.89188280701638,24.));
#6278=CARTESIAN_POINT('',(-136.329066028818,-1.89188280701637,23.));
#6279=CARTESIAN_POINT('Ctrl Pts',(-136.329066028818,-1.89188280701638,24.));
#6280=CARTESIAN_POINT('Ctrl Pts',(-136.308239526855,-1.85876297215495,24.));
#6281=CARTESIAN_POINT('Ctrl Pts',(-136.262382664252,-1.78583801723967,24.));
#6282=CARTESIAN_POINT('Ctrl Pts',(-136.236682240934,-1.70352460582543,24.));
#6283=CARTESIAN_POINT('Ctrl Pts',(-136.222654005513,-1.65859492123127,24.));
#6284=CARTESIAN_POINT('Ctrl Pts',(-136.535750797018,-2.07401105761528,23.));
#6285=CARTESIAN_POINT('Ctrl Pts',(-136.535750797018,-2.07401105761528,24.));
#6286=CARTESIAN_POINT('Ctrl Pts',(-136.495959158949,-2.04957832823326,23.));
#6287=CARTESIAN_POINT('Ctrl Pts',(-136.495959158949,-2.04957832823326,24.));
#6288=CARTESIAN_POINT('Ctrl Pts',(-136.41653593283,-2.00081114284974,23.));
#6289=CARTESIAN_POINT('Ctrl Pts',(-136.41653593283,-2.00081114284975,24.));
#6290=CARTESIAN_POINT('Ctrl Pts',(-136.358183467091,-1.92814344009425,23.));
#6291=CARTESIAN_POINT('Ctrl Pts',(-136.358183467091,-1.92814344009426,24.));
#6292=CARTESIAN_POINT('Ctrl Pts',(-136.329066028818,-1.89188280701637,23.));
#6293=CARTESIAN_POINT('Ctrl Pts',(-136.329066028818,-1.89188280701638,24.));
#6294=CARTESIAN_POINT('',(-136.535750797018,-2.07401105761528,23.));
#6295=CARTESIAN_POINT('Ctrl Pts',(-136.535750797018,-2.07401105761528,23.));
#6296=CARTESIAN_POINT('Ctrl Pts',(-136.495959158949,-2.04957832823326,23.));
#6297=CARTESIAN_POINT('Ctrl Pts',(-136.41653593283,-2.00081114284974,23.));
#6298=CARTESIAN_POINT('Ctrl Pts',(-136.358183467091,-1.92814344009425,23.));
#6299=CARTESIAN_POINT('Ctrl Pts',(-136.329066028818,-1.89188280701637,23.));
#6300=CARTESIAN_POINT('',(-136.535750797018,-2.07401105761528,24.));
#6301=CARTESIAN_POINT('',(-136.535750797018,-2.07401105761528,23.));
#6302=CARTESIAN_POINT('Ctrl Pts',(-136.535750797018,-2.07401105761528,24.));
#6303=CARTESIAN_POINT('Ctrl Pts',(-136.495959158949,-2.04957832823326,24.));
#6304=CARTESIAN_POINT('Ctrl Pts',(-136.41653593283,-2.00081114284975,24.));
#6305=CARTESIAN_POINT('Ctrl Pts',(-136.358183467091,-1.92814344009426,24.));
#6306=CARTESIAN_POINT('Ctrl Pts',(-136.329066028818,-1.89188280701638,24.));
#6307=CARTESIAN_POINT('Ctrl Pts',(-136.803827306256,-2.13949538394809,23.));
#6308=CARTESIAN_POINT('Ctrl Pts',(-136.803827306256,-2.13949538394809,24.));
#6309=CARTESIAN_POINT('Ctrl Pts',(-136.75657066949,-2.13689218510833,23.));
#6310=CARTESIAN_POINT('Ctrl Pts',(-136.75657066949,-2.13689218510834,24.));
#6311=CARTESIAN_POINT('Ctrl Pts',(-136.663112430833,-2.13174390552084,23.));
#6312=CARTESIAN_POINT('Ctrl Pts',(-136.663112430833,-2.13174390552085,24.));
#6313=CARTESIAN_POINT('Ctrl Pts',(-136.577883964854,-2.09310996281585,23.));
#6314=CARTESIAN_POINT('Ctrl Pts',(-136.577883964854,-2.09310996281586,24.));
#6315=CARTESIAN_POINT('Ctrl Pts',(-136.535750797018,-2.07401105761528,23.));
#6316=CARTESIAN_POINT('Ctrl Pts',(-136.535750797018,-2.07401105761528,24.));
#6317=CARTESIAN_POINT('',(-136.803827306256,-2.13949538394809,23.));
#6318=CARTESIAN_POINT('Ctrl Pts',(-136.803827306256,-2.13949538394809,23.));
#6319=CARTESIAN_POINT('Ctrl Pts',(-136.75657066949,-2.13689218510833,23.));
#6320=CARTESIAN_POINT('Ctrl Pts',(-136.663112430833,-2.13174390552084,23.));
#6321=CARTESIAN_POINT('Ctrl Pts',(-136.577883964854,-2.09310996281585,23.));
#6322=CARTESIAN_POINT('Ctrl Pts',(-136.535750797018,-2.07401105761528,23.));
#6323=CARTESIAN_POINT('',(-136.803827306256,-2.13949538394809,24.));
#6324=CARTESIAN_POINT('',(-136.803827306256,-2.13949538394809,23.));
#6325=CARTESIAN_POINT('Ctrl Pts',(-136.803827306256,-2.13949538394809,24.));
#6326=CARTESIAN_POINT('Ctrl Pts',(-136.75657066949,-2.13689218510834,24.));
#6327=CARTESIAN_POINT('Ctrl Pts',(-136.663112430833,-2.13174390552085,24.));
#6328=CARTESIAN_POINT('Ctrl Pts',(-136.577883964854,-2.09310996281586,24.));
#6329=CARTESIAN_POINT('Ctrl Pts',(-136.535750797018,-2.07401105761528,24.));
#6330=CARTESIAN_POINT('Ctrl Pts',(-137.096460333094,-2.05968636646867,23.));
#6331=CARTESIAN_POINT('Ctrl Pts',(-137.096460333094,-2.05968636646867,24.));
#6332=CARTESIAN_POINT('Ctrl Pts',(-137.050815635401,-2.08296362516603,23.));
#6333=CARTESIAN_POINT('Ctrl Pts',(-137.050815635401,-2.08296362516604,24.));
#6334=CARTESIAN_POINT('Ctrl Pts',(-136.958831980656,-2.12987219145402,23.));
#6335=CARTESIAN_POINT('Ctrl Pts',(-136.958831980656,-2.12987219145402,24.));
#6336=CARTESIAN_POINT('Ctrl Pts',(-136.855754860663,-2.13627155309431,23.));
#6337=CARTESIAN_POINT('Ctrl Pts',(-136.855754860663,-2.13627155309432,24.));
#6338=CARTESIAN_POINT('Ctrl Pts',(-136.803827306256,-2.13949538394809,23.));
#6339=CARTESIAN_POINT('Ctrl Pts',(-136.803827306256,-2.13949538394809,24.));
#6340=CARTESIAN_POINT('',(-137.096460333094,-2.05968636646867,23.));
#6341=CARTESIAN_POINT('Ctrl Pts',(-137.096460333094,-2.05968636646867,23.));
#6342=CARTESIAN_POINT('Ctrl Pts',(-137.050815635401,-2.08296362516603,23.));
#6343=CARTESIAN_POINT('Ctrl Pts',(-136.958831980656,-2.12987219145402,23.));
#6344=CARTESIAN_POINT('Ctrl Pts',(-136.855754860663,-2.13627155309431,23.));
#6345=CARTESIAN_POINT('Ctrl Pts',(-136.803827306256,-2.13949538394809,23.));
#6346=CARTESIAN_POINT('',(-137.096460333094,-2.05968636646867,24.));
#6347=CARTESIAN_POINT('',(-137.096460333094,-2.05968636646867,23.));
#6348=CARTESIAN_POINT('Ctrl Pts',(-137.096460333094,-2.05968636646867,24.));
#6349=CARTESIAN_POINT('Ctrl Pts',(-137.050815635401,-2.08296362516604,24.));
#6350=CARTESIAN_POINT('Ctrl Pts',(-136.958831980656,-2.12987219145402,24.));
#6351=CARTESIAN_POINT('Ctrl Pts',(-136.855754860663,-2.13627155309432,24.));
#6352=CARTESIAN_POINT('Ctrl Pts',(-136.803827306256,-2.13949538394809,24.));
#6353=CARTESIAN_POINT('Ctrl Pts',(-137.303145101294,-1.82230574637651,23.));
#6354=CARTESIAN_POINT('Ctrl Pts',(-137.303145101294,-1.82230574637652,24.));
#6355=CARTESIAN_POINT('Ctrl Pts',(-137.276295454378,-1.87063745176942,23.));
#6356=CARTESIAN_POINT('Ctrl Pts',(-137.276295454378,-1.87063745176943,24.));
#6357=CARTESIAN_POINT('Ctrl Pts',(-137.224160790773,-1.96448439173039,23.));
#6358=CARTESIAN_POINT('Ctrl Pts',(-137.224160790773,-1.96448439173039,24.));
#6359=CARTESIAN_POINT('Ctrl Pts',(-137.138166888731,-2.02859371004164,23.));
#6360=CARTESIAN_POINT('Ctrl Pts',(-137.138166888731,-2.02859371004164,24.));
#6361=CARTESIAN_POINT('Ctrl Pts',(-137.096460333094,-2.05968636646867,23.));
#6362=CARTESIAN_POINT('Ctrl Pts',(-137.096460333094,-2.05968636646867,24.));
#6363=CARTESIAN_POINT('',(-137.303145101294,-1.82230574637651,23.));
#6364=CARTESIAN_POINT('Ctrl Pts',(-137.303145101294,-1.82230574637651,23.));
#6365=CARTESIAN_POINT('Ctrl Pts',(-137.276295454378,-1.87063745176942,23.));
#6366=CARTESIAN_POINT('Ctrl Pts',(-137.224160790773,-1.96448439173039,23.));
#6367=CARTESIAN_POINT('Ctrl Pts',(-137.138166888731,-2.02859371004164,23.));
#6368=CARTESIAN_POINT('Ctrl Pts',(-137.096460333094,-2.05968636646867,23.));
#6369=CARTESIAN_POINT('',(-137.303145101294,-1.82230574637652,24.));
#6370=CARTESIAN_POINT('',(-137.303145101294,-1.82230574637651,23.));
#6371=CARTESIAN_POINT('Ctrl Pts',(-137.303145101294,-1.82230574637652,24.));
#6372=CARTESIAN_POINT('Ctrl Pts',(-137.276295454378,-1.87063745176943,24.));
#6373=CARTESIAN_POINT('Ctrl Pts',(-137.224160790773,-1.96448439173039,24.));
#6374=CARTESIAN_POINT('Ctrl Pts',(-137.138166888731,-2.02859371004164,24.));
#6375=CARTESIAN_POINT('Ctrl Pts',(-137.096460333094,-2.05968636646867,24.));
#6376=CARTESIAN_POINT('Ctrl Pts',(-137.479134371504,-1.25954994559288,23.));
#6377=CARTESIAN_POINT('Ctrl Pts',(-137.479134371504,-1.25954994559288,24.));
#6378=CARTESIAN_POINT('Ctrl Pts',(-137.450228007169,-1.37488303006871,23.));
#6379=CARTESIAN_POINT('Ctrl Pts',(-137.450228007169,-1.37488303006871,24.));
#6380=CARTESIAN_POINT('Ctrl Pts',(-137.402342615986,-1.56594025893859,23.));
#6381=CARTESIAN_POINT('Ctrl Pts',(-137.402342615986,-1.56594025893859,24.));
#6382=CARTESIAN_POINT('Ctrl Pts',(-137.331301665728,-1.74953808291151,23.));
#6383=CARTESIAN_POINT('Ctrl Pts',(-137.331301665728,-1.74953808291151,24.));
#6384=CARTESIAN_POINT('Ctrl Pts',(-137.303145101294,-1.82230574637651,23.));
#6385=CARTESIAN_POINT('Ctrl Pts',(-137.303145101294,-1.82230574637652,24.));
#6386=CARTESIAN_POINT('',(-137.479134371504,-1.25954994559288,23.));
#6387=CARTESIAN_POINT('Ctrl Pts',(-137.479134371504,-1.25954994559288,23.));
#6388=CARTESIAN_POINT('Ctrl Pts',(-137.450228007169,-1.37488303006871,23.));
#6389=CARTESIAN_POINT('Ctrl Pts',(-137.402342615986,-1.56594025893859,23.));
#6390=CARTESIAN_POINT('Ctrl Pts',(-137.331301665728,-1.74953808291151,23.));
#6391=CARTESIAN_POINT('Ctrl Pts',(-137.303145101294,-1.82230574637651,23.));
#6392=CARTESIAN_POINT('',(-137.479134371504,-1.25954994559288,24.));
#6393=CARTESIAN_POINT('',(-137.479134371504,-1.25954994559288,23.));
#6394=CARTESIAN_POINT('Ctrl Pts',(-137.479134371504,-1.25954994559288,24.));
#6395=CARTESIAN_POINT('Ctrl Pts',(-137.450228007169,-1.37488303006871,24.));
#6396=CARTESIAN_POINT('Ctrl Pts',(-137.402342615986,-1.56594025893859,24.));
#6397=CARTESIAN_POINT('Ctrl Pts',(-137.331301665728,-1.74953808291151,24.));
#6398=CARTESIAN_POINT('Ctrl Pts',(-137.303145101294,-1.82230574637652,24.));
#6399=CARTESIAN_POINT('Ctrl Pts',(-137.603963783011,-0.883015185594558,
23.));
#6400=CARTESIAN_POINT('Ctrl Pts',(-137.603963783011,-0.883015185594562,
24.));
#6401=CARTESIAN_POINT('Ctrl Pts',(-137.584365041584,-0.926657764120405,
23.));
#6402=CARTESIAN_POINT('Ctrl Pts',(-137.584365041584,-0.926657764120409,
24.));
#6403=CARTESIAN_POINT('Ctrl Pts',(-137.530009646057,-1.04769663932018,23.));
#6404=CARTESIAN_POINT('Ctrl Pts',(-137.530009646057,-1.04769663932018,24.));
#6405=CARTESIAN_POINT('Ctrl Pts',(-137.498977415484,-1.17692013158959,23.));
#6406=CARTESIAN_POINT('Ctrl Pts',(-137.498977415484,-1.1769201315896,24.));
#6407=CARTESIAN_POINT('Ctrl Pts',(-137.479134371504,-1.25954994559288,23.));
#6408=CARTESIAN_POINT('Ctrl Pts',(-137.479134371504,-1.25954994559288,24.));
#6409=CARTESIAN_POINT('',(-137.603963783011,-0.883015185594558,23.));
#6410=CARTESIAN_POINT('Ctrl Pts',(-137.603963783011,-0.883015185594558,
23.));
#6411=CARTESIAN_POINT('Ctrl Pts',(-137.584365041584,-0.926657764120405,
23.));
#6412=CARTESIAN_POINT('Ctrl Pts',(-137.530009646057,-1.04769663932018,23.));
#6413=CARTESIAN_POINT('Ctrl Pts',(-137.498977415484,-1.17692013158959,23.));
#6414=CARTESIAN_POINT('Ctrl Pts',(-137.479134371504,-1.25954994559288,23.));
#6415=CARTESIAN_POINT('',(-137.603963783011,-0.883015185594562,24.));
#6416=CARTESIAN_POINT('',(-137.603963783011,-0.883015185594558,23.));
#6417=CARTESIAN_POINT('Ctrl Pts',(-137.603963783011,-0.883015185594562,
24.));
#6418=CARTESIAN_POINT('Ctrl Pts',(-137.584365041584,-0.926657764120409,
24.));
#6419=CARTESIAN_POINT('Ctrl Pts',(-137.530009646057,-1.04769663932018,24.));
#6420=CARTESIAN_POINT('Ctrl Pts',(-137.498977415484,-1.1769201315896,24.));
#6421=CARTESIAN_POINT('Ctrl Pts',(-137.479134371504,-1.25954994559288,24.));
#6422=CARTESIAN_POINT('Ctrl Pts',(-137.800416519865,-0.774556785821914,
23.));
#6423=CARTESIAN_POINT('Ctrl Pts',(-137.800416519865,-0.774556785821918,
24.));
#6424=CARTESIAN_POINT('Ctrl Pts',(-137.760882811692,-0.779291315216771,
23.));
#6425=CARTESIAN_POINT('Ctrl Pts',(-137.760882811692,-0.779291315216776,
24.));
#6426=CARTESIAN_POINT('Ctrl Pts',(-137.680844045631,-0.788876702172547,
23.));
#6427=CARTESIAN_POINT('Ctrl Pts',(-137.680844045631,-0.788876702172552,
24.));
#6428=CARTESIAN_POINT('Ctrl Pts',(-137.629797039214,-0.851382833180953,
23.));
#6429=CARTESIAN_POINT('Ctrl Pts',(-137.629797039214,-0.851382833180957,
24.));
#6430=CARTESIAN_POINT('Ctrl Pts',(-137.603963783011,-0.883015185594558,
23.));
#6431=CARTESIAN_POINT('Ctrl Pts',(-137.603963783011,-0.883015185594562,
24.));
#6432=CARTESIAN_POINT('',(-137.800416519865,-0.774556785821914,23.));
#6433=CARTESIAN_POINT('Ctrl Pts',(-137.800416519865,-0.774556785821914,
23.));
#6434=CARTESIAN_POINT('Ctrl Pts',(-137.760882811692,-0.779291315216771,
23.));
#6435=CARTESIAN_POINT('Ctrl Pts',(-137.680844045631,-0.788876702172547,
23.));
#6436=CARTESIAN_POINT('Ctrl Pts',(-137.629797039214,-0.851382833180953,
23.));
#6437=CARTESIAN_POINT('Ctrl Pts',(-137.603963783011,-0.883015185594558,
23.));
#6438=CARTESIAN_POINT('',(-137.800416519865,-0.774556785821918,24.));
#6439=CARTESIAN_POINT('',(-137.800416519865,-0.774556785821914,23.));
#6440=CARTESIAN_POINT('Ctrl Pts',(-137.800416519865,-0.774556785821918,
24.));
#6441=CARTESIAN_POINT('Ctrl Pts',(-137.760882811692,-0.779291315216776,
24.));
#6442=CARTESIAN_POINT('Ctrl Pts',(-137.680844045631,-0.788876702172552,
24.));
#6443=CARTESIAN_POINT('Ctrl Pts',(-137.629797039214,-0.851382833180957,
24.));
#6444=CARTESIAN_POINT('Ctrl Pts',(-137.603963783011,-0.883015185594562,
24.));
#6445=CARTESIAN_POINT('Ctrl Pts',(-138.04393636249,-0.897339820861816,23.));
#6446=CARTESIAN_POINT('Ctrl Pts',(-138.04393636249,-0.89733982086182,24.));
#6447=CARTESIAN_POINT('Ctrl Pts',(-138.008757004639,-0.861547112689597,
23.));
#6448=CARTESIAN_POINT('Ctrl Pts',(-138.008757004639,-0.861547112689602,
24.));
#6449=CARTESIAN_POINT('Ctrl Pts',(-137.941244879847,-0.792857917423345,
23.));
#6450=CARTESIAN_POINT('Ctrl Pts',(-137.941244879847,-0.792857917423349,
24.));
#6451=CARTESIAN_POINT('Ctrl Pts',(-137.846020961544,-0.780483240471275,
23.));
#6452=CARTESIAN_POINT('Ctrl Pts',(-137.846020961544,-0.78048324047128,24.));
#6453=CARTESIAN_POINT('Ctrl Pts',(-137.800416519865,-0.774556785821914,
23.));
#6454=CARTESIAN_POINT('Ctrl Pts',(-137.800416519865,-0.774556785821918,
24.));
#6455=CARTESIAN_POINT('',(-138.04393636249,-0.897339820861816,23.));
#6456=CARTESIAN_POINT('Ctrl Pts',(-138.04393636249,-0.897339820861816,23.));
#6457=CARTESIAN_POINT('Ctrl Pts',(-138.008757004639,-0.861547112689597,
23.));
#6458=CARTESIAN_POINT('Ctrl Pts',(-137.941244879847,-0.792857917423345,
23.));
#6459=CARTESIAN_POINT('Ctrl Pts',(-137.846020961544,-0.780483240471275,
23.));
#6460=CARTESIAN_POINT('Ctrl Pts',(-137.800416519865,-0.774556785821914,
23.));
#6461=CARTESIAN_POINT('',(-138.04393636249,-0.89733982086182,24.));
#6462=CARTESIAN_POINT('',(-138.04393636249,-0.897339820861816,23.));
#6463=CARTESIAN_POINT('Ctrl Pts',(-138.04393636249,-0.89733982086182,24.));
#6464=CARTESIAN_POINT('Ctrl Pts',(-138.008757004639,-0.861547112689602,
24.));
#6465=CARTESIAN_POINT('Ctrl Pts',(-137.941244879847,-0.792857917423349,
24.));
#6466=CARTESIAN_POINT('Ctrl Pts',(-137.846020961544,-0.78048324047128,24.));
#6467=CARTESIAN_POINT('Ctrl Pts',(-137.800416519865,-0.774556785821918,
24.));
#6468=CARTESIAN_POINT('Ctrl Pts',(-138.146255781874,-1.27387465536594,23.));
#6469=CARTESIAN_POINT('Ctrl Pts',(-138.146255781874,-1.27387465536595,24.));
#6470=CARTESIAN_POINT('Ctrl Pts',(-138.144553803903,-1.19819197509681,23.));
#6471=CARTESIAN_POINT('Ctrl Pts',(-138.144553803903,-1.19819197509682,24.));
#6472=CARTESIAN_POINT('Ctrl Pts',(-138.141525132175,-1.06351455977796,23.));
#6473=CARTESIAN_POINT('Ctrl Pts',(-138.141525132175,-1.06351455977797,24.));
#6474=CARTESIAN_POINT('Ctrl Pts',(-138.073663009302,-0.947958532306171,
23.));
#6475=CARTESIAN_POINT('Ctrl Pts',(-138.073663009302,-0.947958532306175,
24.));
#6476=CARTESIAN_POINT('Ctrl Pts',(-138.04393636249,-0.897339820861816,23.));
#6477=CARTESIAN_POINT('Ctrl Pts',(-138.04393636249,-0.89733982086182,24.));
#6478=CARTESIAN_POINT('',(-138.146255781874,-1.27387465536594,23.));
#6479=CARTESIAN_POINT('Ctrl Pts',(-138.146255781874,-1.27387465536594,23.));
#6480=CARTESIAN_POINT('Ctrl Pts',(-138.144553803903,-1.19819197509681,23.));
#6481=CARTESIAN_POINT('Ctrl Pts',(-138.141525132175,-1.06351455977796,23.));
#6482=CARTESIAN_POINT('Ctrl Pts',(-138.073663009302,-0.947958532306171,
23.));
#6483=CARTESIAN_POINT('Ctrl Pts',(-138.04393636249,-0.897339820861816,23.));
#6484=CARTESIAN_POINT('',(-138.146255781874,-1.27387465536595,24.));
#6485=CARTESIAN_POINT('',(-138.146255781874,-1.27387465536594,23.));
#6486=CARTESIAN_POINT('Ctrl Pts',(-138.146255781874,-1.27387465536595,24.));
#6487=CARTESIAN_POINT('Ctrl Pts',(-138.144553803903,-1.19819197509682,24.));
#6488=CARTESIAN_POINT('Ctrl Pts',(-138.141525132175,-1.06351455977797,24.));
#6489=CARTESIAN_POINT('Ctrl Pts',(-138.073663009302,-0.947958532306175,
24.));
#6490=CARTESIAN_POINT('Ctrl Pts',(-138.04393636249,-0.89733982086182,24.));
#6491=CARTESIAN_POINT('Ctrl Pts',(-138.029611876234,-1.66678050160408,23.));
#6492=CARTESIAN_POINT('Ctrl Pts',(-138.029611876234,-1.66678050160408,24.));
#6493=CARTESIAN_POINT('Ctrl Pts',(-138.063566688559,-1.61200754375697,23.));
#6494=CARTESIAN_POINT('Ctrl Pts',(-138.063566688559,-1.61200754375698,24.));
#6495=CARTESIAN_POINT('Ctrl Pts',(-138.137873113879,-1.49214286410796,23.));
#6496=CARTESIAN_POINT('Ctrl Pts',(-138.137873113879,-1.49214286410796,24.));
#6497=CARTESIAN_POINT('Ctrl Pts',(-138.143305668827,-1.35068980428852,23.));
#6498=CARTESIAN_POINT('Ctrl Pts',(-138.143305668827,-1.35068980428852,24.));
#6499=CARTESIAN_POINT('Ctrl Pts',(-138.146255781874,-1.27387465536594,23.));
#6500=CARTESIAN_POINT('Ctrl Pts',(-138.146255781874,-1.27387465536595,24.));
#6501=CARTESIAN_POINT('',(-138.029611876234,-1.66678050160408,23.));
#6502=CARTESIAN_POINT('Ctrl Pts',(-138.029611876234,-1.66678050160408,23.));
#6503=CARTESIAN_POINT('Ctrl Pts',(-138.063566688559,-1.61200754375697,23.));
#6504=CARTESIAN_POINT('Ctrl Pts',(-138.137873113879,-1.49214286410796,23.));
#6505=CARTESIAN_POINT('Ctrl Pts',(-138.143305668827,-1.35068980428852,23.));
#6506=CARTESIAN_POINT('Ctrl Pts',(-138.146255781874,-1.27387465536594,23.));
#6507=CARTESIAN_POINT('',(-138.029611876234,-1.66678050160408,24.));
#6508=CARTESIAN_POINT('',(-138.029611876234,-1.66678050160408,23.));
#6509=CARTESIAN_POINT('Ctrl Pts',(-138.029611876234,-1.66678050160408,24.));
#6510=CARTESIAN_POINT('Ctrl Pts',(-138.063566688559,-1.61200754375698,24.));
#6511=CARTESIAN_POINT('Ctrl Pts',(-138.137873113879,-1.49214286410796,24.));
#6512=CARTESIAN_POINT('Ctrl Pts',(-138.143305668827,-1.35068980428852,24.));
#6513=CARTESIAN_POINT('Ctrl Pts',(-138.146255781874,-1.27387465536595,24.));
#6514=CARTESIAN_POINT('Ctrl Pts',(-137.694004645571,-1.83663041889667,23.));
#6515=CARTESIAN_POINT('Ctrl Pts',(-137.694004645571,-1.83663041889668,24.));
#6516=CARTESIAN_POINT('Ctrl Pts',(-137.761525993177,-1.82325479100734,23.));
#6517=CARTESIAN_POINT('Ctrl Pts',(-137.761525993177,-1.82325479100735,24.));
#6518=CARTESIAN_POINT('Ctrl Pts',(-137.889615259726,-1.79788097329289,23.));
#6519=CARTESIAN_POINT('Ctrl Pts',(-137.889615259726,-1.79788097329289,24.));
#6520=CARTESIAN_POINT('Ctrl Pts',(-137.984666311617,-1.70886998111142,23.));
#6521=CARTESIAN_POINT('Ctrl Pts',(-137.984666311617,-1.70886998111143,24.));
#6522=CARTESIAN_POINT('Ctrl Pts',(-138.029611876234,-1.66678050160408,23.));
#6523=CARTESIAN_POINT('Ctrl Pts',(-138.029611876234,-1.66678050160408,24.));
#6524=CARTESIAN_POINT('',(-137.694004645571,-1.83663041889667,23.));
#6525=CARTESIAN_POINT('Ctrl Pts',(-137.694004645571,-1.83663041889667,23.));
#6526=CARTESIAN_POINT('Ctrl Pts',(-137.761525993177,-1.82325479100734,23.));
#6527=CARTESIAN_POINT('Ctrl Pts',(-137.889615259726,-1.79788097329289,23.));
#6528=CARTESIAN_POINT('Ctrl Pts',(-137.984666311617,-1.70886998111142,23.));
#6529=CARTESIAN_POINT('Ctrl Pts',(-138.029611876234,-1.66678050160408,23.));
#6530=CARTESIAN_POINT('',(-137.694004645571,-1.83663041889668,24.));
#6531=CARTESIAN_POINT('',(-137.694004645571,-1.83663041889667,23.));
#6532=CARTESIAN_POINT('Ctrl Pts',(-137.694004645571,-1.83663041889668,24.));
#6533=CARTESIAN_POINT('Ctrl Pts',(-137.761525993177,-1.82325479100735,24.));
#6534=CARTESIAN_POINT('Ctrl Pts',(-137.889615259726,-1.79788097329289,24.));
#6535=CARTESIAN_POINT('Ctrl Pts',(-137.984666311617,-1.70886998111143,24.));
#6536=CARTESIAN_POINT('Ctrl Pts',(-138.029611876234,-1.66678050160408,24.));
#6537=CARTESIAN_POINT('Origin',(-137.751303484663,-2.20088692009449,23.));
#6538=CARTESIAN_POINT('',(-137.751303484663,-2.20088692009449,23.));
#6539=CARTESIAN_POINT('',(-137.515264319532,-0.700353893622177,23.));
#6540=CARTESIAN_POINT('',(-137.751303484663,-2.20088692009449,24.));
#6541=CARTESIAN_POINT('',(-137.751303484663,-2.20088692009449,23.));
#6542=CARTESIAN_POINT('',(-137.751303484663,-2.20088692009449,24.));
#6543=CARTESIAN_POINT('Ctrl Pts',(-138.273131420836,-1.91848581284285,23.));
#6544=CARTESIAN_POINT('Ctrl Pts',(-138.273131420836,-1.91848581284285,24.));
#6545=CARTESIAN_POINT('Ctrl Pts',(-138.204286824372,-1.98600268785882,23.));
#6546=CARTESIAN_POINT('Ctrl Pts',(-138.204286824372,-1.98600268785883,24.));
#6547=CARTESIAN_POINT('Ctrl Pts',(-138.057844090048,-2.12962116045139,23.));
#6548=CARTESIAN_POINT('Ctrl Pts',(-138.057844090048,-2.12962116045139,24.));
#6549=CARTESIAN_POINT('Ctrl Pts',(-137.857475987585,-2.17620352108968,23.));
#6550=CARTESIAN_POINT('Ctrl Pts',(-137.857475987585,-2.17620352108969,24.));
#6551=CARTESIAN_POINT('Ctrl Pts',(-137.751303484663,-2.20088692009449,23.));
#6552=CARTESIAN_POINT('Ctrl Pts',(-137.751303484663,-2.20088692009449,24.));
#6553=CARTESIAN_POINT('Ctrl Pts',(-138.273131420836,-1.91848581284285,23.));
#6554=CARTESIAN_POINT('Ctrl Pts',(-138.204286824372,-1.98600268785882,23.));
#6555=CARTESIAN_POINT('Ctrl Pts',(-138.057844090048,-2.12962116045139,23.));
#6556=CARTESIAN_POINT('Ctrl Pts',(-137.857475987585,-2.17620352108968,23.));
#6557=CARTESIAN_POINT('Ctrl Pts',(-137.751303484663,-2.20088692009449,23.));
#6558=CARTESIAN_POINT('Ctrl Pts',(-138.273131420836,-1.91848581284285,24.));
#6559=CARTESIAN_POINT('Ctrl Pts',(-138.204286824372,-1.98600268785883,24.));
#6560=CARTESIAN_POINT('Ctrl Pts',(-138.057844090048,-2.12962116045139,24.));
#6561=CARTESIAN_POINT('Ctrl Pts',(-137.857475987585,-2.17620352108969,24.));
#6562=CARTESIAN_POINT('Ctrl Pts',(-137.751303484663,-2.20088692009449,24.));
#6563=CARTESIAN_POINT('Origin',(-137.313377132639,-1.29843121021986,24.));
#6564=CARTESIAN_POINT('Origin',(-135.387728979811,6.21384716033936,23.));
#6565=CARTESIAN_POINT('',(-135.387728979811,6.21384716033936,23.));
#6566=CARTESIAN_POINT('',(-135.387728979811,6.45122772455215,23.));
#6567=CARTESIAN_POINT('',(-135.387728979811,3.10692353546619,23.));
#6568=CARTESIAN_POINT('',(-135.387728979811,6.21384716033935,24.));
#6569=CARTESIAN_POINT('',(-135.387728979811,6.21384716033936,23.));
#6570=CARTESIAN_POINT('',(-135.387728979811,6.45122772455215,24.));
#6571=CARTESIAN_POINT('',(-135.387728979811,6.21384716033935,24.));
#6572=CARTESIAN_POINT('',(-135.387728979811,6.45122772455215,23.));
#6573=CARTESIAN_POINT('Ctrl Pts',(-135.78882025741,5.88642558455467,23.));
#6574=CARTESIAN_POINT('Ctrl Pts',(-135.78882025741,5.88642558455467,24.));
#6575=CARTESIAN_POINT('Ctrl Pts',(-135.723978760337,5.95602863972903,23.));
#6576=CARTESIAN_POINT('Ctrl Pts',(-135.723978760337,5.95602863972903,24.));
#6577=CARTESIAN_POINT('Ctrl Pts',(-135.605097651067,6.08363964165128,23.));
#6578=CARTESIAN_POINT('Ctrl Pts',(-135.605097651067,6.08363964165127,24.));
#6579=CARTESIAN_POINT('Ctrl Pts',(-135.455659061288,6.17315589005501,23.));
#6580=CARTESIAN_POINT('Ctrl Pts',(-135.455659061288,6.17315589005501,24.));
#6581=CARTESIAN_POINT('Ctrl Pts',(-135.387728979811,6.21384716033936,23.));
#6582=CARTESIAN_POINT('Ctrl Pts',(-135.387728979811,6.21384716033935,24.));
#6583=CARTESIAN_POINT('',(-135.78882025741,5.88642558455467,23.));
#6584=CARTESIAN_POINT('Ctrl Pts',(-135.78882025741,5.88642558455467,23.));
#6585=CARTESIAN_POINT('Ctrl Pts',(-135.723978760337,5.95602863972903,23.));
#6586=CARTESIAN_POINT('Ctrl Pts',(-135.605097651067,6.08363964165128,23.));
#6587=CARTESIAN_POINT('Ctrl Pts',(-135.455659061288,6.17315589005501,23.));
#6588=CARTESIAN_POINT('Ctrl Pts',(-135.387728979811,6.21384716033936,23.));
#6589=CARTESIAN_POINT('',(-135.78882025741,5.88642558455467,24.));
#6590=CARTESIAN_POINT('',(-135.78882025741,5.88642558455467,23.));
#6591=CARTESIAN_POINT('Ctrl Pts',(-135.78882025741,5.88642558455467,24.));
#6592=CARTESIAN_POINT('Ctrl Pts',(-135.723978760337,5.95602863972903,24.));
#6593=CARTESIAN_POINT('Ctrl Pts',(-135.605097651067,6.08363964165127,24.));
#6594=CARTESIAN_POINT('Ctrl Pts',(-135.455659061288,6.17315589005501,24.));
#6595=CARTESIAN_POINT('Ctrl Pts',(-135.387728979811,6.21384716033935,24.));
#6596=CARTESIAN_POINT('Ctrl Pts',(-136.140798648819,5.34618003666401,23.));
#6597=CARTESIAN_POINT('Ctrl Pts',(-136.140798648819,5.346180036664,24.));
#6598=CARTESIAN_POINT('Ctrl Pts',(-136.090689279234,5.44494962583187,23.));
#6599=CARTESIAN_POINT('Ctrl Pts',(-136.090689279234,5.44494962583187,24.));
#6600=CARTESIAN_POINT('Ctrl Pts',(-135.99285831317,5.63778231173433,23.));
#6601=CARTESIAN_POINT('Ctrl Pts',(-135.99285831317,5.63778231173432,24.));
#6602=CARTESIAN_POINT('Ctrl Pts',(-135.855717202357,5.8049041484125,23.));
#6603=CARTESIAN_POINT('Ctrl Pts',(-135.855717202357,5.80490414841249,24.));
#6604=CARTESIAN_POINT('Ctrl Pts',(-135.78882025741,5.88642558455467,23.));
#6605=CARTESIAN_POINT('Ctrl Pts',(-135.78882025741,5.88642558455467,24.));
#6606=CARTESIAN_POINT('',(-136.140798648819,5.34618003666401,23.));
#6607=CARTESIAN_POINT('Ctrl Pts',(-136.140798648819,5.34618003666401,23.));
#6608=CARTESIAN_POINT('Ctrl Pts',(-136.090689279234,5.44494962583187,23.));
#6609=CARTESIAN_POINT('Ctrl Pts',(-135.99285831317,5.63778231173433,23.));
#6610=CARTESIAN_POINT('Ctrl Pts',(-135.855717202357,5.8049041484125,23.));
#6611=CARTESIAN_POINT('Ctrl Pts',(-135.78882025741,5.88642558455467,23.));
#6612=CARTESIAN_POINT('',(-136.140798648819,5.346180036664,24.));
#6613=CARTESIAN_POINT('',(-136.140798648819,5.34618003666401,23.));
#6614=CARTESIAN_POINT('Ctrl Pts',(-136.140798648819,5.346180036664,24.));
#6615=CARTESIAN_POINT('Ctrl Pts',(-136.090689279234,5.44494962583187,24.));
#6616=CARTESIAN_POINT('Ctrl Pts',(-135.99285831317,5.63778231173432,24.));
#6617=CARTESIAN_POINT('Ctrl Pts',(-135.855717202357,5.80490414841249,24.));
#6618=CARTESIAN_POINT('Ctrl Pts',(-135.78882025741,5.88642558455467,24.));
#6619=CARTESIAN_POINT('Origin',(-136.496869495139,5.34618003666401,23.));
#6620=CARTESIAN_POINT('',(-136.496869495139,5.34618003666401,23.));
#6621=CARTESIAN_POINT('',(-134.344623335312,5.34618003666401,23.));
#6622=CARTESIAN_POINT('',(-136.496869495139,5.346180036664,24.));
#6623=CARTESIAN_POINT('',(-136.496869495139,5.34618003666401,23.));
#6624=CARTESIAN_POINT('',(-136.496869495139,5.346180036664,24.));
#6625=CARTESIAN_POINT('Ctrl Pts',(-136.306555738673,5.73294675350189,23.));
#6626=CARTESIAN_POINT('Ctrl Pts',(-136.306555738673,5.73294675350189,24.));
#6627=CARTESIAN_POINT('Ctrl Pts',(-136.345219538785,5.66571344927807,23.));
#6628=CARTESIAN_POINT('Ctrl Pts',(-136.345219538785,5.66571344927807,24.));
#6629=CARTESIAN_POINT('Ctrl Pts',(-136.417014330208,5.54086795971225,23.));
#6630=CARTESIAN_POINT('Ctrl Pts',(-136.417014330208,5.54086795971225,24.));
#6631=CARTESIAN_POINT('Ctrl Pts',(-136.47165471278,5.40765400158311,23.));
#6632=CARTESIAN_POINT('Ctrl Pts',(-136.47165471278,5.40765400158311,24.));
#6633=CARTESIAN_POINT('Ctrl Pts',(-136.496869495139,5.34618003666401,23.));
#6634=CARTESIAN_POINT('Ctrl Pts',(-136.496869495139,5.346180036664,24.));
#6635=CARTESIAN_POINT('',(-136.306555738673,5.73294675350189,23.));
#6636=CARTESIAN_POINT('Ctrl Pts',(-136.306555738673,5.73294675350189,23.));
#6637=CARTESIAN_POINT('Ctrl Pts',(-136.345219538785,5.66571344927807,23.));
#6638=CARTESIAN_POINT('Ctrl Pts',(-136.417014330208,5.54086795971225,23.));
#6639=CARTESIAN_POINT('Ctrl Pts',(-136.47165471278,5.40765400158311,23.));
#6640=CARTESIAN_POINT('Ctrl Pts',(-136.496869495139,5.34618003666401,23.));
#6641=CARTESIAN_POINT('',(-136.306555738673,5.73294675350189,24.));
#6642=CARTESIAN_POINT('',(-136.306555738673,5.73294675350189,23.));
#6643=CARTESIAN_POINT('Ctrl Pts',(-136.306555738673,5.73294675350189,24.));
#6644=CARTESIAN_POINT('Ctrl Pts',(-136.345219538785,5.66571344927807,24.));
#6645=CARTESIAN_POINT('Ctrl Pts',(-136.417014330208,5.54086795971225,24.));
#6646=CARTESIAN_POINT('Ctrl Pts',(-136.47165471278,5.40765400158311,24.));
#6647=CARTESIAN_POINT('Ctrl Pts',(-136.496869495139,5.346180036664,24.));
#6648=CARTESIAN_POINT('Ctrl Pts',(-136.052804013714,6.08287854492664,23.));
#6649=CARTESIAN_POINT('Ctrl Pts',(-136.052804013714,6.08287854492664,24.));
#6650=CARTESIAN_POINT('Ctrl Pts',(-136.096511402404,6.03258453351317,23.));
#6651=CARTESIAN_POINT('Ctrl Pts',(-136.096511402404,6.03258453351317,24.));
#6652=CARTESIAN_POINT('Ctrl Pts',(-136.19135356246,5.92344983516141,23.));
#6653=CARTESIAN_POINT('Ctrl Pts',(-136.19135356246,5.9234498351614,24.));
#6654=CARTESIAN_POINT('Ctrl Pts',(-136.26620116426,5.79967874622422,23.));
#6655=CARTESIAN_POINT('Ctrl Pts',(-136.26620116426,5.79967874622422,24.));
#6656=CARTESIAN_POINT('Ctrl Pts',(-136.306555738673,5.73294675350189,23.));
#6657=CARTESIAN_POINT('Ctrl Pts',(-136.306555738673,5.73294675350189,24.));
#6658=CARTESIAN_POINT('',(-136.052804013714,6.08287854492664,23.));
#6659=CARTESIAN_POINT('Ctrl Pts',(-136.052804013714,6.08287854492664,23.));
#6660=CARTESIAN_POINT('Ctrl Pts',(-136.096511402404,6.03258453351317,23.));
#6661=CARTESIAN_POINT('Ctrl Pts',(-136.19135356246,5.92344983516141,23.));
#6662=CARTESIAN_POINT('Ctrl Pts',(-136.26620116426,5.79967874622422,23.));
#6663=CARTESIAN_POINT('Ctrl Pts',(-136.306555738673,5.73294675350189,23.));
#6664=CARTESIAN_POINT('',(-136.052804013714,6.08287854492664,24.));
#6665=CARTESIAN_POINT('',(-136.052804013714,6.08287854492664,23.));
#6666=CARTESIAN_POINT('Ctrl Pts',(-136.052804013714,6.08287854492664,24.));
#6667=CARTESIAN_POINT('Ctrl Pts',(-136.096511402404,6.03258453351317,24.));
#6668=CARTESIAN_POINT('Ctrl Pts',(-136.19135356246,5.9234498351614,24.));
#6669=CARTESIAN_POINT('Ctrl Pts',(-136.26620116426,5.79967874622422,24.));
#6670=CARTESIAN_POINT('Ctrl Pts',(-136.306555738673,5.73294675350189,24.));
#6671=CARTESIAN_POINT('Origin',(-138.400007357821,6.08287854492664,23.));
#6672=CARTESIAN_POINT('',(-138.400007357821,6.08287854492664,23.));
#6673=CARTESIAN_POINT('',(-135.296192266654,6.08287854492664,23.));
#6674=CARTESIAN_POINT('',(-138.400007357821,6.08287854492664,24.));
#6675=CARTESIAN_POINT('',(-138.400007357821,6.08287854492664,23.));
#6676=CARTESIAN_POINT('',(-138.400007357821,6.08287854492664,24.));
#6677=CARTESIAN_POINT('Origin',(-138.400007357821,6.45122772455215,23.));
#6678=CARTESIAN_POINT('',(-138.400007357821,6.45122772455215,23.));
#6679=CARTESIAN_POINT('',(-138.400007357821,3.22561381757259,23.));
#6680=CARTESIAN_POINT('',(-138.400007357821,6.45122772455215,24.));
#6681=CARTESIAN_POINT('',(-138.400007357821,6.45122772455215,23.));
#6682=CARTESIAN_POINT('',(-138.400007357821,6.45122772455215,24.));
#6683=CARTESIAN_POINT('Origin',(-135.387728979811,6.45122772455215,23.));
#6684=CARTESIAN_POINT('',(-133.790053077649,6.45122772455215,23.));
#6685=CARTESIAN_POINT('',(-135.387728979811,6.45122772455215,24.));
#6686=CARTESIAN_POINT('Origin',(-136.893868168816,5.89870388060808,24.));
#6687=CARTESIAN_POINT('Ctrl Pts',(-136.480498483405,-3.48806293308735,23.));
#6688=CARTESIAN_POINT('Ctrl Pts',(-136.480498483405,-3.48806293308735,24.));
#6689=CARTESIAN_POINT('Ctrl Pts',(-136.487230233023,-3.56896471462872,23.));
#6690=CARTESIAN_POINT('Ctrl Pts',(-136.487230233023,-3.56896471462873,24.));
#6691=CARTESIAN_POINT('Ctrl Pts',(-136.500534329106,-3.72885257972067,23.));
#6692=CARTESIAN_POINT('Ctrl Pts',(-136.500534329106,-3.72885257972068,24.));
#6693=CARTESIAN_POINT('Ctrl Pts',(-136.600810815056,-3.85395538557799,23.));
#6694=CARTESIAN_POINT('Ctrl Pts',(-136.600810815056,-3.853955385578,24.));
#6695=CARTESIAN_POINT('Ctrl Pts',(-136.650348326191,-3.91575732827186,23.));
#6696=CARTESIAN_POINT('Ctrl Pts',(-136.650348326191,-3.91575732827187,24.));
#6697=CARTESIAN_POINT('',(-136.480498483405,-3.48806293308735,23.));
#6698=CARTESIAN_POINT('',(-136.650348326191,-3.91575732827186,23.));
#6699=CARTESIAN_POINT('Ctrl Pts',(-136.480498483405,-3.48806293308735,23.));
#6700=CARTESIAN_POINT('Ctrl Pts',(-136.487230233023,-3.56896471462872,23.));
#6701=CARTESIAN_POINT('Ctrl Pts',(-136.500534329106,-3.72885257972067,23.));
#6702=CARTESIAN_POINT('Ctrl Pts',(-136.600810815056,-3.85395538557799,23.));
#6703=CARTESIAN_POINT('Ctrl Pts',(-136.650348326191,-3.91575732827186,23.));
#6704=CARTESIAN_POINT('',(-136.480498483405,-3.48806293308735,24.));
#6705=CARTESIAN_POINT('',(-136.480498483405,-3.48806293308735,23.));
#6706=CARTESIAN_POINT('',(-136.650348326191,-3.91575732827187,24.));
#6707=CARTESIAN_POINT('Ctrl Pts',(-136.480498483405,-3.48806293308735,24.));
#6708=CARTESIAN_POINT('Ctrl Pts',(-136.487230233023,-3.56896471462873,24.));
#6709=CARTESIAN_POINT('Ctrl Pts',(-136.500534329106,-3.72885257972068,24.));
#6710=CARTESIAN_POINT('Ctrl Pts',(-136.600810815056,-3.853955385578,24.));
#6711=CARTESIAN_POINT('Ctrl Pts',(-136.650348326191,-3.91575732827187,24.));
#6712=CARTESIAN_POINT('',(-136.650348326191,-3.91575732827186,23.));
#6713=CARTESIAN_POINT('Ctrl Pts',(-136.693322530016,-3.0317191183567,23.));
#6714=CARTESIAN_POINT('Ctrl Pts',(-136.693322530016,-3.03171911835671,24.));
#6715=CARTESIAN_POINT('Ctrl Pts',(-136.631249222386,-3.09493275917407,23.));
#6716=CARTESIAN_POINT('Ctrl Pts',(-136.631249222386,-3.09493275917408,24.));
#6717=CARTESIAN_POINT('Ctrl Pts',(-136.506559114128,-3.22191351817957,23.));
#6718=CARTESIAN_POINT('Ctrl Pts',(-136.506559114128,-3.22191351817957,24.));
#6719=CARTESIAN_POINT('Ctrl Pts',(-136.489210566306,-3.39908904018841,23.));
#6720=CARTESIAN_POINT('Ctrl Pts',(-136.489210566306,-3.39908904018842,24.));
#6721=CARTESIAN_POINT('Ctrl Pts',(-136.480498483405,-3.48806293308735,23.));
#6722=CARTESIAN_POINT('Ctrl Pts',(-136.480498483405,-3.48806293308735,24.));
#6723=CARTESIAN_POINT('',(-136.693322530016,-3.0317191183567,23.));
#6724=CARTESIAN_POINT('Ctrl Pts',(-136.693322530016,-3.0317191183567,23.));
#6725=CARTESIAN_POINT('Ctrl Pts',(-136.631249222386,-3.09493275917407,23.));
#6726=CARTESIAN_POINT('Ctrl Pts',(-136.506559114128,-3.22191351817957,23.));
#6727=CARTESIAN_POINT('Ctrl Pts',(-136.489210566306,-3.39908904018841,23.));
#6728=CARTESIAN_POINT('Ctrl Pts',(-136.480498483405,-3.48806293308735,23.));
#6729=CARTESIAN_POINT('',(-136.693322530016,-3.03171911835671,24.));
#6730=CARTESIAN_POINT('',(-136.693322530016,-3.0317191183567,23.));
#6731=CARTESIAN_POINT('Ctrl Pts',(-136.693322530016,-3.03171911835671,24.));
#6732=CARTESIAN_POINT('Ctrl Pts',(-136.631249222386,-3.09493275917408,24.));
#6733=CARTESIAN_POINT('Ctrl Pts',(-136.506559114128,-3.22191351817957,24.));
#6734=CARTESIAN_POINT('Ctrl Pts',(-136.489210566306,-3.39908904018842,24.));
#6735=CARTESIAN_POINT('Ctrl Pts',(-136.480498483405,-3.48806293308735,24.));
#6736=CARTESIAN_POINT('Ctrl Pts',(-137.104645838961,-2.89256507158279,23.));
#6737=CARTESIAN_POINT('Ctrl Pts',(-137.104645838961,-2.8925650715828,24.));
#6738=CARTESIAN_POINT('Ctrl Pts',(-137.022387733945,-2.90188100349132,23.));
#6739=CARTESIAN_POINT('Ctrl Pts',(-137.022387733945,-2.90188100349133,24.));
#6740=CARTESIAN_POINT('Ctrl Pts',(-136.874676731192,-2.91860963641465,23.));
#6741=CARTESIAN_POINT('Ctrl Pts',(-136.874676731192,-2.91860963641466,24.));
#6742=CARTESIAN_POINT('Ctrl Pts',(-136.749008121978,-2.99698836264436,23.));
#6743=CARTESIAN_POINT('Ctrl Pts',(-136.749008121978,-2.99698836264437,24.));
#6744=CARTESIAN_POINT('Ctrl Pts',(-136.693322530016,-3.0317191183567,23.));
#6745=CARTESIAN_POINT('Ctrl Pts',(-136.693322530016,-3.03171911835671,24.));
#6746=CARTESIAN_POINT('',(-137.104645838961,-2.89256507158279,23.));
#6747=CARTESIAN_POINT('Ctrl Pts',(-137.104645838961,-2.89256507158279,23.));
#6748=CARTESIAN_POINT('Ctrl Pts',(-137.022387733945,-2.90188100349132,23.));
#6749=CARTESIAN_POINT('Ctrl Pts',(-136.874676731192,-2.91860963641465,23.));
#6750=CARTESIAN_POINT('Ctrl Pts',(-136.749008121978,-2.99698836264436,23.));
#6751=CARTESIAN_POINT('Ctrl Pts',(-136.693322530016,-3.0317191183567,23.));
#6752=CARTESIAN_POINT('',(-137.104645838961,-2.8925650715828,24.));
#6753=CARTESIAN_POINT('',(-137.104645838961,-2.89256507158279,23.));
#6754=CARTESIAN_POINT('Ctrl Pts',(-137.104645838961,-2.8925650715828,24.));
#6755=CARTESIAN_POINT('Ctrl Pts',(-137.022387733945,-2.90188100349133,24.));
#6756=CARTESIAN_POINT('Ctrl Pts',(-136.874676731192,-2.91860963641466,24.));
#6757=CARTESIAN_POINT('Ctrl Pts',(-136.749008121978,-2.99698836264437,24.));
#6758=CARTESIAN_POINT('Ctrl Pts',(-136.693322530016,-3.03171911835671,24.));
#6759=CARTESIAN_POINT('Origin',(-137.104645838961,-4.10607112199068,23.));
#6760=CARTESIAN_POINT('',(-137.104645838961,-4.10607112199068,23.));
#6761=CARTESIAN_POINT('',(-137.104645838961,-2.05303560569882,23.));
#6762=CARTESIAN_POINT('',(-137.104645838961,-4.10607112199068,24.));
#6763=CARTESIAN_POINT('',(-137.104645838961,-4.10607112199068,23.));
#6764=CARTESIAN_POINT('',(-137.104645838961,-4.10607112199068,24.));
#6765=CARTESIAN_POINT('Ctrl Pts',(-136.650348326191,-3.91575732827186,23.));
#6766=CARTESIAN_POINT('Ctrl Pts',(-136.650348326191,-3.91575732827187,24.));
#6767=CARTESIAN_POINT('Ctrl Pts',(-136.713727140646,-3.96676330449335,23.));
#6768=CARTESIAN_POINT('Ctrl Pts',(-136.713727140646,-3.96676330449335,24.));
#6769=CARTESIAN_POINT('Ctrl Pts',(-136.846523757151,-4.07363531089004,23.));
#6770=CARTESIAN_POINT('Ctrl Pts',(-136.846523757151,-4.07363531089005,24.));
#6771=CARTESIAN_POINT('Ctrl Pts',(-137.016035601828,-4.09493629426462,23.));
#6772=CARTESIAN_POINT('Ctrl Pts',(-137.016035601828,-4.09493629426462,24.));
#6773=CARTESIAN_POINT('Ctrl Pts',(-137.104645838961,-4.10607112199068,23.));
#6774=CARTESIAN_POINT('Ctrl Pts',(-137.104645838961,-4.10607112199068,24.));
#6775=CARTESIAN_POINT('Ctrl Pts',(-136.650348326191,-3.91575732827186,23.));
#6776=CARTESIAN_POINT('Ctrl Pts',(-136.713727140646,-3.96676330449335,23.));
#6777=CARTESIAN_POINT('Ctrl Pts',(-136.846523757151,-4.07363531089004,23.));
#6778=CARTESIAN_POINT('Ctrl Pts',(-137.016035601828,-4.09493629426462,23.));
#6779=CARTESIAN_POINT('Ctrl Pts',(-137.104645838961,-4.10607112199068,23.));
#6780=CARTESIAN_POINT('Ctrl Pts',(-136.650348326191,-3.91575732827187,24.));
#6781=CARTESIAN_POINT('Ctrl Pts',(-136.713727140646,-3.96676330449335,24.));
#6782=CARTESIAN_POINT('Ctrl Pts',(-136.846523757151,-4.07363531089005,24.));
#6783=CARTESIAN_POINT('Ctrl Pts',(-137.016035601828,-4.09493629426462,24.));
#6784=CARTESIAN_POINT('Ctrl Pts',(-137.104645838961,-4.10607112199068,24.));
#6785=CARTESIAN_POINT('Ctrl Pts',(-138.146255781874,-3.46964547038078,23.));
#6786=CARTESIAN_POINT('Ctrl Pts',(-138.146255781874,-3.46964547038079,24.));
#6787=CARTESIAN_POINT('Ctrl Pts',(-138.142460697967,-3.40546799503218,23.));
#6788=CARTESIAN_POINT('Ctrl Pts',(-138.142460697967,-3.40546799503219,24.));
#6789=CARTESIAN_POINT('Ctrl Pts',(-138.135121580952,-3.28135848578429,23.));
#6790=CARTESIAN_POINT('Ctrl Pts',(-138.135121580952,-3.2813584857843,24.));
#6791=CARTESIAN_POINT('Ctrl Pts',(-138.070870314255,-3.17511237140913,23.));
#6792=CARTESIAN_POINT('Ctrl Pts',(-138.070870314255,-3.17511237140913,24.));
#6793=CARTESIAN_POINT('Ctrl Pts',(-138.039843609557,-3.12380650639534,23.));
#6794=CARTESIAN_POINT('Ctrl Pts',(-138.039843609557,-3.12380650639534,24.));
#6795=CARTESIAN_POINT('',(-138.146255781874,-3.46964547038078,23.));
#6796=CARTESIAN_POINT('',(-138.039843609557,-3.12380650639534,23.));
#6797=CARTESIAN_POINT('Ctrl Pts',(-138.146255781874,-3.46964547038078,23.));
#6798=CARTESIAN_POINT('Ctrl Pts',(-138.142460697967,-3.40546799503218,23.));
#6799=CARTESIAN_POINT('Ctrl Pts',(-138.135121580952,-3.28135848578429,23.));
#6800=CARTESIAN_POINT('Ctrl Pts',(-138.070870314255,-3.17511237140913,23.));
#6801=CARTESIAN_POINT('Ctrl Pts',(-138.039843609557,-3.12380650639534,23.));
#6802=CARTESIAN_POINT('',(-138.146255781874,-3.46964547038079,24.));
#6803=CARTESIAN_POINT('',(-138.146255781874,-3.46964547038078,23.));
#6804=CARTESIAN_POINT('',(-138.039843609557,-3.12380650639534,24.));
#6805=CARTESIAN_POINT('Ctrl Pts',(-138.146255781874,-3.46964547038079,24.));
#6806=CARTESIAN_POINT('Ctrl Pts',(-138.142460697967,-3.40546799503219,24.));
#6807=CARTESIAN_POINT('Ctrl Pts',(-138.135121580952,-3.2813584857843,24.));
#6808=CARTESIAN_POINT('Ctrl Pts',(-138.070870314255,-3.17511237140913,24.));
#6809=CARTESIAN_POINT('Ctrl Pts',(-138.039843609557,-3.12380650639534,24.));
#6810=CARTESIAN_POINT('',(-138.039843609557,-3.12380650639534,23.));
#6811=CARTESIAN_POINT('Ctrl Pts',(-137.955941727385,-3.92394290864468,23.));
#6812=CARTESIAN_POINT('Ctrl Pts',(-137.955941727385,-3.92394290864468,24.));
#6813=CARTESIAN_POINT('Ctrl Pts',(-138.011448800875,-3.85906986843924,23.));
#6814=CARTESIAN_POINT('Ctrl Pts',(-138.011448800875,-3.85906986843924,24.));
#6815=CARTESIAN_POINT('Ctrl Pts',(-138.123497837252,-3.72811427692976,23.));
#6816=CARTESIAN_POINT('Ctrl Pts',(-138.123497837252,-3.72811427692977,24.));
#6817=CARTESIAN_POINT('Ctrl Pts',(-138.138623234076,-3.5563306061894,23.));
#6818=CARTESIAN_POINT('Ctrl Pts',(-138.138623234076,-3.5563306061894,24.));
#6819=CARTESIAN_POINT('Ctrl Pts',(-138.146255781874,-3.46964547038078,23.));
#6820=CARTESIAN_POINT('Ctrl Pts',(-138.146255781874,-3.46964547038079,24.));
#6821=CARTESIAN_POINT('',(-137.955941727385,-3.92394290864468,23.));
#6822=CARTESIAN_POINT('Ctrl Pts',(-137.955941727385,-3.92394290864468,23.));
#6823=CARTESIAN_POINT('Ctrl Pts',(-138.011448800875,-3.85906986843924,23.));
#6824=CARTESIAN_POINT('Ctrl Pts',(-138.123497837252,-3.72811427692976,23.));
#6825=CARTESIAN_POINT('Ctrl Pts',(-138.138623234076,-3.5563306061894,23.));
#6826=CARTESIAN_POINT('Ctrl Pts',(-138.146255781874,-3.46964547038078,23.));
#6827=CARTESIAN_POINT('',(-137.955941727385,-3.92394290864468,24.));
#6828=CARTESIAN_POINT('',(-137.955941727385,-3.92394290864468,23.));
#6829=CARTESIAN_POINT('Ctrl Pts',(-137.955941727385,-3.92394290864468,24.));
#6830=CARTESIAN_POINT('Ctrl Pts',(-138.011448800875,-3.85906986843924,24.));
#6831=CARTESIAN_POINT('Ctrl Pts',(-138.123497837252,-3.72811427692977,24.));
#6832=CARTESIAN_POINT('Ctrl Pts',(-138.138623234076,-3.5563306061894,24.));
#6833=CARTESIAN_POINT('Ctrl Pts',(-138.146255781874,-3.46964547038079,24.));
#6834=CARTESIAN_POINT('Ctrl Pts',(-137.407510748133,-4.126534961164,23.));
#6835=CARTESIAN_POINT('Ctrl Pts',(-137.407510748133,-4.126534961164,24.));
#6836=CARTESIAN_POINT('Ctrl Pts',(-137.51663139666,-4.1158907382336,23.));
#6837=CARTESIAN_POINT('Ctrl Pts',(-137.51663139666,-4.1158907382336,24.));
#6838=CARTESIAN_POINT('Ctrl Pts',(-137.717963832469,-4.09625167487749,23.));
#6839=CARTESIAN_POINT('Ctrl Pts',(-137.717963832469,-4.0962516748775,24.));
#6840=CARTESIAN_POINT('Ctrl Pts',(-137.881185130942,-3.97807069604049,23.));
#6841=CARTESIAN_POINT('Ctrl Pts',(-137.881185130942,-3.9780706960405,24.));
#6842=CARTESIAN_POINT('Ctrl Pts',(-137.955941727385,-3.92394290864468,23.));
#6843=CARTESIAN_POINT('Ctrl Pts',(-137.955941727385,-3.92394290864468,24.));
#6844=CARTESIAN_POINT('',(-137.407510748133,-4.126534961164,23.));
#6845=CARTESIAN_POINT('Ctrl Pts',(-137.407510748133,-4.126534961164,23.));
#6846=CARTESIAN_POINT('Ctrl Pts',(-137.51663139666,-4.1158907382336,23.));
#6847=CARTESIAN_POINT('Ctrl Pts',(-137.717963832469,-4.09625167487749,23.));
#6848=CARTESIAN_POINT('Ctrl Pts',(-137.881185130942,-3.97807069604049,23.));
#6849=CARTESIAN_POINT('Ctrl Pts',(-137.955941727385,-3.92394290864468,23.));
#6850=CARTESIAN_POINT('',(-137.407510748133,-4.126534961164,24.));
#6851=CARTESIAN_POINT('',(-137.407510748133,-4.126534961164,23.));
#6852=CARTESIAN_POINT('Ctrl Pts',(-137.407510748133,-4.126534961164,24.));
#6853=CARTESIAN_POINT('Ctrl Pts',(-137.51663139666,-4.1158907382336,24.));
#6854=CARTESIAN_POINT('Ctrl Pts',(-137.717963832469,-4.0962516748775,24.));
#6855=CARTESIAN_POINT('Ctrl Pts',(-137.881185130942,-3.9780706960405,24.));
#6856=CARTESIAN_POINT('Ctrl Pts',(-137.955941727385,-3.92394290864468,24.));
#6857=CARTESIAN_POINT('Origin',(-137.407510748133,-2.5057982802391,23.));
#6858=CARTESIAN_POINT('',(-137.407510748133,-2.5057982802391,23.));
#6859=CARTESIAN_POINT('',(-137.407510748133,-1.25289918482304,23.));
#6860=CARTESIAN_POINT('',(-137.407510748133,-2.50579828023911,24.));
#6861=CARTESIAN_POINT('',(-137.407510748133,-2.5057982802391,23.));
#6862=CARTESIAN_POINT('',(-137.407510748133,-2.50579828023911,24.));
#6863=CARTESIAN_POINT('Ctrl Pts',(-137.309284379706,-2.50375190377235,23.));
#6864=CARTESIAN_POINT('Ctrl Pts',(-137.309284379706,-2.50375190377236,24.));
#6865=CARTESIAN_POINT('Ctrl Pts',(-137.322927686516,-2.50388184409752,23.));
#6866=CARTESIAN_POINT('Ctrl Pts',(-137.322927686516,-2.50388184409752,24.));
#6867=CARTESIAN_POINT('Ctrl Pts',(-137.355677080994,-2.50419375286178,23.));
#6868=CARTESIAN_POINT('Ctrl Pts',(-137.355677080994,-2.50419375286178,24.));
#6869=CARTESIAN_POINT('Ctrl Pts',(-137.388412698177,-2.50520709412978,23.));
#6870=CARTESIAN_POINT('Ctrl Pts',(-137.388412698177,-2.50520709412978,24.));
#6871=CARTESIAN_POINT('Ctrl Pts',(-137.407510748133,-2.5057982802391,23.));
#6872=CARTESIAN_POINT('Ctrl Pts',(-137.407510748133,-2.50579828023911,24.));
#6873=CARTESIAN_POINT('',(-137.309284379706,-2.50375190377235,23.));
#6874=CARTESIAN_POINT('Ctrl Pts',(-137.309284379706,-2.50375190377235,23.));
#6875=CARTESIAN_POINT('Ctrl Pts',(-137.322927686516,-2.50388184409752,23.));
#6876=CARTESIAN_POINT('Ctrl Pts',(-137.355677080994,-2.50419375286178,23.));
#6877=CARTESIAN_POINT('Ctrl Pts',(-137.388412698177,-2.50520709412978,23.));
#6878=CARTESIAN_POINT('Ctrl Pts',(-137.407510748133,-2.5057982802391,23.));
#6879=CARTESIAN_POINT('',(-137.309284379706,-2.50375190377236,24.));
#6880=CARTESIAN_POINT('',(-137.309284379706,-2.50375190377235,23.));
#6881=CARTESIAN_POINT('Ctrl Pts',(-137.309284379706,-2.50375190377236,24.));
#6882=CARTESIAN_POINT('Ctrl Pts',(-137.322927686516,-2.50388184409752,24.));
#6883=CARTESIAN_POINT('Ctrl Pts',(-137.355677080994,-2.50419375286178,24.));
#6884=CARTESIAN_POINT('Ctrl Pts',(-137.388412698177,-2.50520709412978,24.));
#6885=CARTESIAN_POINT('Ctrl Pts',(-137.407510748133,-2.50579828023911,24.));
#6886=CARTESIAN_POINT('Ctrl Pts',(-136.474359354004,-2.78001391887665,23.));
#6887=CARTESIAN_POINT('Ctrl Pts',(-136.474359354004,-2.78001391887665,24.));
#6888=CARTESIAN_POINT('Ctrl Pts',(-136.589433328051,-2.69956774763622,23.));
#6889=CARTESIAN_POINT('Ctrl Pts',(-136.589433328051,-2.69956774763623,24.));
#6890=CARTESIAN_POINT('Ctrl Pts',(-136.839076930168,-2.5250463397213,23.));
#6891=CARTESIAN_POINT('Ctrl Pts',(-136.839076930168,-2.52504633972131,24.));
#6892=CARTESIAN_POINT('Ctrl Pts',(-137.144595512617,-2.51121022144721,23.));
#6893=CARTESIAN_POINT('Ctrl Pts',(-137.144595512617,-2.51121022144721,24.));
#6894=CARTESIAN_POINT('Ctrl Pts',(-137.309284379706,-2.50375190377235,23.));
#6895=CARTESIAN_POINT('Ctrl Pts',(-137.309284379706,-2.50375190377236,24.));
#6896=CARTESIAN_POINT('',(-136.474359354004,-2.78001391887665,23.));
#6897=CARTESIAN_POINT('Ctrl Pts',(-136.474359354004,-2.78001391887665,23.));
#6898=CARTESIAN_POINT('Ctrl Pts',(-136.589433328051,-2.69956774763622,23.));
#6899=CARTESIAN_POINT('Ctrl Pts',(-136.839076930168,-2.5250463397213,23.));
#6900=CARTESIAN_POINT('Ctrl Pts',(-137.144595512617,-2.51121022144721,23.));
#6901=CARTESIAN_POINT('Ctrl Pts',(-137.309284379706,-2.50375190377235,23.));
#6902=CARTESIAN_POINT('',(-136.474359354004,-2.78001391887665,24.));
#6903=CARTESIAN_POINT('',(-136.474359354004,-2.78001391887665,23.));
#6904=CARTESIAN_POINT('Ctrl Pts',(-136.474359354004,-2.78001391887665,24.));
#6905=CARTESIAN_POINT('Ctrl Pts',(-136.589433328051,-2.69956774763623,24.));
#6906=CARTESIAN_POINT('Ctrl Pts',(-136.839076930168,-2.52504633972131,24.));
#6907=CARTESIAN_POINT('Ctrl Pts',(-137.144595512617,-2.51121022144721,24.));
#6908=CARTESIAN_POINT('Ctrl Pts',(-137.309284379706,-2.50375190377236,24.));
#6909=CARTESIAN_POINT('Ctrl Pts',(-136.177633574232,-3.49215576052666,23.));
#6910=CARTESIAN_POINT('Ctrl Pts',(-136.177633574232,-3.49215576052666,24.));
#6911=CARTESIAN_POINT('Ctrl Pts',(-136.188948591075,-3.35450510311671,23.));
#6912=CARTESIAN_POINT('Ctrl Pts',(-136.188948591075,-3.35450510311672,24.));
#6913=CARTESIAN_POINT('Ctrl Pts',(-136.211122831006,-3.08474865940453,23.));
#6914=CARTESIAN_POINT('Ctrl Pts',(-136.211122831006,-3.08474865940453,24.));
#6915=CARTESIAN_POINT('Ctrl Pts',(-136.387824553625,-2.88019059512114,23.));
#6916=CARTESIAN_POINT('Ctrl Pts',(-136.387824553625,-2.88019059512115,24.));
#6917=CARTESIAN_POINT('Ctrl Pts',(-136.474359354004,-2.78001391887665,23.));
#6918=CARTESIAN_POINT('Ctrl Pts',(-136.474359354004,-2.78001391887665,24.));
#6919=CARTESIAN_POINT('',(-136.177633574232,-3.49215576052666,23.));
#6920=CARTESIAN_POINT('Ctrl Pts',(-136.177633574232,-3.49215576052666,23.));
#6921=CARTESIAN_POINT('Ctrl Pts',(-136.188948591075,-3.35450510311671,23.));
#6922=CARTESIAN_POINT('Ctrl Pts',(-136.211122831006,-3.08474865940453,23.));
#6923=CARTESIAN_POINT('Ctrl Pts',(-136.387824553625,-2.88019059512114,23.));
#6924=CARTESIAN_POINT('Ctrl Pts',(-136.474359354004,-2.78001391887665,23.));
#6925=CARTESIAN_POINT('',(-136.177633574232,-3.49215576052666,24.));
#6926=CARTESIAN_POINT('',(-136.177633574232,-3.49215576052666,23.));
#6927=CARTESIAN_POINT('Ctrl Pts',(-136.177633574232,-3.49215576052666,24.));
#6928=CARTESIAN_POINT('Ctrl Pts',(-136.188948591075,-3.35450510311672,24.));
#6929=CARTESIAN_POINT('Ctrl Pts',(-136.211122831006,-3.08474865940453,24.));
#6930=CARTESIAN_POINT('Ctrl Pts',(-136.387824553625,-2.88019059512115,24.));
#6931=CARTESIAN_POINT('Ctrl Pts',(-136.474359354004,-2.78001391887665,24.));
#6932=CARTESIAN_POINT('Ctrl Pts',(-136.480498483405,-4.22476140409708,23.));
#6933=CARTESIAN_POINT('Ctrl Pts',(-136.480498483405,-4.22476140409708,24.));
#6934=CARTESIAN_POINT('Ctrl Pts',(-136.39217674664,-4.12193143767908,23.));
#6935=CARTESIAN_POINT('Ctrl Pts',(-136.39217674664,-4.12193143767908,24.));
#6936=CARTESIAN_POINT('Ctrl Pts',(-136.2112430145,-3.91127650400804,23.));
#6937=CARTESIAN_POINT('Ctrl Pts',(-136.2112430145,-3.91127650400804,24.));
#6938=CARTESIAN_POINT('Ctrl Pts',(-136.189012429808,-3.63405382162824,23.));
#6939=CARTESIAN_POINT('Ctrl Pts',(-136.189012429808,-3.63405382162824,24.));
#6940=CARTESIAN_POINT('Ctrl Pts',(-136.177633574232,-3.49215576052666,23.));
#6941=CARTESIAN_POINT('Ctrl Pts',(-136.177633574232,-3.49215576052666,24.));
#6942=CARTESIAN_POINT('',(-136.480498483405,-4.22476140409708,23.));
#6943=CARTESIAN_POINT('Ctrl Pts',(-136.480498483405,-4.22476140409708,23.));
#6944=CARTESIAN_POINT('Ctrl Pts',(-136.39217674664,-4.12193143767908,23.));
#6945=CARTESIAN_POINT('Ctrl Pts',(-136.2112430145,-3.91127650400804,23.));
#6946=CARTESIAN_POINT('Ctrl Pts',(-136.189012429808,-3.63405382162824,23.));
#6947=CARTESIAN_POINT('Ctrl Pts',(-136.177633574232,-3.49215576052666,23.));
#6948=CARTESIAN_POINT('',(-136.480498483405,-4.22476140409708,24.));
#6949=CARTESIAN_POINT('',(-136.480498483405,-4.22476140409708,23.));
#6950=CARTESIAN_POINT('Ctrl Pts',(-136.480498483405,-4.22476140409708,24.));
#6951=CARTESIAN_POINT('Ctrl Pts',(-136.39217674664,-4.12193143767908,24.));
#6952=CARTESIAN_POINT('Ctrl Pts',(-136.2112430145,-3.91127650400804,24.));
#6953=CARTESIAN_POINT('Ctrl Pts',(-136.189012429808,-3.63405382162824,24.));
#6954=CARTESIAN_POINT('Ctrl Pts',(-136.177633574232,-3.49215576052666,24.));
#6955=CARTESIAN_POINT('Ctrl Pts',(-137.331794669852,-4.50716249272227,23.));
#6956=CARTESIAN_POINT('Ctrl Pts',(-137.331794669852,-4.50716249272228,24.));
#6957=CARTESIAN_POINT('Ctrl Pts',(-137.163916914953,-4.49950163577097,23.));
#6958=CARTESIAN_POINT('Ctrl Pts',(-137.163916914953,-4.49950163577097,24.));
#6959=CARTESIAN_POINT('Ctrl Pts',(-136.852303596824,-4.48528161563935,23.));
#6960=CARTESIAN_POINT('Ctrl Pts',(-136.852303596824,-4.48528161563935,24.));
#6961=CARTESIAN_POINT('Ctrl Pts',(-136.597862596016,-4.30699729150533,23.));
#6962=CARTESIAN_POINT('Ctrl Pts',(-136.597862596016,-4.30699729150534,24.));
#6963=CARTESIAN_POINT('Ctrl Pts',(-136.480498483405,-4.22476140409708,23.));
#6964=CARTESIAN_POINT('Ctrl Pts',(-136.480498483405,-4.22476140409708,24.));
#6965=CARTESIAN_POINT('',(-137.331794669852,-4.50716249272227,23.));
#6966=CARTESIAN_POINT('Ctrl Pts',(-137.331794669852,-4.50716249272227,23.));
#6967=CARTESIAN_POINT('Ctrl Pts',(-137.163916914953,-4.49950163577097,23.));
#6968=CARTESIAN_POINT('Ctrl Pts',(-136.852303596824,-4.48528161563935,23.));
#6969=CARTESIAN_POINT('Ctrl Pts',(-136.597862596016,-4.30699729150533,23.));
#6970=CARTESIAN_POINT('Ctrl Pts',(-136.480498483405,-4.22476140409708,23.));
#6971=CARTESIAN_POINT('',(-137.331794669852,-4.50716249272228,24.));
#6972=CARTESIAN_POINT('',(-137.331794669852,-4.50716249272227,23.));
#6973=CARTESIAN_POINT('Ctrl Pts',(-137.331794669852,-4.50716249272228,24.));
#6974=CARTESIAN_POINT('Ctrl Pts',(-137.163916914953,-4.49950163577097,24.));
#6975=CARTESIAN_POINT('Ctrl Pts',(-136.852303596824,-4.48528161563935,24.));
#6976=CARTESIAN_POINT('Ctrl Pts',(-136.597862596016,-4.30699729150534,24.));
#6977=CARTESIAN_POINT('Ctrl Pts',(-136.480498483405,-4.22476140409708,24.));
#6978=CARTESIAN_POINT('Ctrl Pts',(-138.156487515196,-4.22885419428348,23.));
#6979=CARTESIAN_POINT('Ctrl Pts',(-138.156487515196,-4.22885419428349,24.));
#6980=CARTESIAN_POINT('Ctrl Pts',(-138.042709762234,-4.30990874877744,23.));
#6981=CARTESIAN_POINT('Ctrl Pts',(-138.042709762234,-4.30990874877744,24.));
#6982=CARTESIAN_POINT('Ctrl Pts',(-137.796931130219,-4.48499989799887,23.));
#6983=CARTESIAN_POINT('Ctrl Pts',(-137.796931130219,-4.48499989799888,24.));
#6984=CARTESIAN_POINT('Ctrl Pts',(-137.494319157943,-4.49941860534918,23.));
#6985=CARTESIAN_POINT('Ctrl Pts',(-137.494319157943,-4.49941860534919,24.));
#6986=CARTESIAN_POINT('Ctrl Pts',(-137.331794669852,-4.50716249272227,23.));
#6987=CARTESIAN_POINT('Ctrl Pts',(-137.331794669852,-4.50716249272228,24.));
#6988=CARTESIAN_POINT('',(-138.156487515196,-4.22885419428348,23.));
#6989=CARTESIAN_POINT('Ctrl Pts',(-138.156487515196,-4.22885419428348,23.));
#6990=CARTESIAN_POINT('Ctrl Pts',(-138.042709762234,-4.30990874877744,23.));
#6991=CARTESIAN_POINT('Ctrl Pts',(-137.796931130219,-4.48499989799887,23.));
#6992=CARTESIAN_POINT('Ctrl Pts',(-137.494319157943,-4.49941860534918,23.));
#6993=CARTESIAN_POINT('Ctrl Pts',(-137.331794669852,-4.50716249272227,23.));
#6994=CARTESIAN_POINT('',(-138.156487515196,-4.22885419428349,24.));
#6995=CARTESIAN_POINT('',(-138.156487515196,-4.22885419428348,23.));
#6996=CARTESIAN_POINT('Ctrl Pts',(-138.156487515196,-4.22885419428349,24.));
#6997=CARTESIAN_POINT('Ctrl Pts',(-138.042709762234,-4.30990874877744,24.));
#6998=CARTESIAN_POINT('Ctrl Pts',(-137.796931130219,-4.48499989799888,24.));
#6999=CARTESIAN_POINT('Ctrl Pts',(-137.494319157943,-4.49941860534919,24.));
#7000=CARTESIAN_POINT('Ctrl Pts',(-137.331794669852,-4.50716249272228,24.));
#7001=CARTESIAN_POINT('Ctrl Pts',(-138.449120691046,-3.47169184684753,23.));
#7002=CARTESIAN_POINT('Ctrl Pts',(-138.449120691046,-3.47169184684754,24.));
#7003=CARTESIAN_POINT('Ctrl Pts',(-138.439324023331,-3.62005895542822,23.));
#7004=CARTESIAN_POINT('Ctrl Pts',(-138.439324023331,-3.62005895542822,24.));
#7005=CARTESIAN_POINT('Ctrl Pts',(-138.4205893109,-3.90378962734023,23.));
#7006=CARTESIAN_POINT('Ctrl Pts',(-138.4205893109,-3.90378962734023,24.));
#7007=CARTESIAN_POINT('Ctrl Pts',(-138.241789953508,-4.12386134448051,23.));
#7008=CARTESIAN_POINT('Ctrl Pts',(-138.241789953508,-4.12386134448052,24.));
#7009=CARTESIAN_POINT('Ctrl Pts',(-138.156487515196,-4.22885419428348,23.));
#7010=CARTESIAN_POINT('Ctrl Pts',(-138.156487515196,-4.22885419428349,24.));
#7011=CARTESIAN_POINT('',(-138.449120691046,-3.47169184684753,23.));
#7012=CARTESIAN_POINT('Ctrl Pts',(-138.449120691046,-3.47169184684753,23.));
#7013=CARTESIAN_POINT('Ctrl Pts',(-138.439324023331,-3.62005895542822,23.));
#7014=CARTESIAN_POINT('Ctrl Pts',(-138.4205893109,-3.90378962734023,23.));
#7015=CARTESIAN_POINT('Ctrl Pts',(-138.241789953508,-4.12386134448051,23.));
#7016=CARTESIAN_POINT('Ctrl Pts',(-138.156487515196,-4.22885419428348,23.));
#7017=CARTESIAN_POINT('',(-138.449120691046,-3.47169184684754,24.));
#7018=CARTESIAN_POINT('',(-138.449120691046,-3.47169184684753,23.));
#7019=CARTESIAN_POINT('Ctrl Pts',(-138.449120691046,-3.47169184684754,24.));
#7020=CARTESIAN_POINT('Ctrl Pts',(-138.439324023331,-3.62005895542822,24.));
#7021=CARTESIAN_POINT('Ctrl Pts',(-138.4205893109,-3.90378962734023,24.));
#7022=CARTESIAN_POINT('Ctrl Pts',(-138.241789953508,-4.12386134448052,24.));
#7023=CARTESIAN_POINT('Ctrl Pts',(-138.156487515196,-4.22885419428349,24.));
#7024=CARTESIAN_POINT('Ctrl Pts',(-138.264945914969,-2.84959101676941,23.));
#7025=CARTESIAN_POINT('Ctrl Pts',(-138.264945914969,-2.84959101676941,24.));
#7026=CARTESIAN_POINT('Ctrl Pts',(-138.318614892198,-2.93968183445762,23.));
#7027=CARTESIAN_POINT('Ctrl Pts',(-138.318614892198,-2.93968183445763,24.));
#7028=CARTESIAN_POINT('Ctrl Pts',(-138.432551845551,-3.13094080420998,23.));
#7029=CARTESIAN_POINT('Ctrl Pts',(-138.432551845551,-3.13094080420999,24.));
#7030=CARTESIAN_POINT('Ctrl Pts',(-138.443388529576,-3.35380554039473,23.));
#7031=CARTESIAN_POINT('Ctrl Pts',(-138.443388529576,-3.35380554039474,24.));
#7032=CARTESIAN_POINT('Ctrl Pts',(-138.449120691046,-3.47169184684753,23.));
#7033=CARTESIAN_POINT('Ctrl Pts',(-138.449120691046,-3.47169184684754,24.));
#7034=CARTESIAN_POINT('',(-138.264945914969,-2.84959101676941,23.));
#7035=CARTESIAN_POINT('Ctrl Pts',(-138.264945914969,-2.84959101676941,23.));
#7036=CARTESIAN_POINT('Ctrl Pts',(-138.318614892198,-2.93968183445762,23.));
#7037=CARTESIAN_POINT('Ctrl Pts',(-138.432551845551,-3.13094080420998,23.));
#7038=CARTESIAN_POINT('Ctrl Pts',(-138.443388529576,-3.35380554039473,23.));
#7039=CARTESIAN_POINT('Ctrl Pts',(-138.449120691046,-3.47169184684753,23.));
#7040=CARTESIAN_POINT('',(-138.264945914969,-2.84959101676941,24.));
#7041=CARTESIAN_POINT('',(-138.264945914969,-2.84959101676941,23.));
#7042=CARTESIAN_POINT('Ctrl Pts',(-138.264945914969,-2.84959101676941,24.));
#7043=CARTESIAN_POINT('Ctrl Pts',(-138.318614892198,-2.93968183445763,24.));
#7044=CARTESIAN_POINT('Ctrl Pts',(-138.432551845551,-3.13094080420999,24.));
#7045=CARTESIAN_POINT('Ctrl Pts',(-138.443388529576,-3.35380554039474,24.));
#7046=CARTESIAN_POINT('Ctrl Pts',(-138.449120691046,-3.47169184684754,24.));
#7047=CARTESIAN_POINT('Ctrl Pts',(-137.747210433707,-2.51603031158447,23.));
#7048=CARTESIAN_POINT('Ctrl Pts',(-137.747210433707,-2.51603031158448,24.));
#7049=CARTESIAN_POINT('Ctrl Pts',(-137.851059108937,-2.55100013282169,23.));
#7050=CARTESIAN_POINT('Ctrl Pts',(-137.851059108937,-2.5510001328217,24.));
#7051=CARTESIAN_POINT('Ctrl Pts',(-138.052025409736,-2.61867317340745,23.));
#7052=CARTESIAN_POINT('Ctrl Pts',(-138.052025409736,-2.61867317340745,24.));
#7053=CARTESIAN_POINT('Ctrl Pts',(-138.195575069801,-2.77435652518842,23.));
#7054=CARTESIAN_POINT('Ctrl Pts',(-138.195575069801,-2.77435652518843,24.));
#7055=CARTESIAN_POINT('Ctrl Pts',(-138.264945914969,-2.84959101676941,23.));
#7056=CARTESIAN_POINT('Ctrl Pts',(-138.264945914969,-2.84959101676941,24.));
#7057=CARTESIAN_POINT('',(-137.747210433707,-2.51603031158447,23.));
#7058=CARTESIAN_POINT('Ctrl Pts',(-137.747210433707,-2.51603031158447,23.));
#7059=CARTESIAN_POINT('Ctrl Pts',(-137.851059108937,-2.55100013282169,23.));
#7060=CARTESIAN_POINT('Ctrl Pts',(-138.052025409736,-2.61867317340745,23.));
#7061=CARTESIAN_POINT('Ctrl Pts',(-138.195575069801,-2.77435652518842,23.));
#7062=CARTESIAN_POINT('Ctrl Pts',(-138.264945914969,-2.84959101676941,23.));
#7063=CARTESIAN_POINT('',(-137.747210433707,-2.51603031158448,24.));
#7064=CARTESIAN_POINT('',(-137.747210433707,-2.51603031158447,23.));
#7065=CARTESIAN_POINT('Ctrl Pts',(-137.747210433707,-2.51603031158448,24.));
#7066=CARTESIAN_POINT('Ctrl Pts',(-137.851059108937,-2.5510001328217,24.));
#7067=CARTESIAN_POINT('Ctrl Pts',(-138.052025409736,-2.61867317340745,24.));
#7068=CARTESIAN_POINT('Ctrl Pts',(-138.195575069801,-2.77435652518843,24.));
#7069=CARTESIAN_POINT('Ctrl Pts',(-138.264945914969,-2.84959101676941,24.));
#7070=CARTESIAN_POINT('Origin',(-137.70014362596,-2.8966578245163,23.));
#7071=CARTESIAN_POINT('',(-137.70014362596,-2.8966578245163,23.));
#7072=CARTESIAN_POINT('',(-137.83506588412,-1.80554657178385,23.));
#7073=CARTESIAN_POINT('',(-137.70014362596,-2.8966578245163,24.));
#7074=CARTESIAN_POINT('',(-137.70014362596,-2.8966578245163,23.));
#7075=CARTESIAN_POINT('',(-137.70014362596,-2.8966578245163,24.));
#7076=CARTESIAN_POINT('Ctrl Pts',(-138.039843609557,-3.12380650639534,23.));
#7077=CARTESIAN_POINT('Ctrl Pts',(-138.039843609557,-3.12380650639534,24.));
#7078=CARTESIAN_POINT('Ctrl Pts',(-137.996177296376,-3.07754460328734,23.));
#7079=CARTESIAN_POINT('Ctrl Pts',(-137.996177296376,-3.07754460328735,24.));
#7080=CARTESIAN_POINT('Ctrl Pts',(-137.900543157337,-2.97622583026261,23.));
#7081=CARTESIAN_POINT('Ctrl Pts',(-137.900543157337,-2.97622583026262,24.));
#7082=CARTESIAN_POINT('Ctrl Pts',(-137.770700464115,-2.92467219593313,23.));
#7083=CARTESIAN_POINT('Ctrl Pts',(-137.770700464115,-2.92467219593314,24.));
#7084=CARTESIAN_POINT('Ctrl Pts',(-137.70014362596,-2.8966578245163,23.));
#7085=CARTESIAN_POINT('Ctrl Pts',(-137.70014362596,-2.8966578245163,24.));
#7086=CARTESIAN_POINT('Ctrl Pts',(-138.039843609557,-3.12380650639534,23.));
#7087=CARTESIAN_POINT('Ctrl Pts',(-137.996177296376,-3.07754460328734,23.));
#7088=CARTESIAN_POINT('Ctrl Pts',(-137.900543157337,-2.97622583026261,23.));
#7089=CARTESIAN_POINT('Ctrl Pts',(-137.770700464115,-2.92467219593313,23.));
#7090=CARTESIAN_POINT('Ctrl Pts',(-137.70014362596,-2.8966578245163,23.));
#7091=CARTESIAN_POINT('Ctrl Pts',(-138.039843609557,-3.12380650639534,24.));
#7092=CARTESIAN_POINT('Ctrl Pts',(-137.996177296376,-3.07754460328735,24.));
#7093=CARTESIAN_POINT('Ctrl Pts',(-137.900543157337,-2.97622583026262,24.));
#7094=CARTESIAN_POINT('Ctrl Pts',(-137.770700464115,-2.92467219593314,24.));
#7095=CARTESIAN_POINT('Ctrl Pts',(-137.70014362596,-2.8966578245163,24.));
#7096=CARTESIAN_POINT('Origin',(-137.313377132639,-3.50545719824732,24.));
#7097=CARTESIAN_POINT('Ctrl Pts',(-138.058261146769,0.557639732956886,23.));
#7098=CARTESIAN_POINT('Ctrl Pts',(-138.058261146769,0.557639732956882,24.));
#7099=CARTESIAN_POINT('Ctrl Pts',(-138.065993665108,0.575472049772837,23.));
#7100=CARTESIAN_POINT('Ctrl Pts',(-138.065993665108,0.575472049772833,24.));
#7101=CARTESIAN_POINT('Ctrl Pts',(-138.083488369892,0.615817394539665,23.));
#7102=CARTESIAN_POINT('Ctrl Pts',(-138.083488369892,0.61581739453966,24.));
#7103=CARTESIAN_POINT('Ctrl Pts',(-138.084371433326,0.659911004987946,23.));
#7104=CARTESIAN_POINT('Ctrl Pts',(-138.084371433326,0.659911004987942,24.));
#7105=CARTESIAN_POINT('Ctrl Pts',(-138.084864189848,0.684515595436096,23.));
#7106=CARTESIAN_POINT('Ctrl Pts',(-138.084864189848,0.684515595436092,24.));
#7107=CARTESIAN_POINT('',(-138.058261146769,0.557639732956886,23.));
#7108=CARTESIAN_POINT('',(-138.084864189848,0.684515595436096,23.));
#7109=CARTESIAN_POINT('Ctrl Pts',(-138.058261146769,0.557639732956886,23.));
#7110=CARTESIAN_POINT('Ctrl Pts',(-138.065993665108,0.575472049772837,23.));
#7111=CARTESIAN_POINT('Ctrl Pts',(-138.083488369892,0.615817394539665,23.));
#7112=CARTESIAN_POINT('Ctrl Pts',(-138.084371433326,0.659911004987946,23.));
#7113=CARTESIAN_POINT('Ctrl Pts',(-138.084864189848,0.684515595436096,23.));
#7114=CARTESIAN_POINT('',(-138.058261146769,0.557639732956882,24.));
#7115=CARTESIAN_POINT('',(-138.058261146769,0.557639732956886,23.));
#7116=CARTESIAN_POINT('',(-138.084864189848,0.684515595436092,24.));
#7117=CARTESIAN_POINT('Ctrl Pts',(-138.058261146769,0.557639732956882,24.));
#7118=CARTESIAN_POINT('Ctrl Pts',(-138.065993665108,0.575472049772833,24.));
#7119=CARTESIAN_POINT('Ctrl Pts',(-138.083488369892,0.61581739453966,24.));
#7120=CARTESIAN_POINT('Ctrl Pts',(-138.084371433326,0.659911004987942,24.));
#7121=CARTESIAN_POINT('Ctrl Pts',(-138.084864189848,0.684515595436092,24.));
#7122=CARTESIAN_POINT('',(-138.084864189848,0.684515595436096,23.));
#7123=CARTESIAN_POINT('Ctrl Pts',(-137.986637523398,0.494201838970184,23.));
#7124=CARTESIAN_POINT('Ctrl Pts',(-137.986637523398,0.49420183897018,24.));
#7125=CARTESIAN_POINT('Ctrl Pts',(-138.000902374269,0.502002271444475,23.));
#7126=CARTESIAN_POINT('Ctrl Pts',(-138.000902374269,0.502002271444471,24.));
#7127=CARTESIAN_POINT('Ctrl Pts',(-138.029598894407,0.517694357509941,23.));
#7128=CARTESIAN_POINT('Ctrl Pts',(-138.029598894407,0.517694357509936,24.));
#7129=CARTESIAN_POINT('Ctrl Pts',(-138.04867010777,0.544273105348786,23.));
#7130=CARTESIAN_POINT('Ctrl Pts',(-138.04867010777,0.544273105348781,24.));
#7131=CARTESIAN_POINT('Ctrl Pts',(-138.058261146769,0.557639732956886,23.));
#7132=CARTESIAN_POINT('Ctrl Pts',(-138.058261146769,0.557639732956882,24.));
#7133=CARTESIAN_POINT('',(-137.986637523398,0.494201838970184,23.));
#7134=CARTESIAN_POINT('Ctrl Pts',(-137.986637523398,0.494201838970184,23.));
#7135=CARTESIAN_POINT('Ctrl Pts',(-138.000902374269,0.502002271444475,23.));
#7136=CARTESIAN_POINT('Ctrl Pts',(-138.029598894407,0.517694357509941,23.));
#7137=CARTESIAN_POINT('Ctrl Pts',(-138.04867010777,0.544273105348786,23.));
#7138=CARTESIAN_POINT('Ctrl Pts',(-138.058261146769,0.557639732956886,23.));
#7139=CARTESIAN_POINT('',(-137.986637523398,0.49420183897018,24.));
#7140=CARTESIAN_POINT('',(-137.986637523398,0.494201838970184,23.));
#7141=CARTESIAN_POINT('Ctrl Pts',(-137.986637523398,0.49420183897018,24.));
#7142=CARTESIAN_POINT('Ctrl Pts',(-138.000902374269,0.502002271444471,24.));
#7143=CARTESIAN_POINT('Ctrl Pts',(-138.029598894407,0.517694357509936,24.));
#7144=CARTESIAN_POINT('Ctrl Pts',(-138.04867010777,0.544273105348781,24.));
#7145=CARTESIAN_POINT('Ctrl Pts',(-138.058261146769,0.557639732956882,24.));
#7146=CARTESIAN_POINT('Ctrl Pts',(-137.784045508131,0.475784376263618,23.));
#7147=CARTESIAN_POINT('Ctrl Pts',(-137.784045508131,0.475784376263614,24.));
#7148=CARTESIAN_POINT('Ctrl Pts',(-137.827419443757,0.475263398505231,23.));
#7149=CARTESIAN_POINT('Ctrl Pts',(-137.827419443757,0.475263398505227,24.));
#7150=CARTESIAN_POINT('Ctrl Pts',(-137.895726428796,0.474442942177381,23.));
#7151=CARTESIAN_POINT('Ctrl Pts',(-137.895726428796,0.474442942177377,24.));
#7152=CARTESIAN_POINT('Ctrl Pts',(-137.962327249091,0.488918169214146,23.));
#7153=CARTESIAN_POINT('Ctrl Pts',(-137.962327249091,0.488918169214142,24.));
#7154=CARTESIAN_POINT('Ctrl Pts',(-137.986637523398,0.494201838970184,23.));
#7155=CARTESIAN_POINT('Ctrl Pts',(-137.986637523398,0.49420183897018,24.));
#7156=CARTESIAN_POINT('',(-137.784045508131,0.475784376263618,23.));
#7157=CARTESIAN_POINT('Ctrl Pts',(-137.784045508131,0.475784376263618,23.));
#7158=CARTESIAN_POINT('Ctrl Pts',(-137.827419443757,0.475263398505231,23.));
#7159=CARTESIAN_POINT('Ctrl Pts',(-137.895726428796,0.474442942177381,23.));
#7160=CARTESIAN_POINT('Ctrl Pts',(-137.962327249091,0.488918169214146,23.));
#7161=CARTESIAN_POINT('Ctrl Pts',(-137.986637523398,0.494201838970184,23.));
#7162=CARTESIAN_POINT('',(-137.784045508131,0.475784376263614,24.));
#7163=CARTESIAN_POINT('',(-137.784045508131,0.475784376263618,23.));
#7164=CARTESIAN_POINT('Ctrl Pts',(-137.784045508131,0.475784376263614,24.));
#7165=CARTESIAN_POINT('Ctrl Pts',(-137.827419443757,0.475263398505227,24.));
#7166=CARTESIAN_POINT('Ctrl Pts',(-137.895726428796,0.474442942177377,24.));
#7167=CARTESIAN_POINT('Ctrl Pts',(-137.962327249091,0.488918169214142,24.));
#7168=CARTESIAN_POINT('Ctrl Pts',(-137.986637523398,0.49420183897018,24.));
#7169=CARTESIAN_POINT('Origin',(-136.513240655884,0.475784376263618,23.));
#7170=CARTESIAN_POINT('',(-136.513240655884,0.475784376263618,23.));
#7171=CARTESIAN_POINT('',(-134.352808915685,0.475784376263618,23.));
#7172=CARTESIAN_POINT('',(-136.513240655884,0.475784376263614,24.));
#7173=CARTESIAN_POINT('',(-136.513240655884,0.475784376263618,23.));
#7174=CARTESIAN_POINT('',(-136.513240655884,0.475784376263614,24.));
#7175=CARTESIAN_POINT('Origin',(-136.513240655884,0.846180006861686,23.));
#7176=CARTESIAN_POINT('',(-136.513240655884,0.846180006861686,23.));
#7177=CARTESIAN_POINT('',(-136.513240655884,0.42308995872736,23.));
#7178=CARTESIAN_POINT('',(-136.513240655884,0.846180006861682,24.));
#7179=CARTESIAN_POINT('',(-136.513240655884,0.846180006861686,23.));
#7180=CARTESIAN_POINT('',(-136.513240655884,0.846180006861682,24.));
#7181=CARTESIAN_POINT('Origin',(-136.226746758446,0.846180006861686,23.));
#7182=CARTESIAN_POINT('',(-136.226746758446,0.846180006861686,23.));
#7183=CARTESIAN_POINT('',(-134.209561966966,0.846180006861686,23.));
#7184=CARTESIAN_POINT('',(-136.226746758446,0.846180006861682,24.));
#7185=CARTESIAN_POINT('',(-136.226746758446,0.846180006861686,23.));
#7186=CARTESIAN_POINT('',(-136.226746758446,0.846180006861682,24.));
#7187=CARTESIAN_POINT('Origin',(-136.226746758446,0.475784376263618,23.));
#7188=CARTESIAN_POINT('',(-136.226746758446,0.475784376263618,23.));
#7189=CARTESIAN_POINT('',(-136.226746758446,0.237892143428325,23.));
#7190=CARTESIAN_POINT('',(-136.226746758446,0.475784376263614,24.));
#7191=CARTESIAN_POINT('',(-136.226746758446,0.475784376263618,23.));
#7192=CARTESIAN_POINT('',(-136.226746758446,0.475784376263614,24.));
#7193=CARTESIAN_POINT('Origin',(-135.467538109049,0.475784376263618,23.));
#7194=CARTESIAN_POINT('',(-135.467538109049,0.475784376263618,23.));
#7195=CARTESIAN_POINT('',(-133.829957642268,0.475784376263618,23.));
#7196=CARTESIAN_POINT('',(-135.467538109049,0.475784376263614,24.));
#7197=CARTESIAN_POINT('',(-135.467538109049,0.475784376263618,23.));
#7198=CARTESIAN_POINT('',(-135.467538109049,0.475784376263614,24.));
#7199=CARTESIAN_POINT('Origin',(-135.688547661528,0.109481461346149,23.));
#7200=CARTESIAN_POINT('',(-135.688547661528,0.109481461346149,23.));
#7201=CARTESIAN_POINT('',(-135.246231817797,0.842579108283435,23.));
#7202=CARTESIAN_POINT('',(-135.688547661528,0.109481461346145,24.));
#7203=CARTESIAN_POINT('',(-135.688547661528,0.109481461346149,23.));
#7204=CARTESIAN_POINT('',(-135.688547661528,0.109481461346145,24.));
#7205=CARTESIAN_POINT('Origin',(-136.226746758446,0.109481461346149,23.));
#7206=CARTESIAN_POINT('',(-136.226746758446,0.109481461346149,23.));
#7207=CARTESIAN_POINT('',(-134.209561966966,0.109481461346149,23.));
#7208=CARTESIAN_POINT('',(-136.226746758446,0.109481461346145,24.));
#7209=CARTESIAN_POINT('',(-136.226746758446,0.109481461346149,23.));
#7210=CARTESIAN_POINT('',(-136.226746758446,0.109481461346145,24.));
#7211=CARTESIAN_POINT('Origin',(-136.226746758446,-0.160641312599182,23.));
#7212=CARTESIAN_POINT('',(-136.226746758446,-0.160641312599182,23.));
#7213=CARTESIAN_POINT('',(-136.226746758446,-0.0803207010030749,23.));
#7214=CARTESIAN_POINT('',(-136.226746758446,-0.160641312599187,24.));
#7215=CARTESIAN_POINT('',(-136.226746758446,-0.160641312599182,23.));
#7216=CARTESIAN_POINT('',(-136.226746758446,-0.160641312599187,24.));
#7217=CARTESIAN_POINT('Origin',(-136.513240655884,-0.160641312599182,23.));
#7218=CARTESIAN_POINT('',(-136.513240655884,-0.160641312599182,23.));
#7219=CARTESIAN_POINT('',(-134.352808915685,-0.160641312599182,23.));
#7220=CARTESIAN_POINT('',(-136.513240655884,-0.160641312599187,24.));
#7221=CARTESIAN_POINT('',(-136.513240655884,-0.160641312599182,23.));
#7222=CARTESIAN_POINT('',(-136.513240655884,-0.160641312599187,24.));
#7223=CARTESIAN_POINT('Origin',(-136.513240655884,0.109481461346149,23.));
#7224=CARTESIAN_POINT('',(-136.513240655884,0.109481461346149,23.));
#7225=CARTESIAN_POINT('',(-136.513240655884,0.0547406859695909,23.));
#7226=CARTESIAN_POINT('',(-136.513240655884,0.109481461346145,24.));
#7227=CARTESIAN_POINT('',(-136.513240655884,0.109481461346149,23.));
#7228=CARTESIAN_POINT('',(-136.513240655884,0.109481461346145,24.));
#7229=CARTESIAN_POINT('Origin',(-137.763581743464,0.109481461346149,23.));
#7230=CARTESIAN_POINT('',(-137.763581743464,0.109481461346149,23.));
#7231=CARTESIAN_POINT('',(-134.977979459475,0.109481461346149,23.));
#7232=CARTESIAN_POINT('',(-137.763581743464,0.109481461346145,24.));
#7233=CARTESIAN_POINT('',(-137.763581743464,0.109481461346149,23.));
#7234=CARTESIAN_POINT('',(-137.763581743464,0.109481461346145,24.));
#7235=CARTESIAN_POINT('Ctrl Pts',(-138.19946157001,0.154501929879188,23.));
#7236=CARTESIAN_POINT('Ctrl Pts',(-138.19946157001,0.154501929879184,24.));
#7237=CARTESIAN_POINT('Ctrl Pts',(-138.145953802984,0.141559780848767,23.));
#7238=CARTESIAN_POINT('Ctrl Pts',(-138.145953802984,0.141559780848762,24.));
#7239=CARTESIAN_POINT('Ctrl Pts',(-138.003091810792,0.107005148941619,23.));
#7240=CARTESIAN_POINT('Ctrl Pts',(-138.003091810792,0.107005148941614,24.));
#7241=CARTESIAN_POINT('Ctrl Pts',(-137.85574256121,0.108528603795138,23.));
#7242=CARTESIAN_POINT('Ctrl Pts',(-137.85574256121,0.108528603795133,24.));
#7243=CARTESIAN_POINT('Ctrl Pts',(-137.763581743464,0.109481461346149,23.));
#7244=CARTESIAN_POINT('Ctrl Pts',(-137.763581743464,0.109481461346145,24.));
#7245=CARTESIAN_POINT('',(-138.19946157001,0.154501929879188,23.));
#7246=CARTESIAN_POINT('Ctrl Pts',(-138.19946157001,0.154501929879188,23.));
#7247=CARTESIAN_POINT('Ctrl Pts',(-138.145953802984,0.141559780848767,23.));
#7248=CARTESIAN_POINT('Ctrl Pts',(-138.003091810792,0.107005148941619,23.));
#7249=CARTESIAN_POINT('Ctrl Pts',(-137.85574256121,0.108528603795138,23.));
#7250=CARTESIAN_POINT('Ctrl Pts',(-137.763581743464,0.109481461346149,23.));
#7251=CARTESIAN_POINT('',(-138.19946157001,0.154501929879184,24.));
#7252=CARTESIAN_POINT('',(-138.19946157001,0.154501929879188,23.));
#7253=CARTESIAN_POINT('Ctrl Pts',(-138.19946157001,0.154501929879184,24.));
#7254=CARTESIAN_POINT('Ctrl Pts',(-138.145953802984,0.141559780848762,24.));
#7255=CARTESIAN_POINT('Ctrl Pts',(-138.003091810792,0.107005148941614,24.));
#7256=CARTESIAN_POINT('Ctrl Pts',(-137.85574256121,0.108528603795133,24.));
#7257=CARTESIAN_POINT('Ctrl Pts',(-137.763581743464,0.109481461346145,24.));
#7258=CARTESIAN_POINT('Ctrl Pts',(-138.365218808874,0.310027174651623,23.));
#7259=CARTESIAN_POINT('Ctrl Pts',(-138.365218808874,0.310027174651618,24.));
#7260=CARTESIAN_POINT('Ctrl Pts',(-138.343093660571,0.276211571104162,23.));
#7261=CARTESIAN_POINT('Ctrl Pts',(-138.343093660571,0.276211571104158,24.));
#7262=CARTESIAN_POINT('Ctrl Pts',(-138.3003499446,0.210882989637601,23.));
#7263=CARTESIAN_POINT('Ctrl Pts',(-138.3003499446,0.210882989637597,24.));
#7264=CARTESIAN_POINT('Ctrl Pts',(-138.232291412289,0.172848754346839,23.));
#7265=CARTESIAN_POINT('Ctrl Pts',(-138.232291412289,0.172848754346835,24.));
#7266=CARTESIAN_POINT('Ctrl Pts',(-138.19946157001,0.154501929879188,23.));
#7267=CARTESIAN_POINT('Ctrl Pts',(-138.19946157001,0.154501929879184,24.));
#7268=CARTESIAN_POINT('',(-138.365218808874,0.310027174651623,23.));
#7269=CARTESIAN_POINT('Ctrl Pts',(-138.365218808874,0.310027174651623,23.));
#7270=CARTESIAN_POINT('Ctrl Pts',(-138.343093660571,0.276211571104162,23.));
#7271=CARTESIAN_POINT('Ctrl Pts',(-138.3003499446,0.210882989637601,23.));
#7272=CARTESIAN_POINT('Ctrl Pts',(-138.232291412289,0.172848754346839,23.));
#7273=CARTESIAN_POINT('Ctrl Pts',(-138.19946157001,0.154501929879188,23.));
#7274=CARTESIAN_POINT('',(-138.365218808874,0.310027174651618,24.));
#7275=CARTESIAN_POINT('',(-138.365218808874,0.310027174651623,23.));
#7276=CARTESIAN_POINT('Ctrl Pts',(-138.365218808874,0.310027174651618,24.));
#7277=CARTESIAN_POINT('Ctrl Pts',(-138.343093660571,0.276211571104158,24.));
#7278=CARTESIAN_POINT('Ctrl Pts',(-138.3003499446,0.210882989637597,24.));
#7279=CARTESIAN_POINT('Ctrl Pts',(-138.232291412289,0.172848754346835,24.));
#7280=CARTESIAN_POINT('Ctrl Pts',(-138.19946157001,0.154501929879184,24.));
#7281=CARTESIAN_POINT('Ctrl Pts',(-138.428656628355,0.621077701449394,23.));
#7282=CARTESIAN_POINT('Ctrl Pts',(-138.428656628355,0.62107770144939,24.));
#7283=CARTESIAN_POINT('Ctrl Pts',(-138.427497839935,0.560826063132624,23.));
#7284=CARTESIAN_POINT('Ctrl Pts',(-138.427497839935,0.56082606313262,24.));
#7285=CARTESIAN_POINT('Ctrl Pts',(-138.425423198554,0.452954306809815,23.));
#7286=CARTESIAN_POINT('Ctrl Pts',(-138.425423198554,0.452954306809811,24.));
#7287=CARTESIAN_POINT('Ctrl Pts',(-138.383656686438,0.353799281258579,23.));
#7288=CARTESIAN_POINT('Ctrl Pts',(-138.383656686438,0.353799281258575,24.));
#7289=CARTESIAN_POINT('Ctrl Pts',(-138.365218808874,0.310027174651623,23.));
#7290=CARTESIAN_POINT('Ctrl Pts',(-138.365218808874,0.310027174651618,24.));
#7291=CARTESIAN_POINT('',(-138.428656628355,0.621077701449394,23.));
#7292=CARTESIAN_POINT('Ctrl Pts',(-138.428656628355,0.621077701449394,23.));
#7293=CARTESIAN_POINT('Ctrl Pts',(-138.427497839935,0.560826063132624,23.));
#7294=CARTESIAN_POINT('Ctrl Pts',(-138.425423198554,0.452954306809815,23.));
#7295=CARTESIAN_POINT('Ctrl Pts',(-138.383656686438,0.353799281258579,23.));
#7296=CARTESIAN_POINT('Ctrl Pts',(-138.365218808874,0.310027174651623,23.));
#7297=CARTESIAN_POINT('',(-138.428656628355,0.62107770144939,24.));
#7298=CARTESIAN_POINT('',(-138.428656628355,0.621077701449394,23.));
#7299=CARTESIAN_POINT('Ctrl Pts',(-138.428656628355,0.62107770144939,24.));
#7300=CARTESIAN_POINT('Ctrl Pts',(-138.427497839935,0.56082606313262,24.));
#7301=CARTESIAN_POINT('Ctrl Pts',(-138.425423198554,0.452954306809811,24.));
#7302=CARTESIAN_POINT('Ctrl Pts',(-138.383656686438,0.353799281258575,24.));
#7303=CARTESIAN_POINT('Ctrl Pts',(-138.365218808874,0.310027174651618,24.));
#7304=CARTESIAN_POINT('Ctrl Pts',(-138.395914604887,0.899386018514633,23.));
#7305=CARTESIAN_POINT('Ctrl Pts',(-138.395914604887,0.899386018514629,24.));
#7306=CARTESIAN_POINT('Ctrl Pts',(-138.405452159171,0.850427292512013,23.));
#7307=CARTESIAN_POINT('Ctrl Pts',(-138.405452159171,0.850427292512009,24.));
#7308=CARTESIAN_POINT('Ctrl Pts',(-138.423368506838,0.758458059075731,23.));
#7309=CARTESIAN_POINT('Ctrl Pts',(-138.423368506838,0.758458059075726,24.));
#7310=CARTESIAN_POINT('Ctrl Pts',(-138.426971599266,0.664853151415771,23.));
#7311=CARTESIAN_POINT('Ctrl Pts',(-138.426971599266,0.664853151415767,24.));
#7312=CARTESIAN_POINT('Ctrl Pts',(-138.428656628355,0.621077701449394,23.));
#7313=CARTESIAN_POINT('Ctrl Pts',(-138.428656628355,0.62107770144939,24.));
#7314=CARTESIAN_POINT('',(-138.395914604887,0.899386018514633,23.));
#7315=CARTESIAN_POINT('Ctrl Pts',(-138.395914604887,0.899386018514633,23.));
#7316=CARTESIAN_POINT('Ctrl Pts',(-138.405452159171,0.850427292512013,23.));
#7317=CARTESIAN_POINT('Ctrl Pts',(-138.423368506838,0.758458059075731,23.));
#7318=CARTESIAN_POINT('Ctrl Pts',(-138.426971599266,0.664853151415771,23.));
#7319=CARTESIAN_POINT('Ctrl Pts',(-138.428656628355,0.621077701449394,23.));
#7320=CARTESIAN_POINT('',(-138.395914604887,0.899386018514629,24.));
#7321=CARTESIAN_POINT('',(-138.395914604887,0.899386018514633,23.));
#7322=CARTESIAN_POINT('Ctrl Pts',(-138.395914604887,0.899386018514629,24.));
#7323=CARTESIAN_POINT('Ctrl Pts',(-138.405452159171,0.850427292512009,24.));
#7324=CARTESIAN_POINT('Ctrl Pts',(-138.423368506838,0.758458059075726,24.));
#7325=CARTESIAN_POINT('Ctrl Pts',(-138.426971599266,0.664853151415767,24.));
#7326=CARTESIAN_POINT('Ctrl Pts',(-138.428656628355,0.62107770144939,24.));
#7327=CARTESIAN_POINT('Origin',(-138.070539405569,0.846180006861686,23.));
#7328=CARTESIAN_POINT('',(-138.070539405569,0.846180006861686,23.));
#7329=CARTESIAN_POINT('',(-135.140618237753,0.367073362827878,23.));
#7330=CARTESIAN_POINT('',(-138.070539405569,0.846180006861682,24.));
#7331=CARTESIAN_POINT('',(-138.070539405569,0.846180006861686,23.));
#7332=CARTESIAN_POINT('',(-138.070539405569,0.846180006861682,24.));
#7333=CARTESIAN_POINT('Ctrl Pts',(-138.084864189848,0.684515595436096,23.));
#7334=CARTESIAN_POINT('Ctrl Pts',(-138.084864189848,0.684515595436092,24.));
#7335=CARTESIAN_POINT('Ctrl Pts',(-138.084021860782,0.708249198890471,23.));
#7336=CARTESIAN_POINT('Ctrl Pts',(-138.084021860782,0.708249198890467,24.));
#7337=CARTESIAN_POINT('Ctrl Pts',(-138.082100768536,0.76237821256029,23.));
#7338=CARTESIAN_POINT('Ctrl Pts',(-138.082100768536,0.762378212560286,24.));
#7339=CARTESIAN_POINT('Ctrl Pts',(-138.074696930151,0.81604445789848,23.));
#7340=CARTESIAN_POINT('Ctrl Pts',(-138.074696930151,0.816044457898476,24.));
#7341=CARTESIAN_POINT('Ctrl Pts',(-138.070539405569,0.846180006861686,23.));
#7342=CARTESIAN_POINT('Ctrl Pts',(-138.070539405569,0.846180006861682,24.));
#7343=CARTESIAN_POINT('Ctrl Pts',(-138.084864189848,0.684515595436096,23.));
#7344=CARTESIAN_POINT('Ctrl Pts',(-138.084021860782,0.708249198890471,23.));
#7345=CARTESIAN_POINT('Ctrl Pts',(-138.082100768536,0.76237821256029,23.));
#7346=CARTESIAN_POINT('Ctrl Pts',(-138.074696930151,0.81604445789848,23.));
#7347=CARTESIAN_POINT('Ctrl Pts',(-138.070539405569,0.846180006861686,23.));
#7348=CARTESIAN_POINT('Ctrl Pts',(-138.084864189848,0.684515595436092,24.));
#7349=CARTESIAN_POINT('Ctrl Pts',(-138.084021860782,0.708249198890467,24.));
#7350=CARTESIAN_POINT('Ctrl Pts',(-138.082100768536,0.762378212560286,24.));
#7351=CARTESIAN_POINT('Ctrl Pts',(-138.074696930151,0.816044457898476,24.));
#7352=CARTESIAN_POINT('Ctrl Pts',(-138.070539405569,0.846180006861682,24.));
#7353=CARTESIAN_POINT('Origin',(-136.948097368702,0.369372352957721,24.));
#7354=CARTESIAN_POINT('Origin',(-135.400007238612,4.85709419846535,23.));
#7355=CARTESIAN_POINT('',(-135.400007238612,4.85709419846535,23.));
#7356=CARTESIAN_POINT('',(-138.400007357821,3.68246918916702,23.));
#7357=CARTESIAN_POINT('',(-134.833862341283,5.07876350808656,23.));
#7358=CARTESIAN_POINT('',(-135.400007238612,4.85709419846534,24.));
#7359=CARTESIAN_POINT('',(-135.400007238612,4.85709419846535,23.));
#7360=CARTESIAN_POINT('',(-138.400007357821,3.68246918916702,24.));
#7361=CARTESIAN_POINT('',(-135.400007238612,4.85709419846534,24.));
#7362=CARTESIAN_POINT('',(-138.400007357821,3.68246918916702,23.));
#7363=CARTESIAN_POINT('Origin',(-135.400007238612,4.45190986990929,23.));
#7364=CARTESIAN_POINT('',(-135.400007238612,4.45190986990929,23.));
#7365=CARTESIAN_POINT('',(-135.400007238612,2.22595489025116,23.));
#7366=CARTESIAN_POINT('',(-135.400007238612,4.45190986990928,24.));
#7367=CARTESIAN_POINT('',(-135.400007238612,4.45190986990929,23.));
#7368=CARTESIAN_POINT('',(-135.400007238612,4.45190986990928,24.));
#7369=CARTESIAN_POINT('Origin',(-137.579406967387,3.64154151082039,23.));
#7370=CARTESIAN_POINT('',(-137.579406967387,3.64154151082039,23.));
#7371=CARTESIAN_POINT('',(-135.807844297776,4.30026341237933,23.));
#7372=CARTESIAN_POINT('',(-137.579406967387,3.64154151082038,24.));
#7373=CARTESIAN_POINT('',(-137.579406967387,3.64154151082039,23.));
#7374=CARTESIAN_POINT('',(-137.579406967387,3.64154151082038,24.));
#7375=CARTESIAN_POINT('Ctrl Pts',(-138.070539405569,3.4798771739006,23.));
#7376=CARTESIAN_POINT('Ctrl Pts',(-138.070539405569,3.4798771739006,24.));
#7377=CARTESIAN_POINT('Ctrl Pts',(-137.988409376556,3.50411050423482,23.));
#7378=CARTESIAN_POINT('Ctrl Pts',(-137.988409376556,3.50411050423481,24.));
#7379=CARTESIAN_POINT('Ctrl Pts',(-137.823024084482,3.55290917706345,23.));
#7380=CARTESIAN_POINT('Ctrl Pts',(-137.823024084482,3.55290917706345,24.));
#7381=CARTESIAN_POINT('Ctrl Pts',(-137.660980173169,3.61186369636011,23.));
#7382=CARTESIAN_POINT('Ctrl Pts',(-137.660980173169,3.6118636963601,24.));
#7383=CARTESIAN_POINT('Ctrl Pts',(-137.579406967387,3.64154151082039,23.));
#7384=CARTESIAN_POINT('Ctrl Pts',(-137.579406967387,3.64154151082038,24.));
#7385=CARTESIAN_POINT('',(-138.070539405569,3.4798771739006,23.));
#7386=CARTESIAN_POINT('Ctrl Pts',(-138.070539405569,3.4798771739006,23.));
#7387=CARTESIAN_POINT('Ctrl Pts',(-137.988409376556,3.50411050423482,23.));
#7388=CARTESIAN_POINT('Ctrl Pts',(-137.823024084482,3.55290917706345,23.));
#7389=CARTESIAN_POINT('Ctrl Pts',(-137.660980173169,3.61186369636011,23.));
#7390=CARTESIAN_POINT('Ctrl Pts',(-137.579406967387,3.64154151082039,23.));
#7391=CARTESIAN_POINT('',(-138.070539405569,3.4798771739006,24.));
#7392=CARTESIAN_POINT('',(-138.070539405569,3.4798771739006,23.));
#7393=CARTESIAN_POINT('Ctrl Pts',(-138.070539405569,3.4798771739006,24.));
#7394=CARTESIAN_POINT('Ctrl Pts',(-137.988409376556,3.50411050423481,24.));
#7395=CARTESIAN_POINT('Ctrl Pts',(-137.823024084482,3.55290917706345,24.));
#7396=CARTESIAN_POINT('Ctrl Pts',(-137.660980173169,3.6118636963601,24.));
#7397=CARTESIAN_POINT('Ctrl Pts',(-137.579406967387,3.64154151082038,24.));
#7398=CARTESIAN_POINT('Ctrl Pts',(-137.579406967387,3.32230551540852,23.));
#7399=CARTESIAN_POINT('Ctrl Pts',(-137.579406967387,3.32230551540851,24.));
#7400=CARTESIAN_POINT('Ctrl Pts',(-137.663726788434,3.3519507939195,23.));
#7401=CARTESIAN_POINT('Ctrl Pts',(-137.663726788434,3.3519507939195,24.));
#7402=CARTESIAN_POINT('Ctrl Pts',(-137.825989588978,3.40899937222986,23.));
#7403=CARTESIAN_POINT('Ctrl Pts',(-137.825989588978,3.40899937222986,24.));
#7404=CARTESIAN_POINT('Ctrl Pts',(-137.991186854863,3.45687844738584,23.));
#7405=CARTESIAN_POINT('Ctrl Pts',(-137.991186854863,3.45687844738583,24.));
#7406=CARTESIAN_POINT('Ctrl Pts',(-138.070539405569,3.4798771739006,23.));
#7407=CARTESIAN_POINT('Ctrl Pts',(-138.070539405569,3.4798771739006,24.));
#7408=CARTESIAN_POINT('',(-137.579406967387,3.32230551540852,23.));
#7409=CARTESIAN_POINT('Ctrl Pts',(-137.579406967387,3.32230551540852,23.));
#7410=CARTESIAN_POINT('Ctrl Pts',(-137.663726788434,3.3519507939195,23.));
#7411=CARTESIAN_POINT('Ctrl Pts',(-137.825989588978,3.40899937222986,23.));
#7412=CARTESIAN_POINT('Ctrl Pts',(-137.991186854863,3.45687844738584,23.));
#7413=CARTESIAN_POINT('Ctrl Pts',(-138.070539405569,3.4798771739006,23.));
#7414=CARTESIAN_POINT('',(-137.579406967387,3.32230551540851,24.));
#7415=CARTESIAN_POINT('',(-137.579406967387,3.32230551540852,23.));
#7416=CARTESIAN_POINT('Ctrl Pts',(-137.579406967387,3.32230551540851,24.));
#7417=CARTESIAN_POINT('Ctrl Pts',(-137.663726788434,3.3519507939195,24.));
#7418=CARTESIAN_POINT('Ctrl Pts',(-137.825989588978,3.40899937222986,24.));
#7419=CARTESIAN_POINT('Ctrl Pts',(-137.991186854863,3.45687844738583,24.));
#7420=CARTESIAN_POINT('Ctrl Pts',(-138.070539405569,3.4798771739006,24.));
#7421=CARTESIAN_POINT('Origin',(-135.400007238612,2.54263291507959,23.));
#7422=CARTESIAN_POINT('',(-135.400007238612,2.54263291507959,23.));
#7423=CARTESIAN_POINT('',(-133.574957688027,1.88972784674989,23.));
#7424=CARTESIAN_POINT('',(-135.400007238612,2.54263291507959,24.));
#7425=CARTESIAN_POINT('',(-135.400007238612,2.54263291507959,23.));
#7426=CARTESIAN_POINT('',(-135.400007238612,2.54263291507959,24.));
#7427=CARTESIAN_POINT('Origin',(-135.400007238612,2.11289210617542,23.));
#7428=CARTESIAN_POINT('',(-135.400007238612,2.11289210617542,23.));
#7429=CARTESIAN_POINT('',(-135.400007238612,1.05644600838423,23.));
#7430=CARTESIAN_POINT('',(-135.400007238612,2.11289210617542,24.));
#7431=CARTESIAN_POINT('',(-135.400007238612,2.11289210617542,23.));
#7432=CARTESIAN_POINT('',(-135.400007238612,2.11289210617542,24.));
#7433=CARTESIAN_POINT('Origin',(-138.400007357821,3.27523863315582,23.));
#7434=CARTESIAN_POINT('',(-138.400007357821,3.27523863315582,23.));
#7435=CARTESIAN_POINT('',(-135.149633601965,2.01588513436214,23.));
#7436=CARTESIAN_POINT('',(-138.400007357821,3.27523863315582,24.));
#7437=CARTESIAN_POINT('',(-138.400007357821,3.27523863315582,23.));
#7438=CARTESIAN_POINT('',(-138.400007357821,3.27523863315582,24.));
#7439=CARTESIAN_POINT('Origin',(-138.400007357821,3.68246918916702,23.));
#7440=CARTESIAN_POINT('',(-138.400007357821,1.84123454988003,23.));
#7441=CARTESIAN_POINT('',(-138.400007357821,3.68246918916702,24.));
#7442=CARTESIAN_POINT('Origin',(-136.900007298216,3.48499315232038,24.));
#7443=CARTESIAN_POINT('Origin',(-135.754032006487,-5.73703968524933,23.));
#7444=CARTESIAN_POINT('',(-135.754032006487,-5.73703968524933,23.));
#7445=CARTESIAN_POINT('',(-138.400007357821,-5.73703968524933,23.));
#7446=CARTESIAN_POINT('',(-133.973204590987,-5.73703968524933,23.));
#7447=CARTESIAN_POINT('',(-135.754032006487,-5.73703968524933,24.));
#7448=CARTESIAN_POINT('',(-135.754032006487,-5.73703968524933,23.));
#7449=CARTESIAN_POINT('',(-138.400007357821,-5.73703968524933,24.));
#7450=CARTESIAN_POINT('',(-135.754032006487,-5.73703968524933,24.));
#7451=CARTESIAN_POINT('',(-138.400007357821,-5.73703968524933,23.));
#7452=CARTESIAN_POINT('Origin',(-135.754032006487,-4.74454307556152,23.));
#7453=CARTESIAN_POINT('',(-135.754032006487,-4.74454307556152,23.));
#7454=CARTESIAN_POINT('',(-135.754032006487,-2.37227158248424,23.));
#7455=CARTESIAN_POINT('',(-135.754032006487,-4.74454307556153,24.));
#7456=CARTESIAN_POINT('',(-135.754032006487,-4.74454307556152,23.));
#7457=CARTESIAN_POINT('',(-135.754032006487,-4.74454307556153,24.));
#7458=CARTESIAN_POINT('Origin',(-135.400007238612,-4.74454307556152,23.));
#7459=CARTESIAN_POINT('',(-135.400007238612,-4.74454307556152,23.));
#7460=CARTESIAN_POINT('',(-133.796192207049,-4.74454307556152,23.));
#7461=CARTESIAN_POINT('',(-135.400007238612,-4.74454307556153,24.));
#7462=CARTESIAN_POINT('',(-135.400007238612,-4.74454307556152,23.));
#7463=CARTESIAN_POINT('',(-135.400007238612,-4.74454307556153,24.));
#7464=CARTESIAN_POINT('Origin',(-135.400007238612,-7.12244211323559,23.));
#7465=CARTESIAN_POINT('',(-135.400007238612,-7.12244211323559,23.));
#7466=CARTESIAN_POINT('',(-135.400007238612,-3.56122110132128,23.));
#7467=CARTESIAN_POINT('',(-135.400007238612,-7.1224421132356,24.));
#7468=CARTESIAN_POINT('',(-135.400007238612,-7.12244211323559,23.));
#7469=CARTESIAN_POINT('',(-135.400007238612,-7.1224421132356,24.));
#7470=CARTESIAN_POINT('Origin',(-135.754032006487,-7.12244211323559,23.));
#7471=CARTESIAN_POINT('',(-135.754032006487,-7.12244211323559,23.));
#7472=CARTESIAN_POINT('',(-133.973204590987,-7.12244211323559,23.));
#7473=CARTESIAN_POINT('',(-135.754032006487,-7.1224421132356,24.));
#7474=CARTESIAN_POINT('',(-135.754032006487,-7.12244211323559,23.));
#7475=CARTESIAN_POINT('',(-135.754032006487,-7.1224421132356,24.));
#7476=CARTESIAN_POINT('Origin',(-135.754032006487,-6.13403828442097,23.));
#7477=CARTESIAN_POINT('',(-135.754032006487,-6.13403828442097,23.));
#7478=CARTESIAN_POINT('',(-135.754032006487,-3.06701918691397,23.));
#7479=CARTESIAN_POINT('',(-135.754032006487,-6.13403828442097,24.));
#7480=CARTESIAN_POINT('',(-135.754032006487,-6.13403828442097,23.));
#7481=CARTESIAN_POINT('',(-135.754032006487,-6.13403828442097,24.));
#7482=CARTESIAN_POINT('Origin',(-138.400007357821,-6.13403828442097,23.));
#7483=CARTESIAN_POINT('',(-138.400007357821,-6.13403828442097,23.));
#7484=CARTESIAN_POINT('',(-135.296192266654,-6.13403828442097,23.));
#7485=CARTESIAN_POINT('',(-138.400007357821,-6.13403828442097,24.));
#7486=CARTESIAN_POINT('',(-138.400007357821,-6.13403828442097,23.));
#7487=CARTESIAN_POINT('',(-138.400007357821,-6.13403828442097,24.));
#7488=CARTESIAN_POINT('Origin',(-138.400007357821,-5.73703968524933,23.));
#7489=CARTESIAN_POINT('',(-138.400007357821,-2.86851988732815,23.));
#7490=CARTESIAN_POINT('',(-138.400007357821,-5.73703968524933,24.));
#7491=CARTESIAN_POINT('Origin',(-136.900007298216,-5.93349259439856,24.));
#7492=CARTESIAN_POINT('Origin',(-132.192377175486,-8.94069673851305E-8,
23.));
#7493=CARTESIAN_POINT('Ctrl Pts',(-147.505894817817,-9.19326346214021,23.));
#7494=CARTESIAN_POINT('Ctrl Pts',(-147.405259120817,-6.12409338972608,23.));
#7495=CARTESIAN_POINT('Ctrl Pts',(-147.304630591364,-3.05514191193099,23.));
#7496=CARTESIAN_POINT('Ctrl Pts',(-147.204011604878,0.0135185261011429,
23.));
#7497=CARTESIAN_POINT('Ctrl Pts',(-146.167074003784,-9.14114106293561,24.4579092835904));
#7498=CARTESIAN_POINT('Ctrl Pts',(-146.127751305206,-6.0704310861044,24.4465785222831));
#7499=CARTESIAN_POINT('Ctrl Pts',(-146.087139594095,-2.99994260844022,24.4312287999632));
#7500=CARTESIAN_POINT('Ctrl Pts',(-146.048723113279,0.070304400291027,24.4133495128079));
#7501=CARTESIAN_POINT('Ctrl Pts',(-145.400007238612,-9.07074514075507,26.4269450540093));
#7502=CARTESIAN_POINT('Ctrl Pts',(-145.400681682851,-5.99913790623818,26.3670503780863));
#7503=CARTESIAN_POINT('Ctrl Pts',(-145.399434184288,-2.92775792509825,26.3017753709289));
#7504=CARTESIAN_POINT('Ctrl Pts',(-145.400007238612,0.143360948457543,26.2316615178904));
#7505=CARTESIAN_POINT('Ctrl Pts',(-145.400007238612,-9.00000010505374,28.4057458362229));
#7506=CARTESIAN_POINT('Ctrl Pts',(-145.400007238612,-5.92753026649054,28.2959005246714));
#7507=CARTESIAN_POINT('Ctrl Pts',(-145.400007238612,-2.85527925756466,28.1799428048936));
#7508=CARTESIAN_POINT('Ctrl Pts',(-145.400007238612,0.216680398691782,28.0565169198059));
#7509=CARTESIAN_POINT('',(-147.346686500745,-4.33775575860456,23.));
#7510=CARTESIAN_POINT('',(-147.336339839944,-4.09315221505696,23.0027038410859));
#7511=CARTESIAN_POINT('Ctrl Pts',(-147.336339758741,-4.09314961799823,23.0027038676518));
#7512=CARTESIAN_POINT('Ctrl Pts',(-147.339790712878,-4.17473508156446,23.0017989115273));
#7513=CARTESIAN_POINT('Ctrl Pts',(-147.34323971895,-4.25627028467618,23.0008975225116));
#7514=CARTESIAN_POINT('Ctrl Pts',(-147.346686414003,-4.33775311314077,23.));
#7515=CARTESIAN_POINT('',(-147.397501189834,-5.88749335310627,23.));
#7516=CARTESIAN_POINT('',(-147.397501189834,-5.88749335310627,23.));
#7517=CARTESIAN_POINT('',(-147.406686198139,-6.30474642459861,23.0050846301995));
#7518=CARTESIAN_POINT('Ctrl Pts',(-147.397501131142,-5.88749156311329,23.));
#7519=CARTESIAN_POINT('Ctrl Pts',(-147.40056205474,-6.02653426106606,23.0017018819982));
#7520=CARTESIAN_POINT('Ctrl Pts',(-147.403624084209,-6.16561983322478,23.003396793072));
#7521=CARTESIAN_POINT('Ctrl Pts',(-147.406686859128,-6.30474506346436,23.0050850663675));
#7522=CARTESIAN_POINT('',(-147.421297356238,-7.43123936331012,23.0300359704643));
#7523=CARTESIAN_POINT('Ctrl Pts',(-147.406686198139,-6.30474642459854,23.0050846301977));
#7524=CARTESIAN_POINT('Ctrl Pts',(-147.411553741228,-6.68002488518801,23.0134785608104));
#7525=CARTESIAN_POINT('Ctrl Pts',(-147.416424341881,-7.05553907824145,23.0217954248688));
#7526=CARTESIAN_POINT('Ctrl Pts',(-147.421297356238,-7.43123936330141,23.0300359704641));
#7527=CARTESIAN_POINT('',(-147.422849645851,-8.28458761902994,23.0593005079161));
#7528=CARTESIAN_POINT('Ctrl Pts',(-147.421305190124,-7.43123874861706,23.0300402224889));
#7529=CARTESIAN_POINT('Ctrl Pts',(-147.421824641623,-7.71559647838306,23.0398498962994));
#7530=CARTESIAN_POINT('Ctrl Pts',(-147.422348584832,-8.00005251861693,23.0496049200783));
#7531=CARTESIAN_POINT('Ctrl Pts',(-147.422870785963,-8.284587143161,23.0593111981234));
#7532=CARTESIAN_POINT('',(-147.417999946078,-8.99795131158158,23.0904361483832));
#7533=CARTESIAN_POINT('Ctrl Pts',(-147.422870785962,-8.2845871431629,23.059311198125));
#7534=CARTESIAN_POINT('Ctrl Pts',(-147.421258322968,-8.52231770141547,23.0697276468631));
#7535=CARTESIAN_POINT('Ctrl Pts',(-147.419649654932,-8.76010981026515,23.080106874079));
#7536=CARTESIAN_POINT('Ctrl Pts',(-147.418038636334,-8.99795065504404,23.0904547189139));
#7537=CARTESIAN_POINT('',(-145.400007238612,-9.00000010503379,28.4057458367808));
#7538=CARTESIAN_POINT('Ctrl Pts',(-147.417999946077,-8.99795131156497,23.0904361483827));
#7539=CARTESIAN_POINT('Ctrl Pts',(-146.787651476288,-8.99859127620551,23.8007916992043));
#7540=CARTESIAN_POINT('Ctrl Pts',(-146.288502767197,-8.99909803959036,24.6179701396712));
#7541=CARTESIAN_POINT('Ctrl Pts',(-145.584531033716,-8.99981275064141,26.4289784439192));
#7542=CARTESIAN_POINT('Ctrl Pts',(-145.400007238612,-9.00000008940697,27.4130803399806));
#7543=CARTESIAN_POINT('Ctrl Pts',(-145.400007238612,-9.00000008940697,28.4057458356635));
#7544=CARTESIAN_POINT('',(-145.400007238612,-1.62972285953115,28.1298089082205));
#7545=CARTESIAN_POINT('Ctrl Pts',(-145.400007238612,-9.00000010505374,28.4057458362229));
#7546=CARTESIAN_POINT('Ctrl Pts',(-145.400007238612,-6.54308868735944,28.3179076427462));
#7547=CARTESIAN_POINT('Ctrl Pts',(-145.400007238612,-4.08631719935811,28.2261608954883));
#7548=CARTESIAN_POINT('Ctrl Pts',(-145.400007238612,-1.6297227246221,28.1298123482565));
#7549=CARTESIAN_POINT('',(-146.879104841746,0.030627814637223,23.4258348570299));
#7550=CARTESIAN_POINT('Ctrl Pts',(-146.879104841746,0.0306278146372118,
23.4258348570299));
#7551=CARTESIAN_POINT('Ctrl Pts',(-146.583250659122,-0.170018165273893,
23.8505167775287));
#7552=CARTESIAN_POINT('Ctrl Pts',(-146.20746059896,-0.428150528066285,24.4748100851163));
#7553=CARTESIAN_POINT('Ctrl Pts',(-145.575978396937,-1.03946436422041,26.1860436490305));
#7554=CARTESIAN_POINT('Ctrl Pts',(-145.401593743654,-1.34154530297474,27.1446373052351));
#7555=CARTESIAN_POINT('Ctrl Pts',(-145.400010831103,-1.62713179993296,28.1209462890836));
#7556=CARTESIAN_POINT('Ctrl Pts',(-145.400007238612,-1.62842754451619,28.1253775349337));
#7557=CARTESIAN_POINT('Ctrl Pts',(-145.400007238612,-1.62972285953115,28.1298089082205));
#7558=CARTESIAN_POINT('',(-147.225281576566,-2.5549131258401,23.075521235372));
#7559=CARTESIAN_POINT('Ctrl Pts',(-146.879104841746,0.0306278146334096,
23.4258348570293));
#7560=CARTESIAN_POINT('Ctrl Pts',(-146.995220394498,-0.836621440675351,
23.2971660749346));
#7561=CARTESIAN_POINT('Ctrl Pts',(-147.111521022975,-1.70525299818781,23.1807141877458));
#7562=CARTESIAN_POINT('Ctrl Pts',(-147.225281576554,-2.55491312584599,23.0755212354035));
#7563=CARTESIAN_POINT('',(-147.273785022071,-2.92888322599648,23.0316568301723));
#7564=CARTESIAN_POINT('Ctrl Pts',(-147.225296536127,-2.55491123592284,23.075527671022));
#7565=CARTESIAN_POINT('Ctrl Pts',(-147.241507905037,-2.67996239508885,23.0606805294094));
#7566=CARTESIAN_POINT('Ctrl Pts',(-147.257674251541,-2.80463855294076,23.0460575312719));
#7567=CARTESIAN_POINT('Ctrl Pts',(-147.273786528716,-2.92888126444867,23.0316575177333));
#7568=CARTESIAN_POINT('',(-147.322848447795,-3.81472783393348,23.0078080841744));
#7569=CARTESIAN_POINT('Ctrl Pts',(-147.273786528921,-2.92888126440142,23.0316575174873));
#7570=CARTESIAN_POINT('Ctrl Pts',(-147.290187684401,-3.22506833338358,23.0235636180113));
#7571=CARTESIAN_POINT('Ctrl Pts',(-147.306546219687,-3.52040278628977,23.0156129693556));
#7572=CARTESIAN_POINT('Ctrl Pts',(-147.322848401377,-3.81472533685933,23.0078081533886));
#7573=CARTESIAN_POINT('Ctrl Pts',(-147.322848401377,-3.81472533685931,23.0078081533883));
#7574=CARTESIAN_POINT('Ctrl Pts',(-147.32734907371,-3.90761267912455,23.0060981075321));
#7575=CARTESIAN_POINT('Ctrl Pts',(-147.331846408846,-4.00042206473406,23.004396517662));
#7576=CARTESIAN_POINT('Ctrl Pts',(-147.33633975874,-4.09314961795793,23.0027038676519));
#7577=CARTESIAN_POINT('Origin',(-148.011735910194,0.000920296046035274,
23.));
#7578=CARTESIAN_POINT('',(-147.167520155886,-2.12350193352625,23.));
#7579=CARTESIAN_POINT('',(-146.904644434634,-0.160123487738445,23.));
#7580=CARTESIAN_POINT('',(-147.064120159417,-1.35122321795813,23.));
#7581=CARTESIAN_POINT('',(-148.073857279674,1.47561425581767,23.));
#7582=CARTESIAN_POINT('Ctrl Pts',(-146.904670008682,-0.160088515149473,
22.9999961973945));
#7583=CARTESIAN_POINT('Ctrl Pts',(-146.951562794218,-0.0944843425973459,
23.));
#7584=CARTESIAN_POINT('Ctrl Pts',(-147.268946385483,0.349537737403175,23.));
#7585=CARTESIAN_POINT('Ctrl Pts',(-147.810967985354,1.10783011547065,23.));
#7586=CARTESIAN_POINT('Ctrl Pts',(-148.073857279674,1.47561425581768,23.));
#7587=CARTESIAN_POINT('',(-147.949646700336,1.29148146658152,23.));
#7588=CARTESIAN_POINT('',(-147.949646700336,1.29148146658152,23.));
#7589=CARTESIAN_POINT('',(-147.863951041264,1.16245751407866,23.));
#7590=CARTESIAN_POINT('',(-147.863951041264,1.16245751407866,23.));
#7591=CARTESIAN_POINT('',(-147.782736185913,1.01265662206232,23.));
#7592=CARTESIAN_POINT('',(-147.782736185913,1.01265662206232,23.));
#7593=CARTESIAN_POINT('',(-147.633704316189,0.736171620111629,23.));
#7594=CARTESIAN_POINT('',(-147.633704316189,0.736171620111629,23.));
#7595=CARTESIAN_POINT('',(-147.443302223918,0.285188396449841,23.));
#7596=CARTESIAN_POINT('',(-147.443302223918,0.285188396449841,23.));
#7597=CARTESIAN_POINT('',(-147.297281890506,-0.184318221855917,23.));
#7598=CARTESIAN_POINT('',(-147.297281890506,-0.184318221855917,23.));
#7599=CARTESIAN_POINT('',(-147.197233628178,-0.665173037471363,23.));
#7600=CARTESIAN_POINT('',(-147.197233628178,-0.665173037471363,23.));
#7601=CARTESIAN_POINT('',(-147.142381136936,-1.14931102126039,23.));
#7602=CARTESIAN_POINT('',(-147.142381136936,-1.14931102126039,23.));
#7603=CARTESIAN_POINT('',(-147.131898617187,-1.62863889635778,23.));
#7604=CARTESIAN_POINT('',(-147.131898617187,-1.62863889635778,23.));
#7605=CARTESIAN_POINT('',(-147.143741290656,-1.84383184293959,23.));
#7606=CARTESIAN_POINT('',(-147.143741290656,-1.84383184293959,23.));
#7607=CARTESIAN_POINT('',(-147.164894637906,-2.09508430497773,23.));
#7608=CARTESIAN_POINT('',(-147.164894637906,-2.09508430497773,23.));
#7609=CARTESIAN_POINT('',(-147.167520155886,-2.12350193352625,23.));
#7610=CARTESIAN_POINT('Ctrl Pts',(-146.904645480372,-0.160122830865214,
22.9999961954041));
#7611=CARTESIAN_POINT('Ctrl Pts',(-146.951500770354,-0.0945711144594054,
23.));
#7612=CARTESIAN_POINT('Ctrl Pts',(-147.366373109373,0.485838471845372,23.));
#7613=CARTESIAN_POINT('Ctrl Pts',(-148.165132385685,1.60330882963583,23.));
#7614=CARTESIAN_POINT('Ctrl Pts',(-148.653962143139,2.28718541192948,23.));
#7615=CARTESIAN_POINT('Ctrl Pts',(-146.350131672184,-0.926844549751995,
23.0832837269354));
#7616=CARTESIAN_POINT('Ctrl Pts',(-146.380288552219,-0.851853809163533,
23.2333774852876));
#7617=CARTESIAN_POINT('Ctrl Pts',(-146.647445968905,-0.187603377757437,
23.5540878483019));
#7618=CARTESIAN_POINT('Ctrl Pts',(-147.175360176718,1.07688526105176,23.6917136578967));
#7619=CARTESIAN_POINT('Ctrl Pts',(-147.506150873136,1.84160393572646,23.7190065687606));
#7620=CARTESIAN_POINT('Ctrl Pts',(-145.623144622289,-2.44203220436024,23.2478683211697));
#7621=CARTESIAN_POINT('Ctrl Pts',(-145.630373786258,-2.3549623124391,23.6954849313862));
#7622=CARTESIAN_POINT('Ctrl Pts',(-145.693948161879,-1.58329695345637,24.6698364854727));
#7623=CARTESIAN_POINT('Ctrl Pts',(-145.822820481739,-0.114377675504049,
25.2340796318979));
#7624=CARTESIAN_POINT('Ctrl Pts',(-145.906171848974,0.772808166113764,25.4436545176911));
#7625=CARTESIAN_POINT('Ctrl Pts',(-145.400007238612,-4.09471141407125,23.4273876937717));
#7626=CARTESIAN_POINT('Ctrl Pts',(-145.400001130575,-3.99926218268795,24.1999585727979));
#7627=CARTESIAN_POINT('Ctrl Pts',(-145.400100806504,-3.15389632370891,25.9031287359183));
#7628=CARTESIAN_POINT('Ctrl Pts',(-145.400208732598,-1.53135571100694,27.0539241099656));
#7629=CARTESIAN_POINT('Ctrl Pts',(-145.400007238612,-0.541942594414194,
27.5651844366589));
#7630=CARTESIAN_POINT('Ctrl Pts',(-145.400007238612,-4.80295920729135,23.5043198647209));
#7631=CARTESIAN_POINT('Ctrl Pts',(-145.400007238612,-4.70391428313711,24.4161406036445));
#7632=CARTESIAN_POINT('Ctrl Pts',(-145.400007238612,-3.8269571177691,26.4316880058526));
#7633=CARTESIAN_POINT('Ctrl Pts',(-145.400007238612,-2.13853973033551,27.8338124536998));
#7634=CARTESIAN_POINT('Ctrl Pts',(-145.400007238612,-1.10525137118251,28.4741600839148));
#7635=CARTESIAN_POINT('Ctrl Pts',(-146.904644434634,-0.160123487738436,
23.));
#7636=CARTESIAN_POINT('Ctrl Pts',(-146.90462009273,-0.159941681786172,23.0019872401249));
#7637=CARTESIAN_POINT('Ctrl Pts',(-146.904547128344,-0.15939672197886,23.0064406844329));
#7638=CARTESIAN_POINT('Ctrl Pts',(-146.903879907565,-0.154413352307736,
23.0323421361375));
#7639=CARTESIAN_POINT('Ctrl Pts',(-146.902828128442,-0.146557775347737,
23.0624348009191));
#7640=CARTESIAN_POINT('Ctrl Pts',(-146.896896626263,-0.102256295267947,
23.1836973712477));
#7641=CARTESIAN_POINT('Ctrl Pts',(-146.890083468458,-0.0513698645303466,
23.2919017848818));
#7642=CARTESIAN_POINT('Ctrl Pts',(-146.879104841746,0.0306278146372256,
23.4258348570299));
#7643=CARTESIAN_POINT('',(-145.400007238612,-1.10525137118251,28.4741600839148));
#7644=CARTESIAN_POINT('Ctrl Pts',(-145.400007238612,-1.62999674576636,28.1302025456296));
#7645=CARTESIAN_POINT('Ctrl Pts',(-145.400007238612,-1.45775824436482,28.249722012625));
#7646=CARTESIAN_POINT('Ctrl Pts',(-145.400007238612,-1.2825124525855,28.36430816078));
#7647=CARTESIAN_POINT('Ctrl Pts',(-145.400007238612,-1.10525137118251,28.4741600839148));
#7648=CARTESIAN_POINT('',(-148.653962143139,2.28718541192949,23.));
#7649=CARTESIAN_POINT('Origin',(-153.400007238612,-1.10525137118251,28.4741600839148));
#7650=CARTESIAN_POINT('',(-148.478235870466,2.0413430078164,23.));
#7651=CARTESIAN_POINT('',(-148.478235870466,2.0413430078164,23.));
#7652=CARTESIAN_POINT('',(-148.303901867941,1.79990904661308,23.0018000654055));
#7653=CARTESIAN_POINT('Ctrl Pts',(-148.478235870467,2.04134300781729,23.));
#7654=CARTESIAN_POINT('Ctrl Pts',(-148.428500506794,1.97246484469592,23.0004718046063));
#7655=CARTESIAN_POINT('Ctrl Pts',(-148.369310743872,1.89049334907384,23.0010655005427));
#7656=CARTESIAN_POINT('Ctrl Pts',(-148.303901867941,1.79990904661308,23.0018000654055));
#7657=CARTESIAN_POINT('',(-148.129404478716,1.55795877617653,23.0037138274894));
#7658=CARTESIAN_POINT('Ctrl Pts',(-148.303901867941,1.79990904661308,23.0018000654055));
#7659=CARTESIAN_POINT('Ctrl Pts',(-148.243302599093,1.71588481218378,23.002406983437));
#7660=CARTESIAN_POINT('Ctrl Pts',(-148.185163688592,1.63527200053912,23.0030442873567));
#7661=CARTESIAN_POINT('Ctrl Pts',(-148.129404479135,1.55795877587426,23.0037138274896));
#7662=CARTESIAN_POINT('Ctrl Pts',(-148.127957398761,1.55592324456885,23.0037156010831));
#7663=CARTESIAN_POINT('Ctrl Pts',(-148.109163837963,1.52804259293749,23.0024794475335));
#7664=CARTESIAN_POINT('Ctrl Pts',(-148.09063045734,1.50059483719212,23.0012581339841));
#7665=CARTESIAN_POINT('Ctrl Pts',(-148.072444151569,1.47363727875328,23.));
#7666=CARTESIAN_POINT('Origin',(-145.400007238612,8.99999991059303,23.));
#7667=CARTESIAN_POINT('',(-145.400007238612,-9.00000008940697,29.));
#7668=CARTESIAN_POINT('',(-145.400007238612,-9.00000008940697,23.));
#7669=CARTESIAN_POINT('',(-145.400007238612,-0.1153146008137,28.9999999984519));
#7670=CARTESIAN_POINT('',(-145.400007238612,-9.00000008940697,29.));
#7671=CARTESIAN_POINT('',(-145.400007238612,-0.763086713655141,28.6719393430835));
#7672=CARTESIAN_POINT('Ctrl Pts',(-145.400007238612,-0.763086713655141,
28.6719393430835));
#7673=CARTESIAN_POINT('Ctrl Pts',(-145.400007238612,-0.550056162944788,
28.78650353558));
#7674=CARTESIAN_POINT('Ctrl Pts',(-145.400007238612,-0.334056089155689,
28.8958779571378));
#7675=CARTESIAN_POINT('Ctrl Pts',(-145.400007238612,-0.115455178036169,
29.0002948426212));
#7676=CARTESIAN_POINT('Origin',(-145.400007238612,2.28718541192949,23.));
#7677=CARTESIAN_POINT('Ctrl Pts',(-148.653962143139,2.28718541192949,23.));
#7678=CARTESIAN_POINT('Ctrl Pts',(-148.653962143139,2.28718541192949,23.));
#7679=CARTESIAN_POINT('Ctrl Pts',(-148.653962143139,2.28718541192949,23.));
#7680=CARTESIAN_POINT('Ctrl Pts',(-145.400007238612,1.02399688281395,25.0383272162849));
#7681=CARTESIAN_POINT('Ctrl Pts',(-145.400007238612,1.08656976209399,25.0771047701089));
#7682=CARTESIAN_POINT('Ctrl Pts',(-145.400007238612,1.15140337498765,25.1119711800347));
#7683=CARTESIAN_POINT('Ctrl Pts',(-145.400007238612,-1.10525137118251,28.4741600839148));
#7684=CARTESIAN_POINT('Ctrl Pts',(-145.400007238612,-0.937204771326628,
28.5783016248798));
#7685=CARTESIAN_POINT('Ctrl Pts',(-145.400007238612,-0.763086713655144,
28.6719393430835));
#7686=CARTESIAN_POINT('Origin',(-153.400007238612,-0.763086713655141,28.6719393430835));
#7687=CARTESIAN_POINT('Ctrl Pts',(-148.653962143139,2.28718541192949,23.));
#7688=CARTESIAN_POINT('Ctrl Pts',(-149.228201774299,3.18066870551365,23.));
#7689=CARTESIAN_POINT('Ctrl Pts',(-150.678787207315,5.43769483186601,23.));
#7690=CARTESIAN_POINT('Ctrl Pts',(-152.197604552059,7.80088582373851,23.));
#7691=CARTESIAN_POINT('Ctrl Pts',(-153.070480719532,9.15903010825779,23.));
#7692=CARTESIAN_POINT('Ctrl Pts',(-148.080056508137,2.08686557644944,23.372491997199));
#7693=CARTESIAN_POINT('Ctrl Pts',(-148.56182371412,3.02291428631246,23.3829728673898));
#7694=CARTESIAN_POINT('Ctrl Pts',(-149.791585997749,5.37500311986677,23.3376075072657));
#7695=CARTESIAN_POINT('Ctrl Pts',(-151.121699274055,7.79303616780935,23.1719379778637));
#7696=CARTESIAN_POINT('Ctrl Pts',(-151.906064958735,9.15775820800323,23.0479871221907));
#7697=CARTESIAN_POINT('Ctrl Pts',(-147.046777995187,1.61306776542661,24.2535125535181));
#7698=CARTESIAN_POINT('Ctrl Pts',(-147.351964245985,2.62902665564402,24.3274658105153));
#7699=CARTESIAN_POINT('Ctrl Pts',(-148.144955931015,5.16879503312592,24.3100570488032));
#7700=CARTESIAN_POINT('Ctrl Pts',(-149.049212600611,7.7290567775036,23.9548357885837));
#7701=CARTESIAN_POINT('Ctrl Pts',(-149.604271731217,9.14147181543485,23.6624512733093));
#7702=CARTESIAN_POINT('Ctrl Pts',(-145.76275516873,0.58716899417137,26.1611573022922));
#7703=CARTESIAN_POINT('Ctrl Pts',(-145.83289131517,1.72614213470974,26.46555925399));
#7704=CARTESIAN_POINT('Ctrl Pts',(-146.01901084919,4.57852695756753,26.8430421308975));
#7705=CARTESIAN_POINT('Ctrl Pts',(-146.245672684567,7.46971087029425,26.6271496172811));
#7706=CARTESIAN_POINT('Ctrl Pts',(-146.392579840589,9.07050448479328,26.3399552323186));
#7707=CARTESIAN_POINT('Ctrl Pts',(-145.400007238612,-0.256593838555085,
27.7301227618102));
#7708=CARTESIAN_POINT('Ctrl Pts',(-145.399608457698,0.959675909615631,28.268416408169));
#7709=CARTESIAN_POINT('Ctrl Pts',(-145.400392909808,4.0228050423909,29.134052694648));
#7710=CARTESIAN_POINT('Ctrl Pts',(-145.402094418741,7.19413168090226,29.3207653554302));
#7711=CARTESIAN_POINT('Ctrl Pts',(-145.400007238612,8.99356155625564,29.2429106332736));
#7712=CARTESIAN_POINT('Ctrl Pts',(-145.400007238612,-0.763086713655141,
28.6719393430835));
#7713=CARTESIAN_POINT('Ctrl Pts',(-145.400007238612,0.499459053017949,29.3509148973715));
#7714=CARTESIAN_POINT('Ctrl Pts',(-145.400007238612,3.68877305761524,30.5098519465123));
#7715=CARTESIAN_POINT('Ctrl Pts',(-145.400007238612,7.02810441843357,30.9395373195262));
#7716=CARTESIAN_POINT('Ctrl Pts',(-145.400007238612,8.94724418217201,30.9904041821885));
#7717=CARTESIAN_POINT('',(-148.677468777638,2.323760360912,23.));
#7718=CARTESIAN_POINT('',(-148.776111478439,2.48685302152065,23.0049054744269));
#7719=CARTESIAN_POINT('Ctrl Pts',(-148.776096655657,2.4868300509348,23.0049053898748));
#7720=CARTESIAN_POINT('Ctrl Pts',(-148.742952692714,2.43199548014931,23.0033082915735));
#7721=CARTESIAN_POINT('Ctrl Pts',(-148.710043648867,2.3776188588513,23.0016901536472));
#7722=CARTESIAN_POINT('Ctrl Pts',(-148.67746816432,2.32375940662519,23.));
#7723=CARTESIAN_POINT('',(-148.653962143139,2.28718541192949,23.));
#7724=CARTESIAN_POINT('',(-145.651748852068,8.99999991059303,29.));
#7725=CARTESIAN_POINT('Ctrl Pts',(-145.400007238612,-0.115314594320411,
29.));
#7726=CARTESIAN_POINT('Ctrl Pts',(-145.400007238612,0.85755407423032,29.));
#7727=CARTESIAN_POINT('Ctrl Pts',(-145.434800173129,1.92021804518054,29.));
#7728=CARTESIAN_POINT('Ctrl Pts',(-145.521879312358,4.22041321354188,29.));
#7729=CARTESIAN_POINT('Ctrl Pts',(-145.597060949254,5.88306597918767,29.));
#7730=CARTESIAN_POINT('Ctrl Pts',(-145.642028864849,8.05275312246606,29.));
#7731=CARTESIAN_POINT('Ctrl Pts',(-145.648589437227,8.53597518254372,29.));
#7732=CARTESIAN_POINT('Ctrl Pts',(-145.651748852068,8.99999991059303,29.));
#7733=CARTESIAN_POINT('',(-148.244951646614,8.99999991318032,24.8717409075804));
#7734=CARTESIAN_POINT('Ctrl Pts',(-145.651748852068,8.99999991059303,28.9999999999991));
#7735=CARTESIAN_POINT('Ctrl Pts',(-145.742373997662,8.99999991059303,28.6472138419598));
#7736=CARTESIAN_POINT('Ctrl Pts',(-145.857162314495,8.9999999105918,28.3002745234478));
#7737=CARTESIAN_POINT('Ctrl Pts',(-146.388836475292,8.9999999105918,27.0001129688079));
#7738=CARTESIAN_POINT('Ctrl Pts',(-146.965509150138,8.99999991057652,26.124181273789));
#7739=CARTESIAN_POINT('Ctrl Pts',(-147.869445575408,8.99999991057652,25.2036925969993));
#7740=CARTESIAN_POINT('Ctrl Pts',(-148.053522453616,8.99999991059303,25.033130703174));
#7741=CARTESIAN_POINT('Ctrl Pts',(-148.244951646535,8.99999991059303,24.8717409074835));
#7742=CARTESIAN_POINT('',(-148.28626644738,8.79006255787874,24.8294388114796));
#7743=CARTESIAN_POINT('Ctrl Pts',(-148.244951647087,8.99999991336701,24.8717409071061));
#7744=CARTESIAN_POINT('Ctrl Pts',(-148.258790186765,8.92968064755173,24.8578464152831));
#7745=CARTESIAN_POINT('Ctrl Pts',(-148.272562108262,8.85969989589866,24.8437442436015));
#7746=CARTESIAN_POINT('Ctrl Pts',(-148.28626644738,8.79006255787873,24.8294388114796));
#7747=CARTESIAN_POINT('',(-148.469345754109,7.80056295272065,24.6163231912644));
#7748=CARTESIAN_POINT('Ctrl Pts',(-148.28626644738,8.79006255787874,24.8294388114796));
#7749=CARTESIAN_POINT('Ctrl Pts',(-148.348754342294,8.45233052005964,24.7633673729688));
#7750=CARTESIAN_POINT('Ctrl Pts',(-148.40982023507,8.12228406166273,24.6921561009325));
#7751=CARTESIAN_POINT('Ctrl Pts',(-148.469345754109,7.80056295272065,24.6163231912644));
#7752=CARTESIAN_POINT('',(-148.561993133129,7.27452311962138,24.489924504128));
#7753=CARTESIAN_POINT('Ctrl Pts',(-148.469345754109,7.80056295272065,24.6163231912644));
#7754=CARTESIAN_POINT('Ctrl Pts',(-148.500671189837,7.62270118095112,24.5756433100869));
#7755=CARTESIAN_POINT('Ctrl Pts',(-148.531560585432,7.44731518865214,24.5334807491328));
#7756=CARTESIAN_POINT('Ctrl Pts',(-148.561993133129,7.27452311962138,24.4899245041281));
#7757=CARTESIAN_POINT('',(-148.804700218682,5.80282040863492,24.0778012190958));
#7758=CARTESIAN_POINT('Ctrl Pts',(-148.561993133129,7.27452311962139,24.489924504128));
#7759=CARTESIAN_POINT('Ctrl Pts',(-148.646800074057,6.76027935706638,24.3647035196144));
#7760=CARTESIAN_POINT('Ctrl Pts',(-148.727880275244,6.2686334225305,24.2265099631429));
#7761=CARTESIAN_POINT('Ctrl Pts',(-148.804700218682,5.80282040863433,24.0778012190956));
#7762=CARTESIAN_POINT('',(-148.807034811299,5.78781268707278,24.0731040251173));
#7763=CARTESIAN_POINT('Ctrl Pts',(-148.806125197564,5.80305845459259,24.0786293373868));
#7764=CARTESIAN_POINT('Ctrl Pts',(-148.806878090454,5.79803405895072,24.077075973985));
#7765=CARTESIAN_POINT('Ctrl Pts',(-148.807670238418,5.79303158390033,24.0754967324552));
#7766=CARTESIAN_POINT('Ctrl Pts',(-148.808442312977,5.78802219568096,24.0739282714296));
#7767=CARTESIAN_POINT('',(-149.088591675865,3.84451999727871,23.350776212232));
#7768=CARTESIAN_POINT('Ctrl Pts',(-148.807034811299,5.78781268707243,24.0731040251172));
#7769=CARTESIAN_POINT('Ctrl Pts',(-148.909956485252,5.07745196856399,23.8558848445575));
#7770=CARTESIAN_POINT('Ctrl Pts',(-149.004396277628,4.42563281141843,23.6119510770989));
#7771=CARTESIAN_POINT('Ctrl Pts',(-149.088591675863,3.8445199972925,23.3507762122382));
#7772=CARTESIAN_POINT('',(-149.091573203202,3.79984442022601,23.3329672884706));
#7773=CARTESIAN_POINT('Ctrl Pts',(-149.088591675863,3.84451999729884,23.35077621224));
#7774=CARTESIAN_POINT('Ctrl Pts',(-149.089588482331,3.82958372501347,23.3448547784949));
#7775=CARTESIAN_POINT('Ctrl Pts',(-149.090582336741,3.81469168671995,23.3389183719924));
#7776=CARTESIAN_POINT('Ctrl Pts',(-149.091573203201,3.79984442023881,23.3329672884758));
#7777=CARTESIAN_POINT('',(-149.082976309243,3.5239280214793,23.2369530722899));
#7778=CARTESIAN_POINT('Ctrl Pts',(-149.091573203201,3.79984442020264,23.3329672884628));
#7779=CARTESIAN_POINT('Ctrl Pts',(-149.088654541075,3.70617029355415,23.3016415449342));
#7780=CARTESIAN_POINT('Ctrl Pts',(-149.085788332252,3.6141796496507,23.2696237434628));
#7781=CARTESIAN_POINT('Ctrl Pts',(-149.082976306977,3.52392802055357,23.2369530750515));
#7782=CARTESIAN_POINT('',(-149.047258213838,3.25147799048585,23.1533140169741));
#7783=CARTESIAN_POINT('Ctrl Pts',(-149.082976311452,3.52392802120715,23.2369530722305));
#7784=CARTESIAN_POINT('Ctrl Pts',(-149.070998181558,3.43256140104848,23.210147045968));
#7785=CARTESIAN_POINT('Ctrl Pts',(-149.059084847316,3.34168902829832,23.1822777214569));
#7786=CARTESIAN_POINT('Ctrl Pts',(-149.047258213838,3.25147799048579,23.1533140169741));
#7787=CARTESIAN_POINT('',(-148.988568679399,3.00536081867288,23.0899525461207));
#7788=CARTESIAN_POINT('Ctrl Pts',(-149.047258213839,3.25147799048933,23.153314016975));
#7789=CARTESIAN_POINT('Ctrl Pts',(-149.02735041053,3.16799372996336,23.1327987499712));
#7790=CARTESIAN_POINT('Ctrl Pts',(-149.007783182181,3.08593768570952,23.1116729678927));
#7791=CARTESIAN_POINT('Ctrl Pts',(-148.988568681085,3.00536081891435,23.0899525437333));
#7792=CARTESIAN_POINT('',(-148.972285979888,2.95336271788149,23.0786229648453));
#7793=CARTESIAN_POINT('Ctrl Pts',(-148.98856867789,3.005360819141,23.0899525461424));
#7794=CARTESIAN_POINT('Ctrl Pts',(-148.983120613729,2.98796265872154,23.0862016169155));
#7795=CARTESIAN_POINT('Ctrl Pts',(-148.977692988436,2.97062976895166,23.0824250555797));
#7796=CARTESIAN_POINT('Ctrl Pts',(-148.972285979888,2.95336271788155,23.0786229648454));
#7797=CARTESIAN_POINT('',(-148.901004490126,2.75151614090128,23.0383660013518));
#7798=CARTESIAN_POINT('Ctrl Pts',(-148.972285979888,2.95336271788168,23.0786229648454));
#7799=CARTESIAN_POINT('Ctrl Pts',(-148.948167637039,2.8850672183173,23.065574463916));
#7800=CARTESIAN_POINT('Ctrl Pts',(-148.924403110373,2.81777361399538,23.0521540930487));
#7801=CARTESIAN_POINT('Ctrl Pts',(-148.90100449022,2.75151614089914,23.0383660012019));
#7802=CARTESIAN_POINT('',(-148.888049792001,2.72002416232642,23.0331559042837));
#7803=CARTESIAN_POINT('Ctrl Pts',(-148.900953063903,2.75143077115747,23.0383668907897));
#7804=CARTESIAN_POINT('Ctrl Pts',(-148.896642342752,2.74091648029068,23.0366282681887));
#7805=CARTESIAN_POINT('Ctrl Pts',(-148.892311846411,2.73041531246692,23.0348986090697));
#7806=CARTESIAN_POINT('Ctrl Pts',(-148.888002146481,2.71994628287034,23.0331564173272));
#7807=CARTESIAN_POINT('',(-148.790501696606,2.5138475282701,23.0072075961567));
#7808=CARTESIAN_POINT('Ctrl Pts',(-148.888049791945,2.72002416235287,23.033155904284));
#7809=CARTESIAN_POINT('Ctrl Pts',(-148.855010084201,2.65019178203023,23.0247863561302));
#7810=CARTESIAN_POINT('Ctrl Pts',(-148.822487037076,2.58145141018127,23.0161365703499));
#7811=CARTESIAN_POINT('Ctrl Pts',(-148.79050169609,2.51384752839948,23.0072075971143));
#7812=CARTESIAN_POINT('Ctrl Pts',(-148.790483266532,2.51381892665944,23.0072074815654));
#7813=CARTESIAN_POINT('Ctrl Pts',(-148.785681265122,2.50480433461184,23.0064410653588));
#7814=CARTESIAN_POINT('Ctrl Pts',(-148.780883315129,2.49580701252201,23.0056750834528));
#7815=CARTESIAN_POINT('Ctrl Pts',(-148.776096655662,2.48683005094315,23.0049053898755));
#7816=CARTESIAN_POINT('Origin',(-136.400007238612,7.99999991059303,23.));
#7817=CARTESIAN_POINT('',(-136.400007238612,8.99999991059303,29.));
#7818=CARTESIAN_POINT('',(-135.400007238612,8.00000008940697,29.));
#7819=CARTESIAN_POINT('Origin',(-136.400007238612,7.99999991059303,29.));
#7820=CARTESIAN_POINT('',(-135.400007238612,8.00000008940697,23.));
#7821=CARTESIAN_POINT('',(-135.400007238612,8.00000008940697,23.));
#7822=CARTESIAN_POINT('',(-136.400007238612,8.99999991059303,23.));
#7823=CARTESIAN_POINT('Origin',(-136.400007238612,7.99999991059303,23.));
#7824=CARTESIAN_POINT('',(-136.400007238612,8.99999991059303,23.));
#7825=CARTESIAN_POINT('Origin',(-135.400007238612,8.99999991059303,23.));
#7826=CARTESIAN_POINT('',(-144.244951647632,8.99999991059303,23.));
#7827=CARTESIAN_POINT('',(-145.400007238612,8.99999991059303,23.));
#7828=CARTESIAN_POINT('',(-148.044951647633,8.99999991059303,13.));
#7829=CARTESIAN_POINT('',(-148.044951647633,8.99999991059303,13.));
#7830=CARTESIAN_POINT('',(-148.244951647632,8.99999991059303,13.));
#7831=CARTESIAN_POINT('',(-145.400007238612,8.99999991059303,13.));
#7832=CARTESIAN_POINT('',(-148.244951647632,8.99999991059303,23.));
#7833=CARTESIAN_POINT('',(-145.400007238612,8.99999991059303,29.));
#7834=CARTESIAN_POINT('Origin',(-132.192377175486,-8.94069673851305E-8,
23.));
#7835=CARTESIAN_POINT('Origin',(-133.400007238612,8.00000008940697,23.));
#7836=CARTESIAN_POINT('',(-129.342218310724,0.509830238891366,23.));
#7837=CARTESIAN_POINT('',(-118.994655102023,0.509830238891366,23.));
#7838=CARTESIAN_POINT('',(-129.342218310714,-0.509830238833502,23.));
#7839=CARTESIAN_POINT('Origin',(-132.400007238612,-8.74372194751805E-31,
23.));
#7840=CARTESIAN_POINT('',(-129.342218310714,-0.509830238833502,23.));
#7841=CARTESIAN_POINT('',(-135.400007238612,-8.00000008940697,23.));
#7842=CARTESIAN_POINT('Origin',(-133.400007238612,-8.00000008940697,23.));
#7843=CARTESIAN_POINT('',(-136.400007238612,-9.00000008940697,23.));
#7844=CARTESIAN_POINT('Origin',(-136.400007238612,-8.00000008940697,23.));
#7845=CARTESIAN_POINT('',(-143.417927127916,-9.00000008940697,23.));
#7846=CARTESIAN_POINT('',(-135.400007238612,-9.00000008940697,23.));
#7847=CARTESIAN_POINT('',(-143.417999946078,-8.99795131156496,23.));
#7848=CARTESIAN_POINT('Ctrl Pts',(-143.417927127916,-9.00000008940697,23.));
#7849=CARTESIAN_POINT('Ctrl Pts',(-143.417951400637,-8.99931716345963,23.));
#7850=CARTESIAN_POINT('Ctrl Pts',(-143.417975673357,-8.9986342375123,23.));
#7851=CARTESIAN_POINT('Ctrl Pts',(-143.417999946078,-8.99795131156496,23.));
#7852=CARTESIAN_POINT('',(-143.422849645852,-8.28458761887746,23.));
#7853=CARTESIAN_POINT('Ctrl Pts',(-143.417999946078,-8.99795131156496,23.));
#7854=CARTESIAN_POINT('Ctrl Pts',(-143.419616512669,-8.76016341400246,23.));
#7855=CARTESIAN_POINT('Ctrl Pts',(-143.42123307926,-8.52237551643996,23.));
#7856=CARTESIAN_POINT('Ctrl Pts',(-143.422849645852,-8.28458761887746,23.));
#7857=CARTESIAN_POINT('',(-143.421297356238,-7.43123936331014,23.));
#7858=CARTESIAN_POINT('',(-143.415302306342,-4.13554935454723,23.));
#7859=CARTESIAN_POINT('',(-143.406686198139,-6.30474642461909,23.));
#7860=CARTESIAN_POINT('',(-143.372487288041,-3.66807447315003,23.));
#7861=CARTESIAN_POINT('',(-143.397501189834,-5.88749335310627,23.));
#7862=CARTESIAN_POINT('',(-143.335530973011,-3.07233386144666,23.));
#7863=CARTESIAN_POINT('',(-143.346686500745,-4.33775575860456,23.));
#7864=CARTESIAN_POINT('',(-143.297105222071,-2.82563450149247,23.));
#7865=CARTESIAN_POINT('',(-143.336339839945,-4.09315221506167,23.));
#7866=CARTESIAN_POINT('',(-143.248539783364,-2.01748689885308,23.));
#7867=CARTESIAN_POINT('',(-143.322848447797,-3.8147278339771,23.));
#7868=CARTESIAN_POINT('',(-143.228801177737,-1.87385674576023,23.));
#7869=CARTESIAN_POINT('',(-143.273785022333,-2.92888322882955,23.));
#7870=CARTESIAN_POINT('',(-143.20632104914,-1.71081506237841,23.));
#7871=CARTESIAN_POINT('',(-143.225281577406,-2.55491313221307,23.));
#7872=CARTESIAN_POINT('',(-143.026761147795,-1.02428568184002,23.));
#7873=CARTESIAN_POINT('',(-143.167520155886,-2.12350193352625,23.));
#7874=CARTESIAN_POINT('',(-142.993567441432,-0.824275787729045,23.));
#7875=CARTESIAN_POINT('',(-143.164894637906,-2.09508430497773,23.));
#7876=CARTESIAN_POINT('',(-143.039890434508,-0.742085374687544,23.));
#7877=CARTESIAN_POINT('',(-143.143741290656,-1.84383184293959,23.));
#7878=CARTESIAN_POINT('',(-143.052079834889,-0.755107388913927,23.));
#7879=CARTESIAN_POINT('',(-143.131898617187,-1.62863889635778,23.));
#7880=CARTESIAN_POINT('',(-143.082362209981,-0.728513983033439,23.));
#7881=CARTESIAN_POINT('',(-143.142381136936,-1.14931102126039,23.));
#7882=CARTESIAN_POINT('',(-143.147992157125,-0.89273927620422,23.));
#7883=CARTESIAN_POINT('',(-143.197233628178,-0.665173037471363,23.));
#7884=CARTESIAN_POINT('',(-143.161354307063,-0.981850398718953,23.));
#7885=CARTESIAN_POINT('',(-143.297281890506,-0.184318221855917,23.));
#7886=CARTESIAN_POINT('',(-143.114081947398,-1.06481902030839,23.));
#7887=CARTESIAN_POINT('',(-143.443302223918,0.285188396449841,23.));
#7888=CARTESIAN_POINT('',(-143.001287357172,-1.13604452691678,23.));
#7889=CARTESIAN_POINT('',(-143.633704316189,0.736171620111629,23.));
#7890=CARTESIAN_POINT('',(-142.828613282651,-1.17075358914103,23.));
#7891=CARTESIAN_POINT('',(-143.782736185913,1.01265662206232,23.));
#7892=CARTESIAN_POINT('',(-142.619803344887,-1.14482479057556,23.));
#7893=CARTESIAN_POINT('',(-143.863951041264,1.16245751407866,23.));
#7894=CARTESIAN_POINT('',(-142.685757438538,-1.01072191095852,23.));
#7895=CARTESIAN_POINT('',(-143.949646700336,1.29148146658152,23.));
#7896=CARTESIAN_POINT('',(-142.391313204116,-1.05475577782275,23.));
#7897=CARTESIAN_POINT('',(-144.129404459858,1.55795874914573,23.));
#7898=CARTESIAN_POINT('',(-142.406012595801,-0.996839341066728,23.));
#7899=CARTESIAN_POINT('',(-144.303901867946,1.79990904661955,23.));
#7900=CARTESIAN_POINT('',(-142.367710988692,-0.884726583991059,23.));
#7901=CARTESIAN_POINT('',(-144.478235870466,2.0413430078164,23.));
#7902=CARTESIAN_POINT('',(-142.45255342576,-0.764010679253734,23.));
#7903=CARTESIAN_POINT('',(-144.653962143139,2.28718541192949,23.));
#7904=CARTESIAN_POINT('',(-142.560606497803,-0.641435201749158,23.));
#7905=CARTESIAN_POINT('',(-144.677468777638,2.323760360912,23.));
#7906=CARTESIAN_POINT('',(-142.867865097481,-0.491877168250863,23.));
#7907=CARTESIAN_POINT('',(-144.776111478439,2.48685302152064,23.));
#7908=CARTESIAN_POINT('',(-142.999860228401,-0.449943517163054,23.));
#7909=CARTESIAN_POINT('',(-144.790501686823,2.51384750881202,23.));
#7910=CARTESIAN_POINT('',(-143.288073999156,-0.304545667828545,23.));
#7911=CARTESIAN_POINT('',(-144.888049792971,2.72002416452099,23.));
#7912=CARTESIAN_POINT('',(-143.499968158615,-0.213810642973103,23.));
#7913=CARTESIAN_POINT('',(-144.901004491386,2.75151614419989,23.));
#7914=CARTESIAN_POINT('',(-143.765824598029,-0.00802799874925278,23.));
#7915=CARTESIAN_POINT('',(-144.972285979888,2.95336271788154,23.));
#7916=CARTESIAN_POINT('',(-143.975119818117,0.129704326723928,23.));
#7917=CARTESIAN_POINT('',(-144.988568691514,3.00536086264897,23.));
#7918=CARTESIAN_POINT('',(-144.15021650851,0.328118940084278,23.));
#7919=CARTESIAN_POINT('',(-145.047258213838,3.25147799048568,23.));
#7920=CARTESIAN_POINT('',(-144.407499059535,0.568619460885684,23.));
#7921=CARTESIAN_POINT('',(-145.082976305609,3.52392797664025,23.));
#7922=CARTESIAN_POINT('',(-144.761226854868,1.06969178840896,23.));
#7923=CARTESIAN_POINT('',(-145.091573203202,3.79984442022511,23.));
#7924=CARTESIAN_POINT('',(-145.023722674204,1.62218946338917,23.));
#7925=CARTESIAN_POINT('',(-145.088591675865,3.84451999727895,23.));
#7926=CARTESIAN_POINT('',(-145.197633200674,2.2106282054905,23.));
#7927=CARTESIAN_POINT('',(-144.807034811306,5.78781268702371,23.));
#7928=CARTESIAN_POINT('',(-145.267863596028,2.60719334755537,23.));
#7929=CARTESIAN_POINT('',(-144.804700218682,5.80282040863202,23.));
#7930=CARTESIAN_POINT('',(-145.142441045321,3.63168346170604,23.));
#7931=CARTESIAN_POINT('',(-144.56199313313,7.27452311962049,23.));
#7932=CARTESIAN_POINT('',(-145.153857212381,3.68563749649584,23.));
#7933=CARTESIAN_POINT('',(-144.469345754109,7.80056295272041,23.));
#7934=CARTESIAN_POINT('',(-145.054411059172,4.47863783535345,23.));
#7935=CARTESIAN_POINT('',(-144.28626644738,8.79006255787918,23.));
#7936=CARTESIAN_POINT('',(-145.026803714874,4.78763679559598,23.));
#7937=CARTESIAN_POINT('',(-144.964324732323,5.34457178469939,23.));
#7938=CARTESIAN_POINT('Origin',(-132.192377175486,-8.94069673851305E-8,
29.));
#7939=CARTESIAN_POINT('',(-136.400007238612,-9.00000008940697,29.));
#7940=CARTESIAN_POINT('',(-135.400007238612,-9.00000008940697,29.));
#7941=CARTESIAN_POINT('',(-135.400007238612,-8.00000008940697,29.));
#7942=CARTESIAN_POINT('Origin',(-136.400007238612,-8.00000008940697,29.));
#7943=CARTESIAN_POINT('Origin',(-133.400007238612,-8.00000008940697,29.));
#7944=CARTESIAN_POINT('',(-129.342218310714,-0.509830238833502,29.));
#7945=CARTESIAN_POINT('',(-129.342218310714,-0.509830238833502,29.));
#7946=CARTESIAN_POINT('',(-129.342218310724,0.509830238891366,29.));
#7947=CARTESIAN_POINT('Origin',(-132.400007238612,-8.74372194751805E-31,
29.));
#7948=CARTESIAN_POINT('',(-118.994655102023,0.509830238891366,29.));
#7949=CARTESIAN_POINT('Origin',(-133.400007238612,8.00000008940697,29.));
#7950=CARTESIAN_POINT('Origin',(-136.400007238612,-8.00000008940697,23.));
#7951=CARTESIAN_POINT('',(-136.400007238612,-9.00000008940697,23.));
#7952=CARTESIAN_POINT('',(-135.400007238612,-8.00000008940697,23.));
#7953=CARTESIAN_POINT('Origin',(-145.400007238612,-9.00000008940697,23.));
#7954=CARTESIAN_POINT('',(-145.400007238612,-9.00000008940697,23.));
#7955=CARTESIAN_POINT('',(-145.400007238612,-9.00000008940697,23.));
#7956=CARTESIAN_POINT('',(-135.400007238612,-9.00000008940697,23.));
#7957=CARTESIAN_POINT('Origin',(-133.400007238612,8.00000008940697,23.));
#7958=CARTESIAN_POINT('Origin',(-133.400007238612,-8.00000008940697,23.));
#7959=CARTESIAN_POINT('Ctrl Pts',(-147.400614802886,-7.58691277207511,13.9934994333901));
#7960=CARTESIAN_POINT('Ctrl Pts',(-147.338116049414,-8.0573282875504,16.9956662889267));
#7961=CARTESIAN_POINT('Ctrl Pts',(-147.275617295942,-8.52774380302568,19.9978331444634));
#7962=CARTESIAN_POINT('Ctrl Pts',(-147.21311854247,-8.99815931850096,23.));
#7963=CARTESIAN_POINT('Ctrl Pts',(-147.341036657693,-7.84316311714627,13.9934994333901));
#7964=CARTESIAN_POINT('Ctrl Pts',(-147.096940474413,-8.22836638103183,16.9956662889267));
#7965=CARTESIAN_POINT('Ctrl Pts',(-146.852844291132,-8.6135696449174,19.9978331444634));
#7966=CARTESIAN_POINT('Ctrl Pts',(-146.608748107851,-8.99877290880297,23.));
#7967=CARTESIAN_POINT('Ctrl Pts',(-147.281458512501,-8.09941346221743,13.9934994333901));
#7968=CARTESIAN_POINT('Ctrl Pts',(-146.855764899411,-8.39940447451328,16.9956662889267));
#7969=CARTESIAN_POINT('Ctrl Pts',(-146.430071286321,-8.69939548680912,19.9978331444634));
#7970=CARTESIAN_POINT('Ctrl Pts',(-146.004377673231,-8.99938649910497,23.));
#7971=CARTESIAN_POINT('Ctrl Pts',(-147.221880367309,-8.35566380728859,13.9934994333901));
#7972=CARTESIAN_POINT('Ctrl Pts',(-146.61458932441,-8.57044256799471,16.9956662889267));
#7973=CARTESIAN_POINT('Ctrl Pts',(-146.007298281511,-8.78522132870084,19.9978331444634));
#7974=CARTESIAN_POINT('Ctrl Pts',(-145.400007238612,-9.00000008940697,23.));
#7975=CARTESIAN_POINT('',(-147.222849645852,-8.28458761887746,18.1942524914944));
#7976=CARTESIAN_POINT('',(-147.21311854247,-8.99815931850096,23.));
#7977=CARTESIAN_POINT('Ctrl Pts',(-147.222849645852,-8.28458761887746,18.1942524914945));
#7978=CARTESIAN_POINT('Ctrl Pts',(-147.222322514168,-8.32324163755672,18.4857420061404));
#7979=CARTESIAN_POINT('Ctrl Pts',(-147.221792296894,-8.36212191932597,18.7667542380039));
#7980=CARTESIAN_POINT('Ctrl Pts',(-147.218891878256,-8.57480660425902,20.2743647472777));
#7981=CARTESIAN_POINT('Ctrl Pts',(-147.215642443382,-8.81308428720783,21.8187179873442));
#7982=CARTESIAN_POINT('Ctrl Pts',(-147.21311854247,-8.99815931850096,23.));
#7983=CARTESIAN_POINT('',(-147.222849645852,-8.28458761887746,14.0877419459113));
#7984=CARTESIAN_POINT('Ctrl Pts',(-147.222849645852,-8.2845876188775,14.0877419459113));
#7985=CARTESIAN_POINT('Ctrl Pts',(-147.222731748893,-8.21977550956426,14.1907869615757));
#7986=CARTESIAN_POINT('Ctrl Pts',(-147.222639023803,-8.16880126260918,14.3088723340432));
#7987=CARTESIAN_POINT('Ctrl Pts',(-147.222423655118,-8.05040551367612,14.7259015040362));
#7988=CARTESIAN_POINT('Ctrl Pts',(-147.222367182617,-8.01936059132592,15.0933832616911));
#7989=CARTESIAN_POINT('Ctrl Pts',(-147.222413538536,-8.0448440725033,16.0263707355473));
#7990=CARTESIAN_POINT('Ctrl Pts',(-147.222492548102,-8.08827840983549,16.5132836560272));
#7991=CARTESIAN_POINT('Ctrl Pts',(-147.222646524685,-8.17292475884272,17.31534693393));
#7992=CARTESIAN_POINT('Ctrl Pts',(-147.222743987799,-8.22650366726491,17.7532671341477));
#7993=CARTESIAN_POINT('Ctrl Pts',(-147.222849645852,-8.28458761887746,18.1942524914944));
#7994=CARTESIAN_POINT('',(-147.221880367309,-8.35566380728859,13.9934994333901));
#7995=CARTESIAN_POINT('Ctrl Pts',(-147.221880367309,-8.35566380728859,13.9934994333901));
#7996=CARTESIAN_POINT('Ctrl Pts',(-147.222226755507,-8.33026352065329,14.0234436564901));
#7997=CARTESIAN_POINT('Ctrl Pts',(-147.222548964771,-8.30660510349607,14.0548258550644));
#7998=CARTESIAN_POINT('Ctrl Pts',(-147.222849645852,-8.28458761887338,14.0877419459146));
#7999=CARTESIAN_POINT('',(-147.422849645852,-8.28458761887746,13.));
#8000=CARTESIAN_POINT('',(-145.400007238612,-9.00000008940697,23.));
#8001=CARTESIAN_POINT('Ctrl Pts',(-147.319241544893,-8.32123037819881,13.512190670848));
#8002=CARTESIAN_POINT('Ctrl Pts',(-146.679496776133,-8.54748694860153,16.6747937805653));
#8003=CARTESIAN_POINT('Ctrl Pts',(-146.039752007372,-8.77374351900425,19.8373968902827));
#8004=CARTESIAN_POINT('Ctrl Pts',(-145.400007238612,-9.00000008940697,23.));
#8005=CARTESIAN_POINT('Ctrl Pts',(-147.283867679282,-8.54683900148411,13.512190670848));
#8006=CARTESIAN_POINT('Ctrl Pts',(-146.435683075648,-8.69789269745839,16.6747937805653));
#8007=CARTESIAN_POINT('Ctrl Pts',(-145.587498472014,-8.84894639343268,19.8373968902827));
#8008=CARTESIAN_POINT('Ctrl Pts',(-144.73931386838,-9.00000008940697,23.));
#8009=CARTESIAN_POINT('Ctrl Pts',(-147.248493813671,-8.7724476247694,13.512190670848));
#8010=CARTESIAN_POINT('Ctrl Pts',(-146.191869375164,-8.84829844631526,16.6747937805653));
#8011=CARTESIAN_POINT('Ctrl Pts',(-145.135244936656,-8.92414926786111,19.8373968902827));
#8012=CARTESIAN_POINT('Ctrl Pts',(-144.078620498148,-9.00000008940697,23.));
#8013=CARTESIAN_POINT('Ctrl Pts',(-147.21311994806,-8.9980562480547,13.512190670848));
#8014=CARTESIAN_POINT('Ctrl Pts',(-145.948055674679,-8.99870419517212,16.6747937805653));
#8015=CARTESIAN_POINT('Ctrl Pts',(-144.682991401297,-8.99935214228954,19.8373968902827));
#8016=CARTESIAN_POINT('Ctrl Pts',(-143.417927127916,-9.00000008940697,23.));
#8017=CARTESIAN_POINT('',(-147.21311994806,-8.9980562480547,13.512190670848));
#8018=CARTESIAN_POINT('Ctrl Pts',(-147.21311994806,-8.9980562480547,13.512190670848));
#8019=CARTESIAN_POINT('Ctrl Pts',(-147.214165616025,-8.92137850272588,13.5396345504441));
#8020=CARTESIAN_POINT('Ctrl Pts',(-147.215199708814,-8.845168632811,13.5717823710391));
#8021=CARTESIAN_POINT('Ctrl Pts',(-147.216192092319,-8.7724855046538,13.6101700790175));
#8022=CARTESIAN_POINT('Ctrl Pts',(-147.216692117112,-8.73586320498986,13.6295122039458));
#8023=CARTESIAN_POINT('Ctrl Pts',(-147.217182729728,-8.70013668987493,13.650438495118));
#8024=CARTESIAN_POINT('Ctrl Pts',(-147.217652424139,-8.66569448678215,13.6731454296891));
#8025=CARTESIAN_POINT('Ctrl Pts',(-147.218434512276,-8.60834477630431,13.7109547451962));
#8026=CARTESIAN_POINT('Ctrl Pts',(-147.219163126793,-8.55491623086434,13.7534180762056));
#8027=CARTESIAN_POINT('Ctrl Pts',(-147.21983013035,-8.5060055530973,13.8017092245234));
#8028=CARTESIAN_POINT('Ctrl Pts',(-147.220627028743,-8.44756982202265,13.8594047766037));
#8029=CARTESIAN_POINT('Ctrl Pts',(-147.221304171293,-8.397915662392,13.9231101798598));
#8030=CARTESIAN_POINT('Ctrl Pts',(-147.221880367309,-8.35566380728859,13.9934994333901));
#8031=CARTESIAN_POINT('',(-147.417999946078,-8.99795131156496,13.));
#8032=CARTESIAN_POINT('Ctrl Pts',(-147.417999946078,-8.99795131156496,13.));
#8033=CARTESIAN_POINT('Ctrl Pts',(-146.084642340024,-8.9986342375123,16.3333333333333));
#8034=CARTESIAN_POINT('Ctrl Pts',(-144.75128473397,-8.99931716345963,19.6666666666667));
#8035=CARTESIAN_POINT('Ctrl Pts',(-143.417927127916,-9.00000008940697,23.));
#8036=CARTESIAN_POINT('Ctrl Pts',(-147.349706144875,-8.9980206472103,13.));
#8037=CARTESIAN_POINT('Ctrl Pts',(-146.039121230129,-8.99845281929341,16.3333333333333));
#8038=CARTESIAN_POINT('Ctrl Pts',(-144.728536315383,-8.99888499137652,19.6666666666667));
#8039=CARTESIAN_POINT('Ctrl Pts',(-143.417951400637,-8.99931716345963,23.));
#8040=CARTESIAN_POINT('Ctrl Pts',(-147.281412343673,-8.99808998285563,13.));
#8041=CARTESIAN_POINT('Ctrl Pts',(-145.993600120234,-8.99827140107452,16.3333333333333));
#8042=CARTESIAN_POINT('Ctrl Pts',(-144.705787896796,-8.99845281929341,19.6666666666667));
#8043=CARTESIAN_POINT('Ctrl Pts',(-143.417975673357,-8.9986342375123,23.));
#8044=CARTESIAN_POINT('Ctrl Pts',(-147.21311854247,-8.99815931850096,13.));
#8045=CARTESIAN_POINT('Ctrl Pts',(-145.94807901034,-8.99808998285563,16.3333333333333));
#8046=CARTESIAN_POINT('Ctrl Pts',(-144.683039478209,-8.9980206472103,19.6666666666667));
#8047=CARTESIAN_POINT('Ctrl Pts',(-143.417999946078,-8.99795131156496,23.));
#8048=CARTESIAN_POINT('',(-147.21311854247,-8.99815931850096,13.));
#8049=CARTESIAN_POINT('Ctrl Pts',(-147.21311854247,-8.99815931850096,13.));
#8050=CARTESIAN_POINT('Ctrl Pts',(-147.213119026239,-8.99812384421718,13.0873518999807));
#8051=CARTESIAN_POINT('Ctrl Pts',(-147.213119391799,-8.99809703810906,13.1747506703337));
#8052=CARTESIAN_POINT('Ctrl Pts',(-147.213119855196,-8.99806305769141,13.3454511964724));
#8053=CARTESIAN_POINT('Ctrl Pts',(-147.21311996477,-8.99805502273506,13.4288421109152));
#8054=CARTESIAN_POINT('Ctrl Pts',(-147.21311994806,-8.9980562480547,13.512190670848));
#8055=CARTESIAN_POINT('',(-143.419090410991,-8.99795137133234,22.9971266644614));
#8056=CARTESIAN_POINT('',(-147.21311854247,-8.99815931850096,13.));
#8057=CARTESIAN_POINT('',(-147.21311854247,-8.99815931850096,13.));
#8058=CARTESIAN_POINT('Ctrl Pts',(-147.21311854247,-8.99815931850096,13.));
#8059=CARTESIAN_POINT('Ctrl Pts',(-145.94807901034,-8.99808998285563,16.3333333333333));
#8060=CARTESIAN_POINT('Ctrl Pts',(-144.683039478209,-8.9980206472103,19.6666666666667));
#8061=CARTESIAN_POINT('Ctrl Pts',(-143.417999946078,-8.99795131156496,23.));
#8062=CARTESIAN_POINT('Ctrl Pts',(-147.216362243598,-8.76030208529313,13.));
#8063=CARTESIAN_POINT('Ctrl Pts',(-145.950780333288,-8.76025586152957,16.3333333333333));
#8064=CARTESIAN_POINT('Ctrl Pts',(-144.685198422979,-8.76020963776602,19.6666666666667));
#8065=CARTESIAN_POINT('Ctrl Pts',(-143.419616512669,-8.76016341400246,23.));
#8066=CARTESIAN_POINT('Ctrl Pts',(-147.219605944725,-8.52244485208529,13.));
#8067=CARTESIAN_POINT('Ctrl Pts',(-145.953481656237,-8.52242174020352,16.3333333333333));
#8068=CARTESIAN_POINT('Ctrl Pts',(-144.687357367749,-8.52239862832174,19.6666666666667));
#8069=CARTESIAN_POINT('Ctrl Pts',(-143.42123307926,-8.52237551643996,23.));
#8070=CARTESIAN_POINT('Ctrl Pts',(-147.222849645852,-8.28458761887746,13.));
#8071=CARTESIAN_POINT('Ctrl Pts',(-145.956182979185,-8.28458761887746,16.3333333333333));
#8072=CARTESIAN_POINT('Ctrl Pts',(-144.689516312518,-8.28458761887746,19.6666666666667));
#8073=CARTESIAN_POINT('Ctrl Pts',(-143.422849645852,-8.28458761887746,23.));
#8074=CARTESIAN_POINT('',(-147.222849645852,-8.28458761887746,13.));
#8075=CARTESIAN_POINT('',(-147.222849645852,-8.28458761887746,13.));
#8076=CARTESIAN_POINT('',(-147.222849645852,-8.28458761887746,13.));
#8077=CARTESIAN_POINT('Origin',(-147.222849645852,-8.28458761887746,13.));
#8078=CARTESIAN_POINT('',(-147.221297356238,-7.43123936331014,13.));
#8079=CARTESIAN_POINT('',(-147.222849645852,-8.28458761887746,13.));
#8080=CARTESIAN_POINT('',(-147.221297356238,-7.43123936331014,13.));
#8081=CARTESIAN_POINT('Origin',(-147.221297356238,-7.43123936331014,13.));
#8082=CARTESIAN_POINT('',(-147.206686198139,-6.30474642461909,13.));
#8083=CARTESIAN_POINT('',(-147.221297356238,-7.43123936331014,13.));
#8084=CARTESIAN_POINT('',(-147.206686198139,-6.30474642461909,13.));
#8085=CARTESIAN_POINT('Origin',(-147.206686198139,-6.30474642461909,13.));
#8086=CARTESIAN_POINT('',(-147.197501189834,-5.88749335310627,13.));
#8087=CARTESIAN_POINT('',(-147.206686198139,-6.30474642461909,13.));
#8088=CARTESIAN_POINT('',(-147.197501189834,-5.88749335310627,13.));
#8089=CARTESIAN_POINT('Origin',(-147.197501189834,-5.88749335310627,13.));
#8090=CARTESIAN_POINT('',(-147.146686500745,-4.33775575860456,13.));
#8091=CARTESIAN_POINT('',(-147.197501189834,-5.88749335310627,13.));
#8092=CARTESIAN_POINT('',(-147.146686500745,-4.33775575860456,13.));
#8093=CARTESIAN_POINT('Origin',(-147.146686500745,-4.33775575860456,13.));
#8094=CARTESIAN_POINT('',(-147.136339839945,-4.09315221506167,13.));
#8095=CARTESIAN_POINT('',(-147.146686500745,-4.33775575860456,13.));
#8096=CARTESIAN_POINT('',(-147.136339839945,-4.09315221506167,13.));
#8097=CARTESIAN_POINT('Origin',(-147.136339839945,-4.09315221506167,13.));
#8098=CARTESIAN_POINT('',(-147.122848447797,-3.8147278339771,13.));
#8099=CARTESIAN_POINT('',(-147.136339839945,-4.09315221506167,13.));
#8100=CARTESIAN_POINT('',(-147.122848447797,-3.8147278339771,13.));
#8101=CARTESIAN_POINT('Origin',(-147.122848447797,-3.8147278339771,13.));
#8102=CARTESIAN_POINT('',(-147.073785022333,-2.92888322882955,13.));
#8103=CARTESIAN_POINT('',(-147.122848447797,-3.8147278339771,13.));
#8104=CARTESIAN_POINT('',(-147.073785022333,-2.92888322882955,13.));
#8105=CARTESIAN_POINT('Origin',(-147.073785022333,-2.92888322882955,13.));
#8106=CARTESIAN_POINT('',(-147.025281577406,-2.55491313221307,13.));
#8107=CARTESIAN_POINT('',(-147.073785022333,-2.92888322882955,13.));
#8108=CARTESIAN_POINT('',(-147.025281577406,-2.55491313221307,13.));
#8109=CARTESIAN_POINT('Origin',(-147.025281577406,-2.55491313221307,13.));
#8110=CARTESIAN_POINT('',(-146.967520155886,-2.12350193352625,13.));
#8111=CARTESIAN_POINT('',(-147.025281577406,-2.55491313221307,13.));
#8112=CARTESIAN_POINT('',(-146.967520155886,-2.12350193352625,13.));
#8113=CARTESIAN_POINT('Origin',(-146.967520155886,-2.12350193352625,13.));
#8114=CARTESIAN_POINT('',(-146.964894637906,-2.09508430497773,13.));
#8115=CARTESIAN_POINT('',(-146.967520155886,-2.12350193352625,13.));
#8116=CARTESIAN_POINT('',(-146.964894637906,-2.09508430497773,13.));
#8117=CARTESIAN_POINT('Origin',(-146.964894637906,-2.09508430497773,13.));
#8118=CARTESIAN_POINT('',(-146.943741290656,-1.84383184293959,13.));
#8119=CARTESIAN_POINT('',(-146.964894637906,-2.09508430497773,13.));
#8120=CARTESIAN_POINT('',(-146.943741290656,-1.84383184293959,13.));
#8121=CARTESIAN_POINT('Origin',(-146.943741290656,-1.84383184293959,13.));
#8122=CARTESIAN_POINT('',(-146.931898617187,-1.62863889635778,13.));
#8123=CARTESIAN_POINT('',(-146.943741290656,-1.84383184293959,13.));
#8124=CARTESIAN_POINT('',(-146.931898617187,-1.62863889635778,13.));
#8125=CARTESIAN_POINT('Origin',(-146.931898617187,-1.62863889635778,13.));
#8126=CARTESIAN_POINT('',(-146.942381136936,-1.14931102126039,13.));
#8127=CARTESIAN_POINT('',(-146.931898617187,-1.62863889635778,13.));
#8128=CARTESIAN_POINT('',(-146.942381136936,-1.14931102126039,13.));
#8129=CARTESIAN_POINT('Origin',(-146.942381136936,-1.14931102126039,13.));
#8130=CARTESIAN_POINT('',(-146.997233628178,-0.665173037471363,13.));
#8131=CARTESIAN_POINT('',(-146.942381136936,-1.14931102126039,13.));
#8132=CARTESIAN_POINT('',(-146.997233628178,-0.665173037471363,13.));
#8133=CARTESIAN_POINT('Origin',(-146.997233628178,-0.665173037471363,13.));
#8134=CARTESIAN_POINT('',(-147.097281890506,-0.184318221855917,13.));
#8135=CARTESIAN_POINT('',(-146.997233628178,-0.665173037471363,13.));
#8136=CARTESIAN_POINT('',(-147.097281890506,-0.184318221855917,13.));
#8137=CARTESIAN_POINT('Origin',(-147.097281890506,-0.184318221855917,13.));
#8138=CARTESIAN_POINT('',(-147.243302223918,0.285188396449841,13.));
#8139=CARTESIAN_POINT('',(-147.097281890506,-0.184318221855917,13.));
#8140=CARTESIAN_POINT('',(-147.243302223918,0.285188396449841,13.));
#8141=CARTESIAN_POINT('Origin',(-147.243302223918,0.285188396449841,13.));
#8142=CARTESIAN_POINT('',(-147.433704316189,0.736171620111629,13.));
#8143=CARTESIAN_POINT('',(-147.243302223918,0.285188396449841,13.));
#8144=CARTESIAN_POINT('',(-147.433704316189,0.736171620111629,13.));
#8145=CARTESIAN_POINT('Origin',(-147.433704316189,0.736171620111629,13.));
#8146=CARTESIAN_POINT('',(-147.582736185913,1.01265662206231,13.));
#8147=CARTESIAN_POINT('',(-147.433704316189,0.736171620111629,13.));
#8148=CARTESIAN_POINT('',(-147.582736185913,1.01265662206231,13.));
#8149=CARTESIAN_POINT('Origin',(-147.582736185913,1.01265662206231,13.));
#8150=CARTESIAN_POINT('',(-147.663951041264,1.16245751407866,13.));
#8151=CARTESIAN_POINT('',(-147.582736185913,1.01265662206232,13.));
#8152=CARTESIAN_POINT('',(-147.663951041264,1.16245751407866,13.));
#8153=CARTESIAN_POINT('Origin',(-147.663951041264,1.16245751407866,13.));
#8154=CARTESIAN_POINT('',(-147.749646700336,1.29148146658152,13.));
#8155=CARTESIAN_POINT('',(-147.663951041264,1.16245751407866,13.));
#8156=CARTESIAN_POINT('',(-147.749646700336,1.29148146658152,13.));
#8157=CARTESIAN_POINT('Origin',(-147.749646700336,1.29148146658152,13.));
#8158=CARTESIAN_POINT('',(-147.929404459858,1.55795874914573,13.));
#8159=CARTESIAN_POINT('',(-147.749646700336,1.29148146658152,13.));
#8160=CARTESIAN_POINT('',(-147.929404459858,1.55795874914573,13.));
#8161=CARTESIAN_POINT('Origin',(-147.929404459858,1.55795874914573,13.));
#8162=CARTESIAN_POINT('',(-148.103901867946,1.79990904661955,13.));
#8163=CARTESIAN_POINT('',(-147.929404459858,1.55795874914573,13.));
#8164=CARTESIAN_POINT('',(-148.103901867946,1.79990904661955,13.));
#8165=CARTESIAN_POINT('Origin',(-148.103901867946,1.79990904661955,13.));
#8166=CARTESIAN_POINT('',(-148.278235870466,2.0413430078164,13.));
#8167=CARTESIAN_POINT('',(-148.103901867946,1.79990904661955,13.));
#8168=CARTESIAN_POINT('',(-148.278235870466,2.0413430078164,13.));
#8169=CARTESIAN_POINT('Origin',(-148.278235870466,2.0413430078164,13.));
#8170=CARTESIAN_POINT('',(-148.453962143139,2.28718541192949,13.));
#8171=CARTESIAN_POINT('',(-148.278235870466,2.0413430078164,13.));
#8172=CARTESIAN_POINT('',(-148.453962143139,2.28718541192949,13.));
#8173=CARTESIAN_POINT('Origin',(-148.453962143139,2.28718541192949,13.));
#8174=CARTESIAN_POINT('',(-148.477468777638,2.323760360912,13.));
#8175=CARTESIAN_POINT('',(-148.453962143139,2.28718541192949,13.));
#8176=CARTESIAN_POINT('',(-148.477468777638,2.323760360912,13.));
#8177=CARTESIAN_POINT('Origin',(-148.477468777638,2.323760360912,13.));
#8178=CARTESIAN_POINT('',(-148.576111478439,2.48685302152064,13.));
#8179=CARTESIAN_POINT('',(-148.477468777638,2.323760360912,13.));
#8180=CARTESIAN_POINT('',(-148.576111478439,2.48685302152064,13.));
#8181=CARTESIAN_POINT('Origin',(-148.576111478439,2.48685302152064,13.));
#8182=CARTESIAN_POINT('',(-148.590501686823,2.51384750881202,13.));
#8183=CARTESIAN_POINT('',(-148.576111478439,2.48685302152064,13.));
#8184=CARTESIAN_POINT('',(-148.590501686823,2.51384750881202,13.));
#8185=CARTESIAN_POINT('Origin',(-148.590501686823,2.51384750881202,13.));
#8186=CARTESIAN_POINT('',(-148.688049792971,2.72002416452099,13.));
#8187=CARTESIAN_POINT('',(-148.590501686823,2.51384750881202,13.));
#8188=CARTESIAN_POINT('',(-148.688049792971,2.72002416452099,13.));
#8189=CARTESIAN_POINT('Origin',(-148.688049792971,2.72002416452099,13.));
#8190=CARTESIAN_POINT('',(-148.701004491386,2.75151614419989,13.));
#8191=CARTESIAN_POINT('',(-148.688049792971,2.72002416452099,13.));
#8192=CARTESIAN_POINT('',(-148.701004491386,2.75151614419989,13.));
#8193=CARTESIAN_POINT('Origin',(-148.701004491386,2.75151614419989,13.));
#8194=CARTESIAN_POINT('',(-148.772285979888,2.95336271788154,13.));
#8195=CARTESIAN_POINT('',(-148.701004491386,2.75151614419989,13.));
#8196=CARTESIAN_POINT('',(-148.772285979888,2.95336271788154,13.));
#8197=CARTESIAN_POINT('Origin',(-148.772285979888,2.95336271788154,13.));
#8198=CARTESIAN_POINT('',(-148.788568691514,3.00536086264897,13.));
#8199=CARTESIAN_POINT('',(-148.772285979888,2.95336271788154,13.));
#8200=CARTESIAN_POINT('',(-148.788568691514,3.00536086264897,13.));
#8201=CARTESIAN_POINT('Origin',(-148.788568691514,3.00536086264897,13.));
#8202=CARTESIAN_POINT('',(-148.847258213838,3.25147799048568,13.));
#8203=CARTESIAN_POINT('',(-148.788568691514,3.00536086264897,13.));
#8204=CARTESIAN_POINT('',(-148.847258213838,3.25147799048568,13.));
#8205=CARTESIAN_POINT('Origin',(-148.847258213838,3.25147799048568,13.));
#8206=CARTESIAN_POINT('',(-148.882976305609,3.52392797664025,13.));
#8207=CARTESIAN_POINT('',(-148.847258213838,3.25147799048568,13.));
#8208=CARTESIAN_POINT('',(-148.882976305609,3.52392797664025,13.));
#8209=CARTESIAN_POINT('Origin',(-148.882976305609,3.52392797664025,13.));
#8210=CARTESIAN_POINT('',(-148.891573203202,3.79984442022511,13.));
#8211=CARTESIAN_POINT('',(-148.882976305609,3.52392797664025,13.));
#8212=CARTESIAN_POINT('',(-148.891573203202,3.79984442022511,13.));
#8213=CARTESIAN_POINT('Origin',(-148.891573203202,3.79984442022511,13.));
#8214=CARTESIAN_POINT('',(-148.888591675865,3.84451999727895,13.));
#8215=CARTESIAN_POINT('',(-148.891573203202,3.79984442022511,13.));
#8216=CARTESIAN_POINT('',(-148.888591675865,3.84451999727895,13.));
#8217=CARTESIAN_POINT('Origin',(-148.888591675865,3.84451999727895,13.));
#8218=CARTESIAN_POINT('',(-148.607034811306,5.78781268702371,13.));
#8219=CARTESIAN_POINT('',(-148.888591675865,3.84451999727895,13.));
#8220=CARTESIAN_POINT('',(-148.607034811306,5.78781268702371,13.));
#8221=CARTESIAN_POINT('Origin',(-148.607034811306,5.78781268702371,13.));
#8222=CARTESIAN_POINT('',(-148.604700218682,5.80282040863202,13.));
#8223=CARTESIAN_POINT('',(-148.607034811306,5.78781268702371,13.));
#8224=CARTESIAN_POINT('',(-148.604700218682,5.80282040863202,13.));
#8225=CARTESIAN_POINT('Origin',(-148.604700218682,5.80282040863202,13.));
#8226=CARTESIAN_POINT('',(-148.36199313313,7.27452311962049,13.));
#8227=CARTESIAN_POINT('',(-148.604700218682,5.80282040863202,13.));
#8228=CARTESIAN_POINT('',(-148.36199313313,7.27452311962049,13.));
#8229=CARTESIAN_POINT('Origin',(-148.36199313313,7.27452311962049,13.));
#8230=CARTESIAN_POINT('',(-148.269345754109,7.80056295272041,13.));
#8231=CARTESIAN_POINT('',(-148.36199313313,7.27452311962049,13.));
#8232=CARTESIAN_POINT('',(-148.269345754109,7.80056295272041,13.));
#8233=CARTESIAN_POINT('Origin',(-148.269345754109,7.80056295272041,13.));
#8234=CARTESIAN_POINT('',(-148.08626644738,8.79006255787918,13.));
#8235=CARTESIAN_POINT('',(-148.269345754109,7.80056295272041,13.));
#8236=CARTESIAN_POINT('',(-148.08626644738,8.79006255787918,13.));
#8237=CARTESIAN_POINT('Origin',(-148.08626644738,8.79006255787918,13.));
#8238=CARTESIAN_POINT('',(-148.08626644738,8.79006255787918,13.));
#8239=CARTESIAN_POINT('Origin',(-148.28626644738,8.79006255787918,23.));
#8240=CARTESIAN_POINT('',(-148.28626644738,8.79006255787918,13.));
#8241=CARTESIAN_POINT('',(-148.28626644738,8.79006255787918,13.));
#8242=CARTESIAN_POINT('',(-148.28626644738,8.79006255787918,23.));
#8243=CARTESIAN_POINT('Origin',(-148.469345754109,7.80056295272041,23.));
#8244=CARTESIAN_POINT('',(-148.469345754109,7.80056295272041,13.));
#8245=CARTESIAN_POINT('',(-148.469345754109,7.80056295272041,13.));
#8246=CARTESIAN_POINT('',(-148.469345754109,7.80056295272041,23.));
#8247=CARTESIAN_POINT('Origin',(-148.56199313313,7.27452311962049,23.));
#8248=CARTESIAN_POINT('',(-148.56199313313,7.27452311962049,13.));
#8249=CARTESIAN_POINT('',(-148.56199313313,7.27452311962049,13.));
#8250=CARTESIAN_POINT('',(-148.56199313313,7.27452311962049,23.));
#8251=CARTESIAN_POINT('Origin',(-148.804700218682,5.80282040863202,23.));
#8252=CARTESIAN_POINT('',(-148.804700218682,5.80282040863202,13.));
#8253=CARTESIAN_POINT('',(-148.804700218682,5.80282040863202,13.));
#8254=CARTESIAN_POINT('',(-148.804700218682,5.80282040863202,23.));
#8255=CARTESIAN_POINT('Origin',(-148.807034811306,5.78781268702371,23.));
#8256=CARTESIAN_POINT('',(-148.807034811306,5.78781268702371,13.));
#8257=CARTESIAN_POINT('',(-148.807034811306,5.78781268702371,13.));
#8258=CARTESIAN_POINT('',(-148.807034811306,5.78781268702371,23.));
#8259=CARTESIAN_POINT('Origin',(-149.088591675865,3.84451999727895,23.));
#8260=CARTESIAN_POINT('',(-149.088591675865,3.84451999727895,13.));
#8261=CARTESIAN_POINT('',(-149.088591675865,3.84451999727895,13.));
#8262=CARTESIAN_POINT('',(-149.088591675865,3.84451999727895,23.));
#8263=CARTESIAN_POINT('Origin',(-149.091573203202,3.79984442022511,23.));
#8264=CARTESIAN_POINT('',(-149.091573203202,3.79984442022511,13.));
#8265=CARTESIAN_POINT('',(-149.091573203202,3.79984442022511,13.));
#8266=CARTESIAN_POINT('',(-149.091573203202,3.79984442022511,23.));
#8267=CARTESIAN_POINT('Origin',(-149.082976305609,3.52392797664025,23.));
#8268=CARTESIAN_POINT('',(-149.082976305609,3.52392797664025,13.));
#8269=CARTESIAN_POINT('',(-149.082976305609,3.52392797664025,13.));
#8270=CARTESIAN_POINT('',(-149.082976305609,3.52392797664025,23.));
#8271=CARTESIAN_POINT('Origin',(-149.047258213838,3.25147799048568,23.));
#8272=CARTESIAN_POINT('',(-149.047258213838,3.25147799048568,13.));
#8273=CARTESIAN_POINT('',(-149.047258213838,3.25147799048568,13.));
#8274=CARTESIAN_POINT('',(-149.047258213838,3.25147799048568,23.));
#8275=CARTESIAN_POINT('Origin',(-148.988568691514,3.00536086264897,23.));
#8276=CARTESIAN_POINT('',(-148.988568691514,3.00536086264897,13.));
#8277=CARTESIAN_POINT('',(-148.988568691514,3.00536086264897,13.));
#8278=CARTESIAN_POINT('',(-148.988568691514,3.00536086264897,23.));
#8279=CARTESIAN_POINT('Origin',(-148.972285979888,2.95336271788154,23.));
#8280=CARTESIAN_POINT('',(-148.972285979888,2.95336271788154,13.));
#8281=CARTESIAN_POINT('',(-148.972285979888,2.95336271788154,13.));
#8282=CARTESIAN_POINT('',(-148.972285979888,2.95336271788154,23.));
#8283=CARTESIAN_POINT('Origin',(-148.901004491386,2.75151614419989,23.));
#8284=CARTESIAN_POINT('',(-148.901004491386,2.75151614419989,13.));
#8285=CARTESIAN_POINT('',(-148.901004491386,2.75151614419989,13.));
#8286=CARTESIAN_POINT('',(-148.901004491386,2.75151614419989,23.));
#8287=CARTESIAN_POINT('Origin',(-148.888049792971,2.72002416452099,23.));
#8288=CARTESIAN_POINT('',(-148.888049792971,2.72002416452099,13.));
#8289=CARTESIAN_POINT('',(-148.888049792971,2.72002416452099,13.));
#8290=CARTESIAN_POINT('',(-148.888049792971,2.72002416452099,23.));
#8291=CARTESIAN_POINT('Origin',(-148.790501686823,2.51384750881202,23.));
#8292=CARTESIAN_POINT('',(-148.790501686823,2.51384750881202,13.));
#8293=CARTESIAN_POINT('',(-148.790501686823,2.51384750881202,13.));
#8294=CARTESIAN_POINT('',(-148.790501686823,2.51384750881202,23.));
#8295=CARTESIAN_POINT('Origin',(-148.776111478439,2.48685302152064,23.));
#8296=CARTESIAN_POINT('',(-148.776111478439,2.48685302152064,13.));
#8297=CARTESIAN_POINT('',(-148.776111478439,2.48685302152064,13.));
#8298=CARTESIAN_POINT('',(-148.776111478439,2.48685302152064,23.));
#8299=CARTESIAN_POINT('Origin',(-148.677468777638,2.323760360912,23.));
#8300=CARTESIAN_POINT('',(-148.677468777638,2.323760360912,13.));
#8301=CARTESIAN_POINT('',(-148.677468777638,2.323760360912,13.));
#8302=CARTESIAN_POINT('',(-148.677468777638,2.323760360912,23.));
#8303=CARTESIAN_POINT('Origin',(-148.653962143139,2.28718541192949,23.));
#8304=CARTESIAN_POINT('',(-148.653962143139,2.28718541192949,13.));
#8305=CARTESIAN_POINT('',(-148.653962143139,2.28718541192949,13.));
#8306=CARTESIAN_POINT('',(-148.653962143139,2.28718541192949,23.));
#8307=CARTESIAN_POINT('Origin',(-148.478235870466,2.0413430078164,23.));
#8308=CARTESIAN_POINT('',(-148.478235870466,2.0413430078164,13.));
#8309=CARTESIAN_POINT('',(-148.478235870466,2.0413430078164,13.));
#8310=CARTESIAN_POINT('',(-148.478235870466,2.0413430078164,23.));
#8311=CARTESIAN_POINT('Origin',(-148.303901867946,1.79990904661955,23.));
#8312=CARTESIAN_POINT('',(-148.303901867946,1.79990904661955,13.));
#8313=CARTESIAN_POINT('',(-148.303901867946,1.79990904661955,13.));
#8314=CARTESIAN_POINT('',(-148.303901867946,1.79990904661955,23.));
#8315=CARTESIAN_POINT('Origin',(-148.129404459858,1.55795874914573,23.));
#8316=CARTESIAN_POINT('',(-148.129404459858,1.55795874914573,13.));
#8317=CARTESIAN_POINT('',(-148.129404459858,1.55795874914573,13.));
#8318=CARTESIAN_POINT('',(-148.129404459858,1.55795874914573,23.));
#8319=CARTESIAN_POINT('Origin',(-147.949646700336,1.29148146658152,23.));
#8320=CARTESIAN_POINT('',(-147.949646700336,1.29148146658152,13.));
#8321=CARTESIAN_POINT('',(-147.949646700336,1.29148146658152,13.));
#8322=CARTESIAN_POINT('',(-147.949646700336,1.29148146658152,23.));
#8323=CARTESIAN_POINT('Origin',(-147.863951041264,1.16245751407866,23.));
#8324=CARTESIAN_POINT('',(-147.863951041264,1.16245751407866,13.));
#8325=CARTESIAN_POINT('',(-147.863951041264,1.16245751407866,13.));
#8326=CARTESIAN_POINT('',(-147.863951041264,1.16245751407866,23.));
#8327=CARTESIAN_POINT('Origin',(-147.782736185913,1.01265662206232,23.));
#8328=CARTESIAN_POINT('',(-147.782736185913,1.01265662206231,13.));
#8329=CARTESIAN_POINT('',(-147.782736185913,1.01265662206232,13.));
#8330=CARTESIAN_POINT('',(-147.782736185913,1.01265662206232,23.));
#8331=CARTESIAN_POINT('Origin',(-147.633704316189,0.736171620111629,23.));
#8332=CARTESIAN_POINT('',(-147.633704316189,0.736171620111629,13.));
#8333=CARTESIAN_POINT('',(-147.633704316189,0.736171620111629,13.));
#8334=CARTESIAN_POINT('',(-147.633704316189,0.736171620111629,23.));
#8335=CARTESIAN_POINT('Origin',(-147.443302223918,0.285188396449841,23.));
#8336=CARTESIAN_POINT('',(-147.443302223918,0.285188396449841,13.));
#8337=CARTESIAN_POINT('',(-147.443302223918,0.285188396449841,13.));
#8338=CARTESIAN_POINT('',(-147.443302223918,0.285188396449841,23.));
#8339=CARTESIAN_POINT('Origin',(-147.297281890506,-0.184318221855917,23.));
#8340=CARTESIAN_POINT('',(-147.297281890506,-0.184318221855917,13.));
#8341=CARTESIAN_POINT('',(-147.297281890506,-0.184318221855917,13.));
#8342=CARTESIAN_POINT('',(-147.297281890506,-0.184318221855917,23.));
#8343=CARTESIAN_POINT('Origin',(-147.197233628178,-0.665173037471363,23.));
#8344=CARTESIAN_POINT('',(-147.197233628178,-0.665173037471363,13.));
#8345=CARTESIAN_POINT('',(-147.197233628178,-0.665173037471363,13.));
#8346=CARTESIAN_POINT('',(-147.197233628178,-0.665173037471363,23.));
#8347=CARTESIAN_POINT('Origin',(-147.142381136936,-1.14931102126039,23.));
#8348=CARTESIAN_POINT('',(-147.142381136936,-1.14931102126039,13.));
#8349=CARTESIAN_POINT('',(-147.142381136936,-1.14931102126039,13.));
#8350=CARTESIAN_POINT('',(-147.142381136936,-1.14931102126039,23.));
#8351=CARTESIAN_POINT('Origin',(-147.131898617187,-1.62863889635778,23.));
#8352=CARTESIAN_POINT('',(-147.131898617187,-1.62863889635778,13.));
#8353=CARTESIAN_POINT('',(-147.131898617187,-1.62863889635778,13.));
#8354=CARTESIAN_POINT('',(-147.131898617187,-1.62863889635778,23.));
#8355=CARTESIAN_POINT('Origin',(-147.143741290656,-1.84383184293959,23.));
#8356=CARTESIAN_POINT('',(-147.143741290656,-1.84383184293959,13.));
#8357=CARTESIAN_POINT('',(-147.143741290656,-1.84383184293959,13.));
#8358=CARTESIAN_POINT('',(-147.143741290656,-1.84383184293959,23.));
#8359=CARTESIAN_POINT('Origin',(-147.164894637906,-2.09508430497773,23.));
#8360=CARTESIAN_POINT('',(-147.164894637906,-2.09508430497773,13.));
#8361=CARTESIAN_POINT('',(-147.164894637906,-2.09508430497773,13.));
#8362=CARTESIAN_POINT('',(-147.164894637906,-2.09508430497773,23.));
#8363=CARTESIAN_POINT('Origin',(-147.167520155886,-2.12350193352625,23.));
#8364=CARTESIAN_POINT('',(-147.167520155886,-2.12350193352625,13.));
#8365=CARTESIAN_POINT('',(-147.167520155886,-2.12350193352625,13.));
#8366=CARTESIAN_POINT('',(-147.167520155886,-2.12350193352625,23.));
#8367=CARTESIAN_POINT('Origin',(-147.225281577406,-2.55491313221307,23.));
#8368=CARTESIAN_POINT('',(-147.225281577406,-2.55491313221307,13.));
#8369=CARTESIAN_POINT('',(-147.225281577406,-2.55491313221307,13.));
#8370=CARTESIAN_POINT('',(-147.225281577406,-2.55491313221307,23.));
#8371=CARTESIAN_POINT('Origin',(-147.273785022333,-2.92888322882955,23.));
#8372=CARTESIAN_POINT('',(-147.273785022333,-2.92888322882955,13.));
#8373=CARTESIAN_POINT('',(-147.273785022333,-2.92888322882955,13.));
#8374=CARTESIAN_POINT('',(-147.273785022333,-2.92888322882955,23.));
#8375=CARTESIAN_POINT('Origin',(-147.322848447797,-3.8147278339771,23.));
#8376=CARTESIAN_POINT('',(-147.322848447797,-3.8147278339771,13.));
#8377=CARTESIAN_POINT('',(-147.322848447797,-3.8147278339771,13.));
#8378=CARTESIAN_POINT('',(-147.322848447797,-3.8147278339771,23.));
#8379=CARTESIAN_POINT('Origin',(-147.336339839945,-4.09315221506167,23.));
#8380=CARTESIAN_POINT('',(-147.336339839945,-4.09315221506167,13.));
#8381=CARTESIAN_POINT('',(-147.336339839945,-4.09315221506167,13.));
#8382=CARTESIAN_POINT('',(-147.336339839945,-4.09315221506167,23.));
#8383=CARTESIAN_POINT('Origin',(-147.346686500745,-4.33775575860456,23.));
#8384=CARTESIAN_POINT('',(-147.346686500745,-4.33775575860456,13.));
#8385=CARTESIAN_POINT('',(-147.346686500745,-4.33775575860456,13.));
#8386=CARTESIAN_POINT('',(-147.346686500745,-4.33775575860456,23.));
#8387=CARTESIAN_POINT('Origin',(-147.397501189834,-5.88749335310627,23.));
#8388=CARTESIAN_POINT('',(-147.397501189834,-5.88749335310627,13.));
#8389=CARTESIAN_POINT('',(-147.397501189834,-5.88749335310627,13.));
#8390=CARTESIAN_POINT('',(-147.397501189834,-5.88749335310627,23.));
#8391=CARTESIAN_POINT('Origin',(-147.406686198139,-6.30474642461909,23.));
#8392=CARTESIAN_POINT('',(-147.406686198139,-6.30474642461909,13.));
#8393=CARTESIAN_POINT('',(-147.406686198139,-6.30474642461909,13.));
#8394=CARTESIAN_POINT('',(-147.406686198139,-6.30474642461909,23.));
#8395=CARTESIAN_POINT('Origin',(-147.421297356238,-7.43123936331014,23.));
#8396=CARTESIAN_POINT('',(-147.421297356238,-7.43123936331014,13.));
#8397=CARTESIAN_POINT('',(-147.421297356238,-7.43123936331014,13.));
#8398=CARTESIAN_POINT('',(-147.421297356238,-7.43123936331014,23.));
#8399=CARTESIAN_POINT('Origin',(-147.422849645852,-8.28458761887746,23.));
#8400=CARTESIAN_POINT('',(-147.422849645852,-8.28458761887746,13.));
#8401=CARTESIAN_POINT('',(-147.422849645852,-8.28458761887746,13.));
#8402=CARTESIAN_POINT('',(-147.422849645852,-8.28458761887746,23.));
#8403=CARTESIAN_POINT('Origin',(-147.417999946078,-8.99795131156496,23.));
#8404=CARTESIAN_POINT('',(-147.417999946078,-8.99795131156496,13.));
#8405=CARTESIAN_POINT('',(-147.417999946078,-8.99795131156496,13.));
#8406=CARTESIAN_POINT('',(-147.417999946078,-8.99795131156496,23.));
#8407=CARTESIAN_POINT('Origin',(-147.21311854247,-8.99815931850096,23.));
#8408=CARTESIAN_POINT('',(-145.400007238612,-9.00000008940697,13.));
#8409=CARTESIAN_POINT('',(-147.21311854247,-8.99815931850096,23.));
#8410=CARTESIAN_POINT('Origin',(-147.222849645852,-8.28458761887746,23.));
#8411=CARTESIAN_POINT('',(-147.222849645852,-8.28458761887746,23.));
#8412=CARTESIAN_POINT('Origin',(-147.221297356238,-7.43123936331014,23.));
#8413=CARTESIAN_POINT('Origin',(-148.011735910194,0.000920296046035274,
13.));
#8414=CARTESIAN_POINT('Origin',(-129.342218310724,0.509830238891366,23.));
#8415=CARTESIAN_POINT('',(-129.342218310724,0.509830238891366,23.));
#8416=CARTESIAN_POINT('Origin',(-132.400007238612,-8.74372194751805E-31,
23.));
#8417=CARTESIAN_POINT('',(-129.342218310714,-0.509830238833502,23.));
#8418=CARTESIAN_POINT('Origin',(-118.994655102023,-0.509830238833502,23.));
#8419=CARTESIAN_POINT('Origin',(-148.891573203202,3.79984442022511,23.));
#8420=CARTESIAN_POINT('',(-148.88868964499,3.70729694969617,23.));
#8421=CARTESIAN_POINT('',(-148.891573203202,3.79984442022511,22.2587061942554));
#8422=CARTESIAN_POINT('Ctrl Pts',(-148.88868964499,3.70729694969617,23.));
#8423=CARTESIAN_POINT('Ctrl Pts',(-148.888749829367,3.70922856035876,22.9845280372213));
#8424=CARTESIAN_POINT('Ctrl Pts',(-148.888810013743,3.71116017102133,22.9690560744426));
#8425=CARTESIAN_POINT('Ctrl Pts',(-148.889771199814,3.74200932786428,22.7219581391944));
#8426=CARTESIAN_POINT('Ctrl Pts',(-148.890672201508,3.77092687404479,22.4903321667249));
#8427=CARTESIAN_POINT('Ctrl Pts',(-148.891573203202,3.79984442022511,22.2587061942554));
#8428=CARTESIAN_POINT('',(-148.891573203202,3.79984442022511,23.));
#8429=CARTESIAN_POINT('',(-148.891573203202,3.79984442022511,23.));
#8430=CARTESIAN_POINT('',(-148.882976305609,3.52392797664025,23.));
#8431=CARTESIAN_POINT('Origin',(-148.888591675865,3.84451999727895,23.));
#8432=CARTESIAN_POINT('Ctrl Pts',(-148.891573203202,3.79984442022512,22.2587061942554));
#8433=CARTESIAN_POINT('Ctrl Pts',(-148.891414767258,3.80221838552684,22.2720586289161));
#8434=CARTESIAN_POINT('Ctrl Pts',(-148.891268214917,3.80441440268614,22.2856810201336));
#8435=CARTESIAN_POINT('Ctrl Pts',(-148.891133413271,3.80643428734379,22.2995827610679));
#8436=CARTESIAN_POINT('Ctrl Pts',(-148.889425657019,3.83202351977123,22.4756991935422));
#8437=CARTESIAN_POINT('Ctrl Pts',(-148.889560100882,3.83000899617349,22.7009175141482));
#8438=CARTESIAN_POINT('Ctrl Pts',(-148.891573203202,3.79984442022511,23.));
#8439=CARTESIAN_POINT('Ctrl Pts',(-148.888219307673,3.92710668962622,22.2587061942553));
#8440=CARTESIAN_POINT('Ctrl Pts',(-148.889337272849,3.88468593315918,22.5058041295035));
#8441=CARTESIAN_POINT('Ctrl Pts',(-148.890455238026,3.84226517669214,22.7529020647518));
#8442=CARTESIAN_POINT('Ctrl Pts',(-148.891573203202,3.79984442022511,23.));
#8443=CARTESIAN_POINT('Ctrl Pts',(-148.889337272849,3.88468593315908,22.2587061942553));
#8444=CARTESIAN_POINT('Ctrl Pts',(-148.88976218761,3.84612237656676,22.5058041295035));
#8445=CARTESIAN_POINT('Ctrl Pts',(-148.890187102371,3.80755881997445,22.7529020647518));
#8446=CARTESIAN_POINT('Ctrl Pts',(-148.890612017132,3.76899526338213,23.));
#8447=CARTESIAN_POINT('Ctrl Pts',(-148.890455238026,3.84226517669194,22.2587061942553));
#8448=CARTESIAN_POINT('Ctrl Pts',(-148.890187102371,3.80755881997434,22.5058041295035));
#8449=CARTESIAN_POINT('Ctrl Pts',(-148.889918966716,3.77285246325675,22.7529020647518));
#8450=CARTESIAN_POINT('Ctrl Pts',(-148.889650831061,3.73814610653915,23.));
#8451=CARTESIAN_POINT('Ctrl Pts',(-148.891573203202,3.79984442022481,22.2587061942553));
#8452=CARTESIAN_POINT('Ctrl Pts',(-148.890612017132,3.76899526338193,22.5058041295035));
#8453=CARTESIAN_POINT('Ctrl Pts',(-148.889650831061,3.73814610653905,22.7529020647518));
#8454=CARTESIAN_POINT('Ctrl Pts',(-148.88868964499,3.70729694969617,23.));
#8455=UNCERTAINTY_MEASURE_WITH_UNIT(LENGTH_MEASURE(0.01),#8459,
'DISTANCE_ACCURACY_VALUE',
'Maximum model space distance between geometric entities at asserted c
onnectivities');
#8456=UNCERTAINTY_MEASURE_WITH_UNIT(LENGTH_MEASURE(0.01),#8459,
'DISTANCE_ACCURACY_VALUE',
'Maximum model space distance between geometric entities at asserted c
onnectivities');
#8457=(
GEOMETRIC_REPRESENTATION_CONTEXT(3)
GLOBAL_UNCERTAINTY_ASSIGNED_CONTEXT((#8455))
GLOBAL_UNIT_ASSIGNED_CONTEXT((#8459,#8460,#8461))
REPRESENTATION_CONTEXT('','3D')
);
#8458=(
GEOMETRIC_REPRESENTATION_CONTEXT(3)
GLOBAL_UNCERTAINTY_ASSIGNED_CONTEXT((#8456))
GLOBAL_UNIT_ASSIGNED_CONTEXT((#8459,#8460,#8461))
REPRESENTATION_CONTEXT('','3D')
);
#8459=(
LENGTH_UNIT()
NAMED_UNIT(*)
SI_UNIT(.MILLI.,.METRE.)
);
#8460=(
NAMED_UNIT(*)
PLANE_ANGLE_UNIT()
SI_UNIT($,.RADIAN.)
);
#8461=(
NAMED_UNIT(*)
SI_UNIT($,.STERADIAN.)
SOLID_ANGLE_UNIT()
);
#8462=SHAPE_DEFINITION_REPRESENTATION(#8463,#8464);
#8463=PRODUCT_DEFINITION_SHAPE('',$,#8466);
#8464=SHAPE_REPRESENTATION('',(#4541),#8457);
#8465=PRODUCT_DEFINITION_CONTEXT('part definition',#8470,'design');
#8466=PRODUCT_DEFINITION('Feeding_System','Feeding_System (~recovered)',
#8467,#8465);
#8467=PRODUCT_DEFINITION_FORMATION('',$,#8472);
#8468=PRODUCT_RELATED_PRODUCT_CATEGORY('Feeding_System (~recovered)',
'Feeding_System (~recovered)',(#8472));
#8469=APPLICATION_PROTOCOL_DEFINITION('international standard',
'automotive_design',2009,#8470);
#8470=APPLICATION_CONTEXT(
'Core Data for Automotive Mechanical Design Process');
#8471=PRODUCT_CONTEXT('part definition',#8470,'mechanical');
#8472=PRODUCT('Feeding_System','Feeding_System (~recovered)',$,(#8471));
#8473=PRESENTATION_STYLE_ASSIGNMENT((#8478));
#8474=PRESENTATION_STYLE_ASSIGNMENT((#8479));
#8475=PRESENTATION_STYLE_ASSIGNMENT((#8480));
#8476=PRESENTATION_STYLE_ASSIGNMENT((#8481));
#8477=PRESENTATION_STYLE_ASSIGNMENT((#8482));
#8478=SURFACE_STYLE_USAGE(.BOTH.,#8483);
#8479=SURFACE_STYLE_USAGE(.BOTH.,#8484);
#8480=SURFACE_STYLE_USAGE(.BOTH.,#8485);
#8481=SURFACE_STYLE_USAGE(.BOTH.,#8486);
#8482=SURFACE_STYLE_USAGE(.BOTH.,#8487);
#8483=SURFACE_SIDE_STYLE('',(#8488));
#8484=SURFACE_SIDE_STYLE('',(#8489));
#8485=SURFACE_SIDE_STYLE('',(#8490));
#8486=SURFACE_SIDE_STYLE('',(#8491));
#8487=SURFACE_SIDE_STYLE('',(#8492));
#8488=SURFACE_STYLE_FILL_AREA(#8493);
#8489=SURFACE_STYLE_FILL_AREA(#8494);
#8490=SURFACE_STYLE_FILL_AREA(#8495);
#8491=SURFACE_STYLE_FILL_AREA(#8496);
#8492=SURFACE_STYLE_FILL_AREA(#8497);
#8493=FILL_AREA_STYLE('Steel - Satin',(#8498));
#8494=FILL_AREA_STYLE('Aluminum - Anodized Glossy (Grey)',(#8499));
#8495=FILL_AREA_STYLE('Stainless Steel - Brushed Linear Long',(#8500));
#8496=FILL_AREA_STYLE('Paint - Enamel Glossy (Red)',(#8501));
#8497=FILL_AREA_STYLE('Copper - Raw',(#8502));
#8498=FILL_AREA_STYLE_COLOUR('Steel - Satin',#8503);
#8499=FILL_AREA_STYLE_COLOUR('Aluminum - Anodized Glossy (Grey)',#8504);
#8500=FILL_AREA_STYLE_COLOUR('Stainless Steel - Brushed Linear Long',#8505);
#8501=FILL_AREA_STYLE_COLOUR('Paint - Enamel Glossy (Red)',#8506);
#8502=FILL_AREA_STYLE_COLOUR('Copper - Raw',#8507);
#8503=COLOUR_RGB('Steel - Satin',0.627450980392157,0.627450980392157,0.627450980392157);
#8504=COLOUR_RGB('Aluminum - Anodized Glossy (Grey)',0.537254901960784,
0.537254901960784,0.537254901960784);
#8505=COLOUR_RGB('Stainless Steel - Brushed Linear Long',0.796078431372549,
0.796078431372549,0.796078431372549);
#8506=COLOUR_RGB('Paint - Enamel Glossy (Red)',0.768627450980392,0.207843137254902,
0.152941176470588);
#8507=COLOUR_RGB('Copper - Raw',0.,0.,0.);
ENDSEC;
END-ISO-10303-21;
