ISO-10303-21;
HEADER;
FILE_DESCRIPTION (( 'STEP AP214' ),
    '1' );
FILE_NAME ('PEM-Referenzstator-205-130-160-6-48_Draht-5-6-nicht separiert_20211018_A.STEP',
    '2025-02-17T08:41:36',
    ( '' ),
    ( '' ),
    'SwSTEP 2.0',
    'SolidWorks 2022',
    '' );
FILE_SCHEMA (( 'AUTOMOTIVE_DESIGN' ));
ENDSEC;

DATA;
#1 = CARTESIAN_POINT ( 'NONE',  ( 89.69000000000001194, -1.425000000000000044, 122.3110000000000070 ) ) ;
#2 = VECTOR ( 'NONE', #727, 1000.000000000000114 ) ;
#3 = CARTESIAN_POINT ( 'NONE',  ( 61.89993684844989730, -64.74258049070100185, -3.000000000000000000 ) ) ;
#4 = VECTOR ( 'NONE', #3177, 1000.000000000000000 ) ;
#5 = FACE_OUTER_BOUND ( 'NONE', #2452, .T. ) ;
#6 = CARTESIAN_POINT ( 'NONE',  ( 83.26639126618859166, -34.74414152605829997, -26.90064878444530194 ) ) ;
#7 = EDGE_LOOP ( 'NONE', ( #1282, #729, #2538, #1075, #2272 ) ) ;
#8 = CARTESIAN_POINT ( 'NONE',  ( 90.25255534009689029, -2.454736333748319677, -10.43512908365059921 ) ) ;
#9 = B_SPLINE_SURFACE_WITH_KNOTS ( 'NONE', 3, 3, ( 
 ( #1813, #2558, #3912, #897, #3623 ),
 ( #2274, #574, #1933, #3959, #3198 ),
 ( #1810, #428, #3838, #69, #1785 ),
 ( #1157, #4215, #48, #1410, #1429 ),
 ( #2532, #2464, #3526, #1743, #2087 ) ),
 .UNSPECIFIED., .F., .F., .F.,
 ( 4, 1, 4 ),
 ( 4, 1, 4 ),
 ( 1.471239981099070027E-15, 0.8975979010256640578, 1.570796326794909881 ),
 ( 0.000000000000000000, 0.1421585948629860152, 0.2487775410102249785 ),
 .UNSPECIFIED. ) ;
#10 = AXIS2_PLACEMENT_3D ( 'NONE', #1688, #3363, #2030 ) ;
#11 = CARTESIAN_POINT ( 'NONE',  ( 86.58306959928739843, -31.46185104467549820, -25.45535475531159619 ) ) ;
#12 = EDGE_LOOP ( 'NONE', ( #1689, #3885, #2463, #3798, #1187 ) ) ;
#13 = EDGE_CURVE ( 'NONE', #1704, #2623, #637, .T. ) ;
#14 = CARTESIAN_POINT ( 'NONE',  ( 60.37339998051849932, -63.33722442625700211, -4.309612753924779049 ) ) ;
#15 = CARTESIAN_POINT ( 'NONE',  ( 80.78696065547190130, -33.66381752390620363, -24.26451374967980001 ) ) ;
#16 = CARTESIAN_POINT ( 'NONE',  ( 92.14344526041769257, 1.404692503534950010, -4.213515456226150313 ) ) ;
#17 = ADVANCED_FACE ( 'NONE', ( #50 ), #2348, .T. ) ;
#18 = CARTESIAN_POINT ( 'NONE',  ( 85.13026669919290157, -30.71097103875039735, -25.98733776836860088 ) ) ;
#19 = ORIENTED_EDGE ( 'NONE', *, *, #4319, .F. ) ;
#20 = FACE_OUTER_BOUND ( 'NONE', #303, .T. ) ;
#21 = CARTESIAN_POINT ( 'NONE',  ( 77.66067405098209520, -45.86248816376280502, -19.13420837322070156 ) ) ;
#22 = CARTESIAN_POINT ( 'NONE',  ( 63.74880804505770016, -63.05489077414810595, -3.000000000000000000 ) ) ;
#23 = CARTESIAN_POINT ( 'NONE',  ( 88.39988084101939592, -23.81323619759009702, -16.71431163105170015 ) ) ;
#24 = CARTESIAN_POINT ( 'NONE',  ( 82.33751187441123420, -33.35003559099722992, -26.97637931761361330 ) ) ;
#25 = CARTESIAN_POINT ( 'NONE',  ( 63.18519510630249414, -60.34898201183670352, -3.631364605397700007 ) ) ;
#26 = CARTESIAN_POINT ( 'NONE',  ( 62.69562275390519801, -60.68036842752359661, 0.000000000000000000 ) ) ;
#27 = ORIENTED_EDGE ( 'NONE', *, *, #1758, .T. ) ;
#28 = CARTESIAN_POINT ( 'NONE',  ( 89.22482328632038673, -21.80857544134429915, -20.61578865979119968 ) ) ;
#29 = CARTESIAN_POINT ( 'NONE',  ( 90.25255534009689029, -2.454736333748319677, -10.43512908365059921 ) ) ;
#30 = CARTESIAN_POINT ( 'NONE',  ( 61.20067586622920430, -62.23400595223579757, -7.008904457457599158 ) ) ;
#31 = CARTESIAN_POINT ( 'NONE',  ( 60.57341111585830618, -63.73397184248069891, -4.333081418253249772 ) ) ;
#32 = CARTESIAN_POINT ( 'NONE',  ( 91.32078122530380426, -2.502316892102869783, -10.42251317532199906 ) ) ;
#33 = ORIENTED_EDGE ( 'NONE', *, *, #3120, .F. ) ;
#34 = FACE_OUTER_BOUND ( 'NONE', #1980, .T. ) ;
#35 = ORIENTED_EDGE ( 'NONE', *, *, #1018, .F. ) ;
#36 = CARTESIAN_POINT ( 'NONE',  ( 71.68707636930199101, -54.52413774110310385, -15.21862713886349994 ) ) ;
#37 = CARTESIAN_POINT ( 'NONE',  ( 91.28309435352070977, -2.231586641341039901, -3.589597231337199545 ) ) ;
#38 = CARTESIAN_POINT ( 'NONE',  ( 61.26726705590840538, -64.41389223218850191, 0.000000000000000000 ) ) ;
#39 = CARTESIAN_POINT ( 'NONE',  ( 89.69000000000001194, 1.425000000000000044, 0.000000000000000000 ) ) ;
#40 = CARTESIAN_POINT ( 'NONE',  ( 90.07241067298940607, 2.138781522887851061, -0.000000000000000000 ) ) ;
#41 = B_SPLINE_SURFACE_WITH_KNOTS ( 'NONE', 3, 3, ( 
 ( #2574, #272, #4306, #2595, #3953 ),
 ( #202, #3616, #3347, #911, #1650 ),
 ( #3594, #891, #1924, #3285, #1250 ),
 ( #2618, #3973, #337, #3063, #4037 ),
 ( #1672, #2058, #3041, #3105, #672 ) ),
 .UNSPECIFIED., .F., .F., .F.,
 ( 4, 1, 4 ),
 ( 4, 1, 4 ),
 ( -1.570796326794869913, -0.8975979010256430746, -7.703719777548940610E-30 ),
 ( 0.000000000000000000, 0.2918641954812579709, 0.6810164561229340441 ),
 .UNSPECIFIED. ) ;
#42 = EDGE_CURVE ( 'NONE', #764, #1506, #1427, .T. ) ;
#43 = CARTESIAN_POINT ( 'NONE',  ( 85.22132840009551558, -31.42646065640819586, -26.33031723333790097 ) ) ;
#44 = CARTESIAN_POINT ( 'NONE',  ( 81.73047143266960290, -35.15077342324300247, -22.29142869199300137 ) ) ;
#45 = CARTESIAN_POINT ( 'NONE',  ( 63.82699360380370024, -60.68036842752359661, 0.000000000000000000 ) ) ;
#46 = B_SPLINE_CURVE_WITH_KNOTS ( 'NONE', 3,
 ( #119, #3597, #3003, #299 ),
 .UNSPECIFIED., .F., .F.,
 ( 4, 4 ),
 ( 0.1424675616714739801, 0.2849999999999999756 ),
 .UNSPECIFIED. ) ;
#47 = VERTEX_POINT ( 'NONE', #71 ) ;
#48 = CARTESIAN_POINT ( 'NONE',  ( 81.74839154967530419, -35.24873575748429744, -26.93805709483190114 ) ) ;
#49 = CARTESIAN_POINT ( 'NONE',  ( 84.50484123730160491, -30.50129827941499627, -25.76903446599620295 ) ) ;
#50 = FACE_OUTER_BOUND ( 'NONE', #4054, .T. ) ;
#51 = CARTESIAN_POINT ( 'NONE',  ( 60.68244496896949869, -62.71975276436340607, -3.000000000000000000 ) ) ;
#52 = CARTESIAN_POINT ( 'NONE',  ( 80.10135335875060036, -34.72399651115540564, -22.97020388934459945 ) ) ;
#53 = ORIENTED_EDGE ( 'NONE', *, *, #3180, .T. ) ;
#54 = B_SPLINE_SURFACE_WITH_KNOTS ( 'NONE', 3, 3, ( 
 ( #95, #2780, #30, #369, #1091 ),
 ( #430, #1787, #3156, #2759, #4109 ),
 ( #2820, #2488, #3505, #1473, #2248 ),
 ( #4194, #1228, #1181, #4217, #2888 ) ),
 .UNSPECIFIED., .F., .F., .F.,
 ( 4, 4 ),
 ( 4, 1, 4 ),
 ( -0.2849999999999999756, 0.000000000000000000 ),
 ( 0.000000000000000000, 0.2894265773048950163, 0.6753286803780890191 ),
 .UNSPECIFIED. ) ;
#55 = EDGE_LOOP ( 'NONE', ( #2131, #4339, #3139, #825 ) ) ;
#56 = CARTESIAN_POINT ( 'NONE',  ( 83.83749559196429857, -32.42491517471950147, -22.21056140162219705 ) ) ;
#57 = CARTESIAN_POINT ( 'NONE',  ( 65.37157180922321231, -61.41067514096609870, -9.693731634542869458 ) ) ;
#58 = CARTESIAN_POINT ( 'NONE',  ( 92.16017106555869987, 0.6308617394104570897, -7.031991484882269994 ) ) ;
#59 = CARTESIAN_POINT ( 'NONE',  ( 83.88717373020620016, -34.69200047834340239, -26.25872227629569977 ) ) ;
#60 = ADVANCED_FACE ( 'NONE', ( #1412 ), #54, .T. ) ;
#61 = CARTESIAN_POINT ( 'NONE',  ( 85.53944597331729938, -30.78368507598500159, -25.94529386492570211 ) ) ;
#62 = B_SPLINE_CURVE_WITH_KNOTS ( 'NONE', 3,
 ( #491, #3971, #2287, #2593 ),
 .UNSPECIFIED., .F., .F.,
 ( 4, 4 ),
 ( 0.000000000000000000, 0.2487775410102249785 ),
 .UNSPECIFIED. ) ;
#63 = CARTESIAN_POINT ( 'NONE',  ( 92.09531219077381081, -2.901896853677259802, -9.701099536806470525 ) ) ;
#64 = CARTESIAN_POINT ( 'NONE',  ( 61.41536315384698241, -64.56198833012714999, 0.000000000000000000 ) ) ;
#65 = DIRECTION ( 'NONE',  ( 0.000000000000000000, 0.000000000000000000, 1.000000000000000000 ) ) ;
#66 = EDGE_CURVE ( 'NONE', #2914, #1680, #1213, .T. ) ;
#67 = VERTEX_POINT ( 'NONE', #1521 ) ;
#68 = CIRCLE ( 'NONE', #2143, 0.8000000000000011546 ) ;
#69 = CARTESIAN_POINT ( 'NONE',  ( 82.70796593050660306, -35.04782082996269565, -26.86795847563039885 ) ) ;
#70 = CARTESIAN_POINT ( 'NONE',  ( 83.88717373020620016, -34.69200047834340239, -26.25872227629569977 ) ) ;
#71 = CARTESIAN_POINT ( 'NONE',  ( 62.69562275390519801, -60.68036842752359661, 121.3619999999999948 ) ) ;
#72 = AXIS2_PLACEMENT_3D ( 'NONE', #1890, #1914, #4203 ) ;
#73 = B_SPLINE_CURVE_WITH_KNOTS ( 'NONE', 3,
 ( #3181, #2253, #2490, #1210, #3532 ),
 .UNSPECIFIED., .F., .F.,
 ( 4, 1, 4 ),
 ( 0.000000000000000000, 0.5714285714285701756, 1.000000000000000000 ),
 .UNSPECIFIED. ) ;
#74 = CARTESIAN_POINT ( 'NONE',  ( 62.75662786789889935, -61.57027716186690469, -9.628552172615101767 ) ) ;
#75 = LINE ( 'NONE', #4153, #1568 ) ;
#76 = ORIENTED_EDGE ( 'NONE', *, *, #1404, .T. ) ;
#77 = B_SPLINE_SURFACE_WITH_KNOTS ( 'NONE', 3, 3, ( 
 ( #2239, #818, #2951, #1535 ),
 ( #127, #2523, #2215, #3540 ),
 ( #2856, #489, #840, #221 ),
 ( #1919, #4302, #886, #514 ),
 ( #4208, #536, #3925, #2285 ) ),
 .UNSPECIFIED., .F., .F., .F.,
 ( 4, 1, 4 ),
 ( 4, 4 ),
 ( 1.678026862431189977E-15, 0.8975979010256500690, 1.570796326794889897 ),
 ( 0.000000000000000000, 0.08146959963896649448 ),
 .UNSPECIFIED. ) ;
#78 = ORIENTED_EDGE ( 'NONE', *, *, #2004, .F. ) ;
#79 = ADVANCED_FACE ( 'NONE', ( #806 ), #735, .T. ) ;
#80 = DIRECTION ( 'NONE',  ( 0.000000000000000000, 1.000000000000000000, 0.000000000000000000 ) ) ;
#81 = CARTESIAN_POINT ( 'NONE',  ( 90.48999999999999488, -2.225000000000000089, 0.000000000000000000 ) ) ;
#82 = FACE_OUTER_BOUND ( 'NONE', #120, .T. ) ;
#83 = CARTESIAN_POINT ( 'NONE',  ( 83.89418616893439662, -34.67028334280389856, -26.49699131199930235 ) ) ;
#84 = CARTESIAN_POINT ( 'NONE',  ( 89.68405899941110704, -1.419934515287319954, -1.000000000000000000 ) ) ;
#85 = EDGE_CURVE ( 'NONE', #599, #1518, #1834, .T. ) ;
#86 = CARTESIAN_POINT ( 'NONE',  ( 90.51786063162879259, 2.230016392194730468, -3.000000000000000000 ) ) ;
#87 = CARTESIAN_POINT ( 'NONE',  ( 64.60202386030400135, -59.43296687597830186, -6.084697556276770669 ) ) ;
#88 = CARTESIAN_POINT ( 'NONE',  ( 82.51642058695991011, -33.69687073239369823, -22.53706764423619902 ) ) ;
#89 = CARTESIAN_POINT ( 'NONE',  ( 63.92404669785010896, -60.59171594433880870, -10.42234462248899973 ) ) ;
#90 = ORIENTED_EDGE ( 'NONE', *, *, #66, .T. ) ;
#91 = EDGE_CURVE ( 'NONE', #2914, #2157, #208, .T. ) ;
#92 = ADVANCED_FACE ( 'NONE', ( #2936 ), #3447, .T. ) ;
#93 = CARTESIAN_POINT ( 'NONE',  ( 82.21264831275819063, -35.90858812607169881, -22.97306544754470181 ) ) ;
#94 = CARTESIAN_POINT ( 'NONE',  ( 82.19116396392630008, -32.93705964572779266, -23.30965760129770104 ) ) ;
#95 = CARTESIAN_POINT ( 'NONE',  ( 60.68244496896949869, -62.71975276436340607, -3.000000000000000000 ) ) ;
#96 = EDGE_CURVE ( 'NONE', #3314, #2624, #3454, .T. ) ;
#97 = CARTESIAN_POINT ( 'NONE',  ( 63.52651178341699278, -60.13638640971569771, -10.30028012660099890 ) ) ;
#98 = CARTESIAN_POINT ( 'NONE',  ( 91.35679862206259827, 2.217839553051209833, -4.352355746658949975 ) ) ;
#99 = VERTEX_POINT ( 'NONE', #1566 ) ;
#100 = ORIENTED_EDGE ( 'NONE', *, *, #3371, .F. ) ;
#101 = CARTESIAN_POINT ( 'NONE',  ( 79.56937224884489979, -35.62735817748149714, -25.62038007188720101 ) ) ;
#102 = CARTESIAN_POINT ( 'NONE',  ( 91.18382686246729918, -4.526980133320660293, -6.462149270052520045 ) ) ;
#103 = CARTESIAN_POINT ( 'NONE',  ( 92.12771064129080401, 0.4548150013613250220, -4.050679368685549342 ) ) ;
#104 = CARTESIAN_POINT ( 'NONE',  ( 80.88448471955659613, -34.94115199177340259, -22.19892396458040196 ) ) ;
#105 = CARTESIAN_POINT ( 'NONE',  ( 63.26130817885450597, -61.24605385247279798, 121.3619999999999948 ) ) ;
#106 = CARTESIAN_POINT ( 'NONE',  ( 90.45320137793740400, -2.217839553051200063, -3.591376714073129861 ) ) ;
#107 = DIRECTION ( 'NONE',  ( 0.000000000000000000, 0.000000000000000000, 1.000000000000000000 ) ) ;
#108 = CARTESIAN_POINT ( 'NONE',  ( 90.31253079855960664, 1.384620154483090060, -7.507229268027030500 ) ) ;
#109 = CARTESIAN_POINT ( 'NONE',  ( 81.89344768256120233, -35.22570380752289765, -22.29860219601479798 ) ) ;
#110 = CARTESIAN_POINT ( 'NONE',  ( 61.35211986965079944, -62.02387131177800228, 0.000000000000000000 ) ) ;
#111 = CARTESIAN_POINT ( 'NONE',  ( 89.66927881656590671, -1.649033202588659819, -3.000000000000000000 ) ) ;
#112 = ORIENTED_EDGE ( 'NONE', *, *, #1017, .T. ) ;
#113 = CARTESIAN_POINT ( 'NONE',  ( 83.46762976596119188, -34.28903797789940455, -22.56763787123239595 ) ) ;
#114 = CARTESIAN_POINT ( 'NONE',  ( 82.40433827660540089, -32.72397335202389712, -26.14375637288310017 ) ) ;
#115 = CARTESIAN_POINT ( 'NONE',  ( 83.14329579663349534, -33.52738036814989897, -22.50776165015249930 ) ) ;
#116 = DIRECTION ( 'NONE',  ( 0.7381888605863209385, -0.6744789268912549929, 0.01246528322543990000 ) ) ;
#117 = ORIENTED_EDGE ( 'NONE', *, *, #2985, .F. ) ;
#118 = CARTESIAN_POINT ( 'NONE',  ( 60.68244496896949869, -62.71975276436340607, -3.000000000000000000 ) ) ;
#119 = CARTESIAN_POINT ( 'NONE',  ( 86.30314247658229476, -32.21586513681104691, -23.99786520565285031 ) ) ;
#120 = EDGE_LOOP ( 'NONE', ( #1853, #2114, #1077, #2584 ) ) ;
#121 = ORIENTED_EDGE ( 'NONE', *, *, #1948, .F. ) ;
#122 = CARTESIAN_POINT ( 'NONE',  ( 89.70581387067059609, -0.1571644930060290268, -6.520830898034880363 ) ) ;
#123 = CARTESIAN_POINT ( 'NONE',  ( 90.43424970649959960, -2.573938897843059959, -4.981120924338259925 ) ) ;
#124 = CARTESIAN_POINT ( 'NONE',  ( 84.39240926681860344, -32.66933352194709528, -22.05923583465040139 ) ) ;
#125 = CARTESIAN_POINT ( 'NONE',  ( 84.26673098652851479, -30.72137468793470205, -25.24451156902189908 ) ) ;
#126 = CARTESIAN_POINT ( 'NONE',  ( 83.46762976596119188, -34.28903797789940455, -22.56763787123239595 ) ) ;
#127 = CARTESIAN_POINT ( 'NONE',  ( 79.59923878839950362, -37.06842459994859951, -25.94422129125819865 ) ) ;
#128 = CARTESIAN_POINT ( 'NONE',  ( 81.07826242163720565, -36.02933840317949432, -26.65678548194980024 ) ) ;
#129 = CARTESIAN_POINT ( 'NONE',  ( 89.83243603873989969, -2.527715789990410133, -10.26120085787979974 ) ) ;
#130 = CARTESIAN_POINT ( 'NONE',  ( 83.64273454641698891, -32.09654189955730175, -24.96920776008980170 ) ) ;
#131 = CARTESIAN_POINT ( 'NONE',  ( 84.30167584263320180, -34.04296471607700170, -22.53903258587209990 ) ) ;
#132 = CARTESIAN_POINT ( 'NONE',  ( 86.03351518064640402, -32.92279408372379379, -22.78113516328539845 ) ) ;
#133 = PRODUCT ( 'PEM-Referenzstator-205-130-160-6-48_Draht-5-6-nicht separiert_20211018_A', 'PEM-Referenzstator-205-130-160-6-48_Draht-5-6-nicht separiert_20211018_A', '', ( #2647 ) ) ;
#134 = ORIENTED_EDGE ( 'NONE', *, *, #3617, .F. ) ;
#135 = EDGE_CURVE ( 'NONE', #1435, #4024, #570, .T. ) ;
#136 = CARTESIAN_POINT ( 'NONE',  ( 83.79666573202769086, -34.97229875117579923, -23.18343644702389739 ) ) ;
#137 = CARTESIAN_POINT ( 'NONE',  ( 85.63817446339939465, -30.94224465451789996, -26.00647867783860079 ) ) ;
#138 = CARTESIAN_POINT ( 'NONE',  ( 91.50011050903599141, -2.510304516787360107, -10.42039526951620054 ) ) ;
#139 = B_SPLINE_CURVE_WITH_KNOTS ( 'NONE', 3,
 ( #1194, #3969, #2924, #2900, #1871 ),
 .UNSPECIFIED., .F., .F.,
 ( 4, 1, 4 ),
 ( 0.000000000000000000, 0.1421585948629860152, 0.2487775410102249785 ),
 .UNSPECIFIED. ) ;
#140 = B_SPLINE_CURVE_WITH_KNOTS ( 'NONE', 3,
 ( #4396, #3025, #3977, #4065 ),
 .UNSPECIFIED., .F., .F.,
 ( 4, 4 ),
 ( 0.000000000000000000, 0.2999999999999999889 ),
 .UNSPECIFIED. ) ;
#141 = VECTOR ( 'NONE', #1434, 999.9999999999998863 ) ;
#142 = CARTESIAN_POINT ( 'NONE',  ( 91.94500318774511527, 2.065898452631039994, -3.000000000000000000 ) ) ;
#143 = ORIENTED_EDGE ( 'NONE', *, *, #1528, .T. ) ;
#144 = CARTESIAN_POINT ( 'NONE',  ( 66.29306558947008909, -60.04690623083550349, -6.594179299417949558 ) ) ;
#145 = EDGE_CURVE ( 'NONE', #3785, #1233, #1588, .T. ) ;
#146 = ORIENTED_EDGE ( 'NONE', *, *, #1533, .F. ) ;
#147 = VECTOR ( 'NONE', #116, 1000.000000000000114 ) ;
#148 = ORIENTED_EDGE ( 'NONE', *, *, #883, .T. ) ;
#149 = CARTESIAN_POINT ( 'NONE',  ( 82.25031397024059743, -35.67491242802569928, -26.12548320578280325 ) ) ;
#150 = CARTESIAN_POINT ( 'NONE',  ( 91.22628254392830627, -3.737513477319829747, -6.059602598074120827 ) ) ;
#151 = EDGE_CURVE ( 'NONE', #3802, #3666, #1736, .T. ) ;
#152 = CARTESIAN_POINT ( 'NONE',  ( 83.27366605612600381, -33.12363087307859644, -26.93748962607499919 ) ) ;
#153 = B_SPLINE_CURVE_WITH_KNOTS ( 'NONE', 3,
 ( #3903, #539, #3544, #3615 ),
 .UNSPECIFIED., .F., .F.,
 ( 4, 4 ),
 ( 0.000000000000000000, 0.009536135058319140587 ),
 .UNSPECIFIED. ) ;
#154 = CARTESIAN_POINT ( 'NONE',  ( 89.88225000154929489, -2.074521397043969984, -1.000000000000000000 ) ) ;
#155 = CARTESIAN_POINT ( 'NONE',  ( 90.48999999999999488, -2.225000000000000089, 0.000000000000000000 ) ) ;
#156 = CARTESIAN_POINT ( 'NONE',  ( 61.83295248085759965, -63.84820680723930764, 0.000000000000000000 ) ) ;
#157 = CARTESIAN_POINT ( 'NONE',  ( 63.82699360380370024, -60.68036842752359661, 0.000000000000000000 ) ) ;
#158 = CARTESIAN_POINT ( 'NONE',  ( 85.15005264572120325, -30.63845666983119997, -25.94507509142970036 ) ) ;
#159 = CARTESIAN_POINT ( 'NONE',  ( 83.14329579663349534, -33.52738036814979949, -22.50776165015249930 ) ) ;
#160 = CARTESIAN_POINT ( 'NONE',  ( 84.53117137629259048, -32.70237675019387069, -22.04895097268581949 ) ) ;
#161 = EDGE_LOOP ( 'NONE', ( #1259, #27, #1326, #2415 ) ) ;
#162 = CARTESIAN_POINT ( 'NONE',  ( 86.55185033661680905, -31.56726427730040285, -25.50840657647300347 ) ) ;
#163 = CARTESIAN_POINT ( 'NONE',  ( 85.13026669919290157, -30.71097103875039735, -25.98733776836860088 ) ) ;
#164 = CARTESIAN_POINT ( 'NONE',  ( 86.46538923151599931, -31.20461283605349934, -25.81748953382079748 ) ) ;
#165 = CARTESIAN_POINT ( 'NONE',  ( 90.78522287171989547, 2.226095445616449897, -2.000000000000000000 ) ) ;
#166 = CARTESIAN_POINT ( 'NONE',  ( 81.73047143266950343, -35.15077342324300247, -22.29142869199300137 ) ) ;
#167 = ORIENTED_EDGE ( 'NONE', *, *, #3552, .F. ) ;
#168 = CARTESIAN_POINT ( 'NONE',  ( 81.73076077131230477, -36.71749496723300155, -25.94005862328570089 ) ) ;
#169 = ORIENTED_EDGE ( 'NONE', *, *, #475, .T. ) ;
#170 = ORIENTED_EDGE ( 'NONE', *, *, #557, .F. ) ;
#171 = VECTOR ( 'NONE', #3070, 1000.000000000000114 ) ;
#172 = CARTESIAN_POINT ( 'NONE',  ( 86.54281979421419635, -31.57026826390600149, -25.24578710176280083 ) ) ;
#173 = CARTESIAN_POINT ( 'NONE',  ( 84.23352860345160309, -32.59141117712670166, -22.04870992750010217 ) ) ;
#174 = CARTESIAN_POINT ( 'NONE',  ( 85.87558903740030303, -31.76894288638430197, -26.35530235472930372 ) ) ;
#175 = CARTESIAN_POINT ( 'NONE',  ( 84.89154996448250756, -32.89478781280109843, -22.07804042928999877 ) ) ;
#176 = EDGE_CURVE ( 'NONE', #3510, #504, #1310, .T. ) ;
#177 = CARTESIAN_POINT ( 'NONE',  ( 82.73066634842651013, -34.20670343841219818, -22.55569942743940004 ) ) ;
#178 = CARTESIAN_POINT ( 'NONE',  ( 82.53730405362180989, -33.82549853350190716, -26.99375511522260140 ) ) ;
#179 = CARTESIAN_POINT ( 'NONE',  ( 64.44801064744818575, -58.77261866801330115, -7.200722844752390550 ) ) ;
#180 = CARTESIAN_POINT ( 'NONE',  ( 89.67227249551349644, -1.409692484083840069, -3.000000000000000000 ) ) ;
#181 = CARTESIAN_POINT ( 'NONE',  ( 82.63459167210369571, -32.79188178383269303, -23.27508778475769802 ) ) ;
#182 = CARTESIAN_POINT ( 'NONE',  ( 84.66060422917522033, -32.75063120823681828, -22.04905579352780975 ) ) ;
#183 = ADVANCED_FACE ( 'NONE', ( #4356 ), #1658, .T. ) ;
#184 = EDGE_LOOP ( 'NONE', ( #1550, #4400, #3806, #2930 ) ) ;
#185 = CARTESIAN_POINT ( 'NONE',  ( 92.14741378910949265, 1.644010657837120082, -4.254715481001400512 ) ) ;
#186 = CARTESIAN_POINT ( 'NONE',  ( 91.32078122530380426, -2.502316892102869783, -10.42251317532199906 ) ) ;
#187 = CARTESIAN_POINT ( 'NONE',  ( 83.76008028247319714, -31.89210701831430583, -25.89731188976060139 ) ) ;
#188 = CARTESIAN_POINT ( 'NONE',  ( 81.54807474965360825, -35.41885617099470096, -22.13992765335009949 ) ) ;
#189 = ORIENTED_EDGE ( 'NONE', *, *, #933, .F. ) ;
#190 = CARTESIAN_POINT ( 'NONE',  ( 89.76080302235712338, -4.396832831201004765, -6.609218833024616657 ) ) ;
#191 = EDGE_LOOP ( 'NONE', ( #2181, #618, #121, #2097 ) ) ;
#192 = ORIENTED_EDGE ( 'NONE', *, *, #1180, .F. ) ;
#193 = CARTESIAN_POINT ( 'NONE',  ( 62.69562275390519801, -60.68036842752359661, 0.000000000000000000 ) ) ;
#194 = CARTESIAN_POINT ( 'NONE',  ( 83.73729433461220140, -32.13782444868210320, -22.55183756843240062 ) ) ;
#195 = LINE ( 'NONE', #4273, #4346 ) ;
#196 = CARTESIAN_POINT ( 'NONE',  ( 84.92021208269468957, -32.84741680784519957, -22.04926603623810166 ) ) ;
#197 = CARTESIAN_POINT ( 'NONE',  ( 82.83312275101049238, -33.89481491553529935, -22.54704579070250148 ) ) ;
#198 = CARTESIAN_POINT ( 'NONE',  ( 89.69000000000001194, -1.425000000000000044, 0.000000000000000000 ) ) ;
#199 = LINE ( 'NONE', #2926, #652 ) ;
#200 = CARTESIAN_POINT ( 'NONE',  ( 90.35470668890360457, -4.490049741212129852, -6.471941303973379966 ) ) ;
#201 = EDGE_CURVE ( 'NONE', #2138, #1232, #3127, .T. ) ;
#202 = CARTESIAN_POINT ( 'NONE',  ( 92.09983717111110479, -1.619590138829209991, -3.000000000000000000 ) ) ;
#203 = ORIENTED_EDGE ( 'NONE', *, *, #4176, .T. ) ;
#204 = CARTESIAN_POINT ( 'NONE',  ( 81.95276665029950891, -36.34050488799579881, -24.83408947904190001 ) ) ;
#205 = CARTESIAN_POINT ( 'NONE',  ( 90.79450565850000032, 2.226556110141310274, -3.000000000000000000 ) ) ;
#206 = CARTESIAN_POINT ( 'NONE',  ( 79.74669928548010489, -35.32623762203949980, -24.73698801103970268 ) ) ;
#207 = EDGE_CURVE ( 'NONE', #2485, #1936, #3335, .T. ) ;
#208 = LINE ( 'NONE', #3200, #3783 ) ;
#209 = CARTESIAN_POINT ( 'NONE',  ( 64.41255987439680553, -62.38254664401760152, -2.000000000000000000 ) ) ;
#210 = ORIENTED_EDGE ( 'NONE', *, *, #1758, .F. ) ;
#211 = CARTESIAN_POINT ( 'NONE',  ( 80.57409842929399701, -37.50794512608150200, -25.94423413766170228 ) ) ;
#212 = ORIENTED_EDGE ( 'NONE', *, *, #4002, .F. ) ;
#213 = ORIENTED_EDGE ( 'NONE', *, *, #410, .T. ) ;
#214 = VECTOR ( 'NONE', #2732, 999.9999999999998863 ) ;
#215 = CARTESIAN_POINT ( 'NONE',  ( 92.00759984603590169, -4.198591289063940302, -7.164686698600159609 ) ) ;
#216 = CARTESIAN_POINT ( 'NONE',  ( 80.90196270791379618, -33.57633879126139931, -23.31828515374380117 ) ) ;
#217 = CARTESIAN_POINT ( 'NONE',  ( 80.28563873799619444, -36.65620991517880611, -26.27572973745450113 ) ) ;
#218 = B_SPLINE_SURFACE_WITH_KNOTS ( 'NONE', 3, 3, ( 
 ( #3796, #2107, #93, #3465 ),
 ( #3134, #4147, #3618, #3222 ),
 ( #3640, #2886, #2224, #204 ),
 ( #3266, #1878, #2597, #3954 ) ),
 .UNSPECIFIED., .F., .F., .F.,
 ( 4, 4 ),
 ( 4, 4 ),
 ( 0.000000000000000000, 0.2849999999999999756 ),
 ( 0.000000000000000000, 0.08146959963896649448 ),
 .UNSPECIFIED. ) ;
#219 = CARTESIAN_POINT ( 'NONE',  ( 82.33750331949279655, -33.35004012420529307, -26.97637953711710423 ) ) ;
#220 = EDGE_CURVE ( 'NONE', #4258, #1233, #594, .T. ) ;
#221 = CARTESIAN_POINT ( 'NONE',  ( 79.59038264373349136, -35.87830366058999942, -26.18326424015610243 ) ) ;
#222 = CARTESIAN_POINT ( 'NONE',  ( 64.39718391548831278, -61.24323166420400355, -3.000000000000000000 ) ) ;
#223 = CARTESIAN_POINT ( 'NONE',  ( 75.55044964510270233, -44.63075733929519373, -19.14562650084689821 ) ) ;
#224 = CARTESIAN_POINT ( 'NONE',  ( 82.19580266457390394, -32.94385253496290034, -23.07043954018990206 ) ) ;
#225 = B_SPLINE_CURVE_WITH_KNOTS ( 'NONE', 3,
 ( #4390, #4057, #4410, #2380, #335 ),
 .UNSPECIFIED., .F., .F.,
 ( 4, 1, 4 ),
 ( 0.000000000000000000, 0.4285714285714266047, 1.000000000000000000 ),
 .UNSPECIFIED. ) ;
#226 = CARTESIAN_POINT ( 'NONE',  ( 91.31999999999999318, 2.225000000000000089, 0.000000000000000000 ) ) ;
#227 = ADVANCED_FACE ( 'NONE', ( #1952 ), #2041, .T. ) ;
#228 = CARTESIAN_POINT ( 'NONE',  ( 85.99335526555539388, -33.02781872135890495, -22.56982981939290056 ) ) ;
#229 = LINE ( 'NONE', #2491, #141 ) ;
#230 = CARTESIAN_POINT ( 'NONE',  ( 66.31489716653280198, -60.32769457347389874, -6.958510964853109826 ) ) ;
#231 = CARTESIAN_POINT ( 'NONE',  ( 91.32078122530370479, -2.502316892102849799, -10.42251317532199906 ) ) ;
#232 = DIRECTION ( 'NONE',  ( 0.000000000000000000, 0.000000000000000000, 1.000000000000000000 ) ) ;
#233 = EDGE_CURVE ( 'NONE', #3824, #2603, #2622, .T. ) ;
#234 = EDGE_LOOP ( 'NONE', ( #4107, #3502, #2672, #496 ) ) ;
#235 = CARTESIAN_POINT ( 'NONE',  ( 60.69707674422379284, -63.85102899550809497, -3.000000000000000000 ) ) ;
#236 = ORIENTED_EDGE ( 'NONE', *, *, #3766, .T. ) ;
#237 = EDGE_CURVE ( 'NONE', #3133, #3379, #140, .T. ) ;
#238 = EDGE_LOOP ( 'NONE', ( #3862, #4005, #4199, #598 ) ) ;
#239 = EDGE_LOOP ( 'NONE', ( #1938, #1176, #1665, #3981 ) ) ;
#240 = CARTESIAN_POINT ( 'NONE',  ( 79.24730067621941032, -36.48500015197629409, -25.24416892470710039 ) ) ;
#241 = CARTESIAN_POINT ( 'NONE',  ( 91.29213936837120968, -2.230016392194720254, -3.000000000000000000 ) ) ;
#242 = CARTESIAN_POINT ( 'NONE',  ( 86.13249576541900865, -31.02132451174539796, -25.91769111961140126 ) ) ;
#243 = CARTESIAN_POINT ( 'NONE',  ( 82.22768903197901125, -35.83899591569489473, -24.06477974283939858 ) ) ;
#244 = CARTESIAN_POINT ( 'NONE',  ( 79.92901987322321133, -36.11494135231030356, -26.38669206521189992 ) ) ;
#245 = CARTESIAN_POINT ( 'NONE',  ( 62.69562275390519801, -60.68036842752359661, 0.000000000000000000 ) ) ;
#246 = LINE ( 'NONE', #1021, #3924 ) ;
#247 = CARTESIAN_POINT ( 'NONE',  ( 77.61834600027430042, -44.31733467039450147, -16.77543889271899857 ) ) ;
#248 = B_SPLINE_CURVE_WITH_KNOTS ( 'NONE', 3,
 ( #1855, #4259, #3933, #2246 ),
 .UNSPECIFIED., .F., .F.,
 ( 4, 4 ),
 ( 0.000000000000000000, 1.000000000000000000 ),
 .UNSPECIFIED. ) ;
#249 = CARTESIAN_POINT ( 'NONE',  ( 89.84468952582690804, 2.028539093638999979, -1.000000000000000000 ) ) ;
#250 = B_SPLINE_SURFACE_WITH_KNOTS ( 'NONE', 3, 3, ( 
 ( #741, #4090, #3403, #3135 ),
 ( #1369, #2389, #1029, #1389 ),
 ( #2779, #1090, #1069, #2108 ),
 ( #1703, #2409, #2465, #70 ) ),
 .UNSPECIFIED., .F., .F., .F.,
 ( 4, 4 ),
 ( 4, 4 ),
 ( 0.000000000000000000, 0.2849999999999999756 ),
 ( 1.561435541111820147, 1.655724346088029986 ),
 .UNSPECIFIED. ) ;
#251 = CARTESIAN_POINT ( 'NONE',  ( 71.97269191116849640, -54.37721605718689943, -14.69095593790789955 ) ) ;
#252 = CARTESIAN_POINT ( 'NONE',  ( 62.06069657393349814, -64.04728089757600173, -7.427440272362390239 ) ) ;
#253 = CARTESIAN_POINT ( 'NONE',  ( 65.75960391603460664, -60.64022872664759944, -6.181618681881819732 ) ) ;
#254 = CARTESIAN_POINT ( 'NONE',  ( 62.41473744696790504, -64.41512050644961107, -2.000000000000000000 ) ) ;
#255 =( LENGTH_UNIT ( ) NAMED_UNIT ( * ) SI_UNIT ( .MILLI., .METRE. ) );
#256 = ORIENTED_EDGE ( 'NONE', *, *, #3364, .T. ) ;
#257 = CARTESIAN_POINT ( 'NONE',  ( 86.51169042152568522, -31.67228891493559928, -25.29710123258050203 ) ) ;
#258 = EDGE_LOOP ( 'NONE', ( #1186, #1784, #192, #2766 ) ) ;
#259 = EDGE_CURVE ( 'NONE', #1232, #1645, #3546, .T. ) ;
#260 = ORIENTED_EDGE ( 'NONE', *, *, #1380, .T. ) ;
#261 = CARTESIAN_POINT ( 'NONE',  ( 90.27851991312401481, 2.233010071142299768, -3.000000000000000000 ) ) ;
#262 = CARTESIAN_POINT ( 'NONE',  ( 86.44373403081149831, -31.27767141557719910, -25.85612234384949915 ) ) ;
#263 = CARTESIAN_POINT ( 'NONE',  ( 64.39718391548831278, -61.24323166420400355, -3.000000000000000000 ) ) ;
#264 = CARTESIAN_POINT ( 'NONE',  ( 81.29634605780699985, -35.30405851822330021, -22.13643035368719936 ) ) ;
#265 = ADVANCED_FACE ( 'NONE', ( #4377 ), #977, .T. ) ;
#266 = B_SPLINE_CURVE_WITH_KNOTS ( 'NONE', 3,
 ( #4133, #1328, #4403, #2719, #2069 ),
 .UNSPECIFIED., .F., .F.,
 ( 4, 1, 4 ),
 ( 0.000000000000000000, 0.1172198319751709961, 0.2735129412753989908 ),
 .UNSPECIFIED. ) ;
#267 = CARTESIAN_POINT ( 'NONE',  ( 84.63259495292508916, -32.79739122750499547, -22.07884765070619792 ) ) ;
#268 = CARTESIAN_POINT ( 'NONE',  ( 92.10208243032180064, -1.440084599950590238, -3.000000000000000000 ) ) ;
#269 = CARTESIAN_POINT ( 'NONE',  ( 77.89022080352120270, -45.46150181825980496, -18.30294833317589820 ) ) ;
#270 = CARTESIAN_POINT ( 'NONE',  ( 64.40837467978769837, -61.25921935516900163, -1.000000000000000000 ) ) ;
#271 = DIRECTION ( 'NONE',  ( 0.000000000000000000, 0.000000000000000000, 1.000000000000000000 ) ) ;
#272 = CARTESIAN_POINT ( 'NONE',  ( 92.09624140303689899, -1.444940002985930061, -3.725007193604359834 ) ) ;
#273 = CARTESIAN_POINT ( 'NONE',  ( 81.45941689683330367, -35.54441630754980253, -22.05023031256990151 ) ) ;
#274 = CARTESIAN_POINT ( 'NONE',  ( 61.90906479220360126, -64.74527132202021562, -4.296067995095830483 ) ) ;
#275 = CARTESIAN_POINT ( 'NONE',  ( 64.86108198864440055, -61.89149675643140114, -5.285536253199840218 ) ) ;
#276 = CARTESIAN_POINT ( 'NONE',  ( 64.41389223218850191, -62.39863790580689340, 0.000000000000000000 ) ) ;
#277 = VERTEX_POINT ( 'NONE', #1620 ) ;
#278 = CARTESIAN_POINT ( 'NONE',  ( 83.80367817075600101, -34.95058161563620303, -23.42170548272740049 ) ) ;
#279 = ORIENTED_EDGE ( 'NONE', *, *, #1060, .F. ) ;
#280 = EDGE_LOOP ( 'NONE', ( #1655, #3036, #1741, #1256 ) ) ;
#281 = EDGE_CURVE ( 'NONE', #3379, #1346, #2334, .T. ) ;
#282 = CARTESIAN_POINT ( 'NONE',  ( 80.70276438929528240, -35.20327559942919748, -22.05022034163359734 ) ) ;
#283 = LINE ( 'NONE', #1576, #1059 ) ;
#284 = CARTESIAN_POINT ( 'NONE',  ( 64.39176088850740598, -61.23553713181790670, -3.594841940505769884 ) ) ;
#285 = CARTESIAN_POINT ( 'NONE',  ( 81.20719939432071044, -35.43070273817630067, -22.05022698892449995 ) ) ;
#286 = LINE ( 'NONE', #1015, #2076 ) ;
#287 = CIRCLE ( 'NONE', #4062, 0.7999999999999951594 ) ;
#288 = ORIENTED_EDGE ( 'NONE', *, *, #4202, .F. ) ;
#289 = CARTESIAN_POINT ( 'NONE',  ( 82.00360519987549424, -33.79113562191310649, -26.98956333228370141 ) ) ;
#290 = CARTESIAN_POINT ( 'NONE',  ( 82.51642058695999538, -33.69687073239369823, -22.53706764423619902 ) ) ;
#291 = DIRECTION ( 'NONE',  ( 1.000000000000000000, 0.000000000000000000, 0.000000000000000000 ) ) ;
#292 = CARTESIAN_POINT ( 'NONE',  ( 64.57886531070919034, -62.20308045846329748, -3.000000000000000000 ) ) ;
#293 = B_SPLINE_CURVE_WITH_KNOTS ( 'NONE', 3,
 ( #3060, #1733, #4099, #3768, #4409 ),
 .UNSPECIFIED., .F., .F.,
 ( 4, 1, 4 ),
 ( 0.000000000000000000, 0.2894265773048950163, 0.6753286803780890191 ),
 .UNSPECIFIED. ) ;
#294 = VECTOR ( 'NONE', #593, 1000.000000000000114 ) ;
#295 = CARTESIAN_POINT ( 'NONE',  ( 84.93564856873369706, -30.57494654388809963, -25.91702039979540118 ) ) ;
#296 = B_SPLINE_SURFACE_WITH_KNOTS ( 'NONE', 3, 3, ( 
 ( #426, #2552, #3905, #2221, #1783 ),
 ( #3572, #519, #1107, #1199, #3815 ),
 ( #3835, #778, #2151, #3173, #2173 ),
 ( #111, #1469, #2836, #2506, #3860 ),
 ( #4373, #590, #3021, #3638, #1584 ) ),
 .UNSPECIFIED., .F., .F., .F.,
 ( 4, 1, 4 ),
 ( 4, 1, 4 ),
 ( -1.570796326794899889, -0.8975979010256550650, 0.000000000000000000 ),
 ( 0.000000000000000000, 0.2918641954812579709, 0.6810164561229340441 ),
 .UNSPECIFIED. ) ;
#297 = B_SPLINE_CURVE_WITH_KNOTS ( 'NONE', 3,
 ( #4072, #3117, #3780, #3487, #1073 ),
 .UNSPECIFIED., .F., .F.,
 ( 4, 1, 4 ),
 ( 0.000000000000000000, 0.2918641954812579709, 0.6810164561229340441 ),
 .UNSPECIFIED. ) ;
#298 = CARTESIAN_POINT ( 'NONE',  ( 89.66788806817149293, -2.793775344251060222, -9.729767780695249613 ) ) ;
#299 = CARTESIAN_POINT ( 'NONE',  ( 86.54281979421419635, -31.57026826390600149, -25.24578710176280083 ) ) ;
#300 = CARTESIAN_POINT ( 'NONE',  ( 64.71366887816020608, -62.04802510050549813, -5.417155911552889336 ) ) ;
#301 = DIRECTION ( 'NONE',  ( 0.000000000000000000, -1.000000000000000000, 0.000000000000000000 ) ) ;
#302 = VECTOR ( 'NONE', #1275, 1000.000000000000000 ) ;
#303 = EDGE_LOOP ( 'NONE', ( #2823, #4347, #1408, #2375 ) ) ;
#304 = CARTESIAN_POINT ( 'NONE',  ( 80.89983426106229558, -36.56128549873449884, -26.42942308227879877 ) ) ;
#305 = ORIENTED_EDGE ( 'NONE', *, *, #3804, .F. ) ;
#306 = CARTESIAN_POINT ( 'NONE',  ( 91.28309435352070977, -2.231586641341039901, -3.589597231337199545 ) ) ;
#307 = DIRECTION ( 'NONE',  ( -0.7071067811865531239, 0.7071067811865420216, 0.000000000000000000 ) ) ;
#308 = CARTESIAN_POINT ( 'NONE',  ( 86.06275206857250737, -32.86119605422769752, -22.74994291027350002 ) ) ;
#309 = CARTESIAN_POINT ( 'NONE',  ( 80.42757802858498906, -37.08870313926470175, -26.12439830980600064 ) ) ;
#310 = B_SPLINE_SURFACE_WITH_KNOTS ( 'NONE', 3, 3, ( 
 ( #2992, #1375, #623, #1985, #3032 ),
 ( #4342, #642, #4029, #1329, #351 ),
 ( #685, #2654, #1640, #1285, #4383 ),
 ( #263, #284, #4363, #3011, #2346 ) ),
 .UNSPECIFIED., .F., .F., .F.,
 ( 4, 4 ),
 ( 4, 1, 4 ),
 ( -0.08300000000000000433, 0.000000000000000000 ),
 ( 0.000000000000000000, 0.2894265773048950163, 0.6753286803780890191 ),
 .UNSPECIFIED. ) ;
#311 = CARTESIAN_POINT ( 'NONE',  ( 86.51169042152568522, -31.67228891493559928, -25.29710123258050203 ) ) ;
#312 = ORIENTED_EDGE ( 'NONE', *, *, #3655, .F. ) ;
#313 = CARTESIAN_POINT ( 'NONE',  ( 92.11801966647040274, -0.4800654847126820113, -1.000000000000000000 ) ) ;
#314 = CARTESIAN_POINT ( 'NONE',  ( 82.00394317774670583, -35.08426983332770277, -22.38179789625099758 ) ) ;
#315 = CARTESIAN_POINT ( 'NONE',  ( 64.21825935606028679, -61.07163417978009790, 0.000000000000000000 ) ) ;
#316 = FACE_OUTER_BOUND ( 'NONE', #4155, .T. ) ;
#317 = CARTESIAN_POINT ( 'NONE',  ( 80.89983426106229558, -36.56128549873449884, -26.42942308227879877 ) ) ;
#318 = CARTESIAN_POINT ( 'NONE',  ( 64.44801064744828523, -58.77261866801330115, -7.200722844752410090 ) ) ;
#319 = CARTESIAN_POINT ( 'NONE',  ( 61.26726705590840538, -64.41389223218850191, 121.3619999999999948 ) ) ;
#320 = CARTESIAN_POINT ( 'NONE',  ( 63.63131670028339215, -60.49692273274429510, -3.000000000000000000 ) ) ;
#321 = CARTESIAN_POINT ( 'NONE',  ( 64.44801064744828523, -58.77261866801330115, -7.200722844752410090 ) ) ;
#322 = EDGE_CURVE ( 'NONE', #879, #2623, #2541, .T. ) ;
#323 = ORIENTED_EDGE ( 'NONE', *, *, #396, .F. ) ;
#324 = CARTESIAN_POINT ( 'NONE',  ( 65.10614735314167945, -58.87031655028793864, -6.485440371706562956 ) ) ;
#325 = CARTESIAN_POINT ( 'NONE',  ( 63.82699360380370024, -60.68036842752359661, 0.000000000000000000 ) ) ;
#326 = ORIENTED_EDGE ( 'NONE', *, *, #3852, .F. ) ;
#327 = CARTESIAN_POINT ( 'NONE',  ( 80.81398246146099495, -34.72940607157879356, -22.25108884293339884 ) ) ;
#328 = CARTESIAN_POINT ( 'NONE',  ( 90.53803358781260613, -0.9469207194896990254, -9.651892059496960385 ) ) ;
#329 = CARTESIAN_POINT ( 'NONE',  ( 83.31623895468730723, -34.03521539493519299, -27.01395035854499937 ) ) ;
#330 = CARTESIAN_POINT ( 'NONE',  ( 89.54749734478210144, -23.71220725707490118, -17.41093342669430299 ) ) ;
#331 = CARTESIAN_POINT ( 'NONE',  ( 82.67193490596528704, -32.59245018565920304, -26.11885408695919963 ) ) ;
#332 = VERTEX_POINT ( 'NONE', #3361 ) ;
#333 = CARTESIAN_POINT ( 'NONE',  ( 83.51375047804300777, -32.71915098971359726, -26.88112405516039871 ) ) ;
#334 = CARTESIAN_POINT ( 'NONE',  ( 83.14385583284179404, -32.91881756514130331, -22.57682602419529871 ) ) ;
#335 = CARTESIAN_POINT ( 'NONE',  ( 92.13772750448649163, 1.409692484083840069, -3.000000000000000000 ) ) ;
#336 = CARTESIAN_POINT ( 'NONE',  ( 64.41255987439680553, -62.38254664401760152, -2.000000000000000000 ) ) ;
#337 = CARTESIAN_POINT ( 'NONE',  ( 91.50326476765920347, -2.598676453701660005, -4.968457034596929667 ) ) ;
#338 = EDGE_CURVE ( 'NONE', #2937, #1005, #2358, .T. ) ;
#339 = CARTESIAN_POINT ( 'NONE',  ( 85.33798464111708881, -33.02291129813449544, -22.05877498321759944 ) ) ;
#340 = CARTESIAN_POINT ( 'NONE',  ( 63.82699360380370024, -60.68036842752359661, 0.000000000000000000 ) ) ;
#341 = CARTESIAN_POINT ( 'NONE',  ( 92.08488052244689470, -1.900728832158589787, -5.416293882961969786 ) ) ;
#342 = CARTESIAN_POINT ( 'NONE',  ( 83.82779554513879816, -34.44827548912510196, -26.89493522245779999 ) ) ;
#343 = ORIENTED_EDGE ( 'NONE', *, *, #1955, .T. ) ;
#344 = CARTESIAN_POINT ( 'NONE',  ( 84.47470604320750454, -30.60549804817333097, -25.83258890962068222 ) ) ;
#345 = ADVANCED_FACE ( 'NONE', ( #2324 ), #310, .T. ) ;
#346 = CARTESIAN_POINT ( 'NONE',  ( 86.22095753739939994, -31.06953748281319960, -25.89190148185970131 ) ) ;
#347 = ORIENTED_EDGE ( 'NONE', *, *, #1353, .T. ) ;
#348 = B_SPLINE_CURVE_WITH_KNOTS ( 'NONE', 3,
 ( #2645, #981, #341, #2019, #3733 ),
 .UNSPECIFIED., .F., .F.,
 ( 4, 1, 4 ),
 ( 0.000000000000000000, 0.2918641954812579709, 0.6810164561229340441 ),
 .UNSPECIFIED. ) ;
#349 = CARTESIAN_POINT ( 'NONE',  ( 85.89712947495679884, -31.03964123981399936, -26.00567145642240163 ) ) ;
#350 = CARTESIAN_POINT ( 'NONE',  ( 79.85001744748400654, -35.14824756724840427, -22.59316649021069878 ) ) ;
#351 = CARTESIAN_POINT ( 'NONE',  ( 65.48707125596369849, -59.21836619176070826, -6.479007313524389744 ) ) ;
#352 = CARTESIAN_POINT ( 'NONE',  ( 61.44530805163689990, -64.58793744370359491, -1.000000000000000000 ) ) ;
#353 = ORIENTED_EDGE ( 'NONE', *, *, #2113, .F. ) ;
#354 = CARTESIAN_POINT ( 'NONE',  ( 82.13593197963339776, -32.85617821361140045, -26.15797423079130013 ) ) ;
#355 = CARTESIAN_POINT ( 'NONE',  ( 83.06089698961649503, -32.69429017152230443, -22.97051330487729714 ) ) ;
#356 = CARTESIAN_POINT ( 'NONE',  ( 65.95173032218980325, -60.74462668722799918, -8.011532015857371292 ) ) ;
#357 = CARTESIAN_POINT ( 'NONE',  ( 91.18382686246729918, -4.526980133320660293, -6.462149270052520045 ) ) ;
#358 = B_SPLINE_CURVE_WITH_KNOTS ( 'NONE', 3,
 ( #3321, #668, #3059, #2032, #3679 ),
 .UNSPECIFIED., .F., .F.,
 ( 4, 1, 4 ),
 ( 0.000000000000000000, 0.2918641954812579709, 0.6810164561229340441 ),
 .UNSPECIFIED. ) ;
#359 = AXIS2_PLACEMENT_3D ( 'NONE', #4157, #3389, #1691 ) ;
#360 = CARTESIAN_POINT ( 'NONE',  ( 80.70276438929528240, -35.20327559942919748, -22.05022034163359734 ) ) ;
#361 = CARTESIAN_POINT ( 'NONE',  ( 81.78813286056849563, -33.90581767386400003, -22.54552231721019595 ) ) ;
#362 = AXIS2_PLACEMENT_3D ( 'NONE', #4092, #1092, #370 ) ;
#363 = CARTESIAN_POINT ( 'NONE',  ( 63.80274413716880133, -60.66397235271089983, -3.000000000000000000 ) ) ;
#364 = ADVANCED_FACE ( 'NONE', ( #4051 ), #3078, .T. ) ;
#365 = VERTEX_POINT ( 'NONE', #494 ) ;
#366 = CARTESIAN_POINT ( 'NONE',  ( 90.77506926556090150, -12.12987389054910103, -15.35619143714460044 ) ) ;
#367 = AXIS2_PLACEMENT_3D ( 'NONE', #3111, #4126, #476 ) ;
#368 = CARTESIAN_POINT ( 'NONE',  ( 90.49166105173999597, -2.465386499994320246, -10.43230520924289983 ) ) ;
#369 = CARTESIAN_POINT ( 'NONE',  ( 62.64253189626599294, -60.77014927612719930, -8.998537003485308716 ) ) ;
#370 = DIRECTION ( 'NONE',  ( 0.000000000000000000, 0.000000000000000000, -1.000000000000000000 ) ) ;
#371 = CARTESIAN_POINT ( 'NONE',  ( 71.08482896947978702, -51.66830823233939896, -11.68235312391420067 ) ) ;
#372 = ORIENTED_EDGE ( 'NONE', *, *, #4364, .T. ) ;
#373 = ADVANCED_FACE ( 'NONE', ( #4189 ), #4068, .T. ) ;
#374 = PLANE ( 'NONE',  #10 ) ;
#375 = ORIENTED_EDGE ( 'NONE', *, *, #2521, .F. ) ;
#376 = CARTESIAN_POINT ( 'NONE',  ( 71.92266426634070342, -54.44730965572770032, -14.84867783472340008 ) ) ;
#377 = CARTESIAN_POINT ( 'NONE',  ( 60.68036842752359661, -62.69562275390519801, 0.000000000000000000 ) ) ;
#378 = CARTESIAN_POINT ( 'NONE',  ( 60.68588597992449962, -63.83504130454320347, -1.000000000000000000 ) ) ;
#379 = DIRECTION ( 'NONE',  ( 0.000000000000000000, 0.000000000000000000, -1.000000000000000000 ) ) ;
#380 = CARTESIAN_POINT ( 'NONE',  ( 84.26673098652851479, -30.72137468793470205, -25.24451156902189908 ) ) ;
#381 = CARTESIAN_POINT ( 'NONE',  ( 83.59800002545360087, -33.88528848282820150, -26.99736584715479992 ) ) ;
#382 = CARTESIAN_POINT ( 'NONE',  ( 82.75154981508840990, -34.33533123952029342, -27.01238689842579888 ) ) ;
#383 = CARTESIAN_POINT ( 'NONE',  ( 62.67952321274420058, -60.67914015326250166, -2.000000000000000000 ) ) ;
#384 = ORIENTED_EDGE ( 'NONE', *, *, #698, .F. ) ;
#385 = VECTOR ( 'NONE', #4395, 1000.000000000000000 ) ;
#386 = CARTESIAN_POINT ( 'NONE',  ( 83.27939645926720402, -34.94862073760210563, -22.74687129769920091 ) ) ;
#387 = CARTESIAN_POINT ( 'NONE',  ( 80.14603220110259940, -34.64812698736020025, -22.74762680594830044 ) ) ;
#388 = CARTESIAN_POINT ( 'NONE',  ( 92.10808632046669686, -1.435093815793709870, -2.000000000000000000 ) ) ;
#389 = CARTESIAN_POINT ( 'NONE',  ( 60.70249977120479912, -63.85872352789420603, -4.332590659987750392 ) ) ;
#390 = CARTESIAN_POINT ( 'NONE',  ( 79.74669928548010489, -35.32623762203949980, -24.73698801103970268 ) ) ;
#391 = EDGE_CURVE ( 'NONE', #1886, #3942, #1982, .T. ) ;
#392 = ORIENTED_EDGE ( 'NONE', *, *, #2690, .T. ) ;
#393 = ORIENTED_EDGE ( 'NONE', *, *, #925, .T. ) ;
#394 = CARTESIAN_POINT ( 'NONE',  ( 83.71891907970770319, -32.17237160472249968, -22.57691975207180235 ) ) ;
#395 = CARTESIAN_POINT ( 'NONE',  ( 83.62553106356619992, -32.31743986560219639, -22.69715760199990129 ) ) ;
#396 = EDGE_CURVE ( 'NONE', #1573, #3554, #3353, .T. ) ;
#397 = CARTESIAN_POINT ( 'NONE',  ( 60.69707674422379284, -63.85102899550809497, -3.000000000000000000 ) ) ;
#398 = CARTESIAN_POINT ( 'NONE',  ( 91.31999999999999318, 2.225000000000000089, 0.000000000000000000 ) ) ;
#399 = B_SPLINE_CURVE_WITH_KNOTS ( 'NONE', 3,
 ( #4332, #3620, #1320, #2247, #1632 ),
 .UNSPECIFIED., .F., .F.,
 ( 4, 1, 4 ),
 ( 0.000000000000000000, 0.5714285714285723961, 1.000000000000000000 ),
 .UNSPECIFIED. ) ;
#400 = CARTESIAN_POINT ( 'NONE',  ( 65.38368549400099994, -60.16267661244850018, -6.072061531418629698 ) ) ;
#401 = B_SPLINE_SURFACE_WITH_KNOTS ( 'NONE', 3, 3, ( 
 ( #38, #2100, #1439, #4158 ),
 ( #770, #2141, #3493, #3457 ),
 ( #1460, #2418, #3769, #711 ),
 ( #3436, #378, #1734, #397 ) ),
 .UNSPECIFIED., .F., .F., .F.,
 ( 4, 4 ),
 ( 4, 4 ),
 ( -0.08300000000000000433, 0.000000000000000000 ),
 ( 0.000000000000000000, 0.2999999999999999889 ),
 .UNSPECIFIED. ) ;
#402 = CARTESIAN_POINT ( 'NONE',  ( 85.12026444028460048, -30.74745148392580063, -26.00809312067080015 ) ) ;
#403 = B_SPLINE_CURVE_WITH_KNOTS ( 'NONE', 3,
 ( #2072, #4113, #1354, #4406, #1053 ),
 .UNSPECIFIED., .F., .F.,
 ( 4, 1, 4 ),
 ( 0.000000000000000000, 0.2894265773048950163, 0.6753286803780890191 ),
 .UNSPECIFIED. ) ;
#404 = CARTESIAN_POINT ( 'NONE',  ( 64.77674471797030264, -59.59654623071509860, -6.081693702972429172 ) ) ;
#405 = CARTESIAN_POINT ( 'NONE',  ( 81.73047143266960290, -35.15077342324300247, -22.29142869199300137 ) ) ;
#406 = ORIENTED_EDGE ( 'NONE', *, *, #259, .F. ) ;
#407 = CARTESIAN_POINT ( 'NONE',  ( 83.79666573202779034, -34.97229875117579923, -23.18343644702389739 ) ) ;
#408 = CARTESIAN_POINT ( 'NONE',  ( 63.05186866861512129, -60.44605385247279372, -0.000000000000000000 ) ) ;
#409 = CARTESIAN_POINT ( 'NONE',  ( 91.55007248201791015, -2.227732428903459905, -1.000000000000000000 ) ) ;
#410 = EDGE_CURVE ( 'NONE', #3379, #2010, #1175, .T. ) ;
#411 = UNCERTAINTY_MEASURE_WITH_UNIT (LENGTH_MEASURE( 1.000000000000000082E-05 ), #255, 'distance_accuracy_value', 'NONE');
#412 = CARTESIAN_POINT ( 'NONE',  ( 62.64253189626599294, -60.77014927612719930, -8.998537003485308716 ) ) ;
#413 = PLANE ( 'NONE',  #1281 ) ;
#414 = ORIENTED_EDGE ( 'NONE', *, *, #4319, .T. ) ;
#415 = EDGE_CURVE ( 'NONE', #1836, #1416, #2777, .T. ) ;
#416 = ORIENTED_EDGE ( 'NONE', *, *, #3710, .F. ) ;
#417 = CARTESIAN_POINT ( 'NONE',  ( 89.67227249551349644, -1.409692484083840069, -3.000000000000000000 ) ) ;
#418 = CARTESIAN_POINT ( 'NONE',  ( 84.25044962060610487, -32.88934205612910233, -22.20753583657479879 ) ) ;
#419 = CARTESIAN_POINT ( 'NONE',  ( 92.10997737015090081, -1.056865308302239903, -5.954859750268730600 ) ) ;
#420 = CARTESIAN_POINT ( 'NONE',  ( 81.45941689683330367, -35.54441630754980253, -22.05023031256990151 ) ) ;
#421 = CARTESIAN_POINT ( 'NONE',  ( 89.68305675664399246, -1.659283296470419833, -1.000000000000000000 ) ) ;
#422 = ADVANCED_FACE ( 'NONE', ( #4166 ), #296, .T. ) ;
#423 = CARTESIAN_POINT ( 'NONE',  ( 90.25255534009698977, -2.454736333748329891, -10.43512908365059921 ) ) ;
#424 = CARTESIAN_POINT ( 'NONE',  ( 62.79675512099899493, -60.55003355030120105, -3.000000000000000000 ) ) ;
#425 = FACE_OUTER_BOUND ( 'NONE', #3756, .T. ) ;
#426 = CARTESIAN_POINT ( 'NONE',  ( 90.46220428775760070, -2.219635546034469886, -3.000000000000000000 ) ) ;
#427 = ORIENTED_EDGE ( 'NONE', *, *, #3344, .T. ) ;
#428 = CARTESIAN_POINT ( 'NONE',  ( 81.61747509651999621, -36.31228812405489492, -26.52596988765679953 ) ) ;
#429 = CARTESIAN_POINT ( 'NONE',  ( 91.36754309335590563, -0.9752825085603159527, -9.642749648368409865 ) ) ;
#430 = CARTESIAN_POINT ( 'NONE',  ( 61.34545261465440547, -62.03936988556399967, -3.000000000000000000 ) ) ;
#431 = B_SPLINE_SURFACE_WITH_KNOTS ( 'NONE', 3, 3, ( 
 ( #1019, #2398, #605, #289, #3744 ),
 ( #244, #1603, #1646, #2974, #4324 ),
 ( #2634, #3990, #4368, #2307, #1290 ),
 ( #3491, #1437, #1751, #3142, #1078 ),
 ( #101, #3411, #1770, #4115, #354 ) ),
 .UNSPECIFIED., .F., .F., .F.,
 ( 4, 1, 4 ),
 ( 4, 1, 4 ),
 ( 1.678026862431189977E-15, 0.8975979010256500690, 1.570796326794889897 ),
 ( 0.000000000000000000, 0.1421585948629860152, 0.2487775410102249785 ),
 .UNSPECIFIED. ) ;
#432 = VECTOR ( 'NONE', #2034, 1000.000000000000000 ) ;
#433 = CARTESIAN_POINT ( 'NONE',  ( 83.14329579663349534, -33.52738036814979949, -22.50776165015249930 ) ) ;
#434 = CARTESIAN_POINT ( 'NONE',  ( 62.41473744696790504, -64.41512050644961107, -2.000000000000000000 ) ) ;
#435 = VERTEX_POINT ( 'NONE', #4352 ) ;
#436 = COLOUR_RGB ( '',0.8666666666666666963, 0.8666666666666666963, 0.05098039215686274439 ) ;
#437 = ORIENTED_EDGE ( 'NONE', *, *, #2289, .T. ) ;
#438 = DIRECTION ( 'NONE',  ( 0.000000000000000000, 0.000000000000000000, 1.000000000000000000 ) ) ;
#439 = CARTESIAN_POINT ( 'NONE',  ( 84.20561285112619032, -32.63679731411579610, -22.08017865061540164 ) ) ;
#440 = CARTESIAN_POINT ( 'NONE',  ( 80.97695871135260859, -34.80433645585869584, -22.25826234695520256 ) ) ;
#441 = CARTESIAN_POINT ( 'NONE',  ( 86.29619927941899959, -32.34999480028139374, -25.64024154730280003 ) ) ;
#442 = CARTESIAN_POINT ( 'NONE',  ( 82.13593197963339776, -32.85617821361140045, -26.15797423079130013 ) ) ;
#443 = CARTESIAN_POINT ( 'NONE',  ( 64.50282715637726483, -58.70968685514034036, -7.041782559347851134 ) ) ;
#444 = CYLINDRICAL_SURFACE ( 'NONE', #1715, 0.8000000000000011546 ) ;
#445 = CARTESIAN_POINT ( 'NONE',  ( 89.86992484860429897, 2.041513843587320132, -4.320972508894589836 ) ) ;
#446 = CARTESIAN_POINT ( 'NONE',  ( 84.93564856873369706, -30.57494654388809963, -25.91702039979540118 ) ) ;
#447 = CARTESIAN_POINT ( 'NONE',  ( 82.61425260185450270, -35.38426150925980096, -23.29071262395670061 ) ) ;
#448 = ADVANCED_FACE ( 'NONE', ( #4329 ), #3394, .T. ) ;
#449 = B_SPLINE_CURVE_WITH_KNOTS ( 'NONE', 3,
 ( #1345, #11, #1764, #346, #3737 ),
 .UNSPECIFIED., .F., .F.,
 ( 4, 1, 4 ),
 ( 1.471239981099070027E-15, 0.8975978987187639424, 1.286975954542526113 ),
 .UNSPECIFIED. ) ;
#450 = CARTESIAN_POINT ( 'NONE',  ( 83.86655570007779659, -31.79710352067399626, -23.16464134280090192 ) ) ;
#451 = ORIENTED_EDGE ( 'NONE', *, *, #1948, .T. ) ;
#452 = CARTESIAN_POINT ( 'NONE',  ( 83.06689639911469669, -35.00941281132789840, -22.73140891465470048 ) ) ;
#453 = CARTESIAN_POINT ( 'NONE',  ( 84.26590880193349165, -30.72140258956200043, -25.24394315162149738 ) ) ;
#454 = EDGE_CURVE ( 'NONE', #2208, #1211, #1756, .T. ) ;
#455 = CARTESIAN_POINT ( 'NONE',  ( 86.03351518064640402, -32.92279408372370142, -22.78113516328539845 ) ) ;
#456 = CARTESIAN_POINT ( 'NONE',  ( 65.37157180922329758, -61.41067514096609870, -9.693731634542880116 ) ) ;
#457 = VECTOR ( 'NONE', #797, 1000.000000000000114 ) ;
#458 = B_SPLINE_SURFACE_WITH_KNOTS ( 'NONE', 3, 3, ( 
 ( #819, #128, #1800, #841, #1513 ),
 ( #3235, #3214, #4232, #3590, #2832 ),
 ( #1124, #3568, #469, #3518, #178 ),
 ( #2502, #1826, #4209, #2901, #1491 ) ),
 .UNSPECIFIED., .F., .F., .F.,
 ( 4, 4 ),
 ( 4, 1, 4 ),
 ( 0.000000000000000000, 0.08300000000000230804 ),
 ( 0.000000000000000000, 0.1421585948629860152, 0.2487775410102249785 ),
 .UNSPECIFIED. ) ;
#459 = CARTESIAN_POINT ( 'NONE',  ( 81.77543961366430381, -36.64162544343780326, -25.71748153988940189 ) ) ;
#460 = CARTESIAN_POINT ( 'NONE',  ( 91.09103992484151036, -0.9658285788701089780, -9.645797118744589227 ) ) ;
#461 = ORIENTED_EDGE ( 'NONE', *, *, #552, .T. ) ;
#462 = ORIENTED_EDGE ( 'NONE', *, *, #2877, .T. ) ;
#463 = CARTESIAN_POINT ( 'NONE',  ( 85.17944886233709667, -32.94406406569230228, -22.04947597843530005 ) ) ;
#464 = CARTESIAN_POINT ( 'NONE',  ( 88.41714398956239052, -21.59895196484529833, -20.61964178606359965 ) ) ;
#465 = CARTESIAN_POINT ( 'NONE',  ( 80.14632153974531548, -36.21484853135029880, -26.39625673724099642 ) ) ;
#466 = CARTESIAN_POINT ( 'NONE',  ( 84.05389461355250091, -33.64750888279040453, -26.97014875999419914 ) ) ;
#467 = CARTESIAN_POINT ( 'NONE',  ( 60.37014118933849716, -63.32817429516580887, -3.000000000000000000 ) ) ;
#468 = CARTESIAN_POINT ( 'NONE',  ( 88.95559685406769290, -21.73870094917799989, -20.61707303521529866 ) ) ;
#469 = CARTESIAN_POINT ( 'NONE',  ( 81.22668747952819501, -34.70753656539940124, -26.94441357342439858 ) ) ;
#470 = CARTESIAN_POINT ( 'NONE',  ( 83.91416354865359040, -33.40732877547550572, -26.94712132197919985 ) ) ;
#471 = CARTESIAN_POINT ( 'NONE',  ( 85.41002559893770751, -30.73539705815827361, -25.94525353036339510 ) ) ;
#472 = CARTESIAN_POINT ( 'NONE',  ( 84.37363994136771339, -32.69999464220899910, -22.07965487212230116 ) ) ;
#473 = CARTESIAN_POINT ( 'NONE',  ( 84.97382338884659703, -33.30426619786670273, -22.25408950838430044 ) ) ;
#474 = EDGE_LOOP ( 'NONE', ( #2893, #2805, #3689, #312 ) ) ;
#475 = EDGE_CURVE ( 'NONE', #4170, #2279, #1629, .T. ) ;
#476 = DIRECTION ( 'NONE',  ( -0.7071067811865474617, 0.7071067811865474617, 0.000000000000000000 ) ) ;
#477 = CARTESIAN_POINT ( 'NONE',  ( 92.11999999999999034, -1.425000000000000044, 0.000000000000000000 ) ) ;
#478 = CARTESIAN_POINT ( 'NONE',  ( 86.52213400256600551, -31.63816054827550062, -25.28026907177870086 ) ) ;
#479 = CARTESIAN_POINT ( 'NONE',  ( 81.89344768256120233, -35.22570380752289765, -22.29860219601479798 ) ) ;
#480 = ORIENTED_EDGE ( 'NONE', *, *, #1677, .T. ) ;
#481 = ADVANCED_FACE ( 'NONE', ( #2333 ), #2929, .T. ) ;
#482 = CARTESIAN_POINT ( 'NONE',  ( 80.95150347985639883, -36.96190308394650259, -26.29484660881600178 ) ) ;
#483 = ORIENTED_EDGE ( 'NONE', *, *, #1481, .F. ) ;
#484 = VERTEX_POINT ( 'NONE', #3000 ) ;
#485 = CARTESIAN_POINT ( 'NONE',  ( 62.67146790602409823, -60.67860412796520109, -3.000000000000000000 ) ) ;
#486 = CARTESIAN_POINT ( 'NONE',  ( 83.76831847629759409, -32.04889501764360205, -22.77518248573779758 ) ) ;
#487 = CARTESIAN_POINT ( 'NONE',  ( 60.56850616655979991, -63.72574178053321248, -3.000000000000000000 ) ) ;
#488 = CARTESIAN_POINT ( 'NONE',  ( 60.51111574416519545, -62.86487543726359917, 0.000000000000000000 ) ) ;
#489 = CARTESIAN_POINT ( 'NONE',  ( 79.36858264937990270, -36.50730593247680389, -25.92903442874889919 ) ) ;
#490 = CARTESIAN_POINT ( 'NONE',  ( 83.35525192103359871, -35.10150256865009766, -23.40936097806359939 ) ) ;
#491 = CARTESIAN_POINT ( 'NONE',  ( 80.97695871135260859, -34.80433645585869584, -22.25826234695520256 ) ) ;
#492 = CARTESIAN_POINT ( 'NONE',  ( 83.65196171435900396, -32.25144055026760270, -22.93473687355210089 ) ) ;
#493 = CARTESIAN_POINT ( 'NONE',  ( 84.12725929984461004, -33.07868947004920557, -22.33541680102720051 ) ) ;
#494 = CARTESIAN_POINT ( 'NONE',  ( 60.68036842752359661, -63.82699360380370024, 0.000000000000000000 ) ) ;
#495 = B_SPLINE_SURFACE_WITH_KNOTS ( 'NONE', 3, 3, ( 
 ( #4211, #2927, #2526, #1874, #562 ),
 ( #3237, #2195, #130, #1223, #4305 ),
 ( #2881, #3881, #3592, #2903, #4234 ),
 ( #2242, #843, #4255, #492, #2266 ) ),
 .UNSPECIFIED., .F., .F., .F.,
 ( 4, 4 ),
 ( 4, 1, 4 ),
 ( 0.000000000000000000, 0.2849999999999999756 ),
 ( 0.000000000000000000, 0.1172198319751709961, 0.2735129412753989908 ),
 .UNSPECIFIED. ) ;
#496 = ORIENTED_EDGE ( 'NONE', *, *, #1299, .F. ) ;
#497 = LINE ( 'NONE', #544, #2861 ) ;
#498 = CARTESIAN_POINT ( 'NONE',  ( 85.12026444028460048, -30.74745148392580063, -26.00809312067080015 ) ) ;
#499 = CARTESIAN_POINT ( 'NONE',  ( 86.21323554960329716, -32.45580750346780263, -23.59497632858080252 ) ) ;
#500 = APPLICATION_PROTOCOL_DEFINITION ( 'draft international standard', 'automotive_design', 1998, #3286 ) ;
#501 = CARTESIAN_POINT ( 'NONE',  ( 82.85412209188100974, -32.72066837263459860, -23.24640522101159945 ) ) ;
#502 = ORIENTED_EDGE ( 'NONE', *, *, #3042, .F. ) ;
#503 = CARTESIAN_POINT ( 'NONE',  ( 81.77543961366430381, -36.64162544343780326, -25.71748153988940189 ) ) ;
#504 = VERTEX_POINT ( 'NONE', #542 ) ;
#505 = VECTOR ( 'NONE', #2163, 1000.000000000000000 ) ;
#506 = VECTOR ( 'NONE', #1122, 999.9999999999998863 ) ;
#507 = B_SPLINE_CURVE_WITH_KNOTS ( 'NONE', 3,
 ( #4172, #3939, #144, #1505, #4197 ),
 .UNSPECIFIED., .F., .F.,
 ( 4, 1, 4 ),
 ( 0.000000000000000000, 0.4285714285714298799, 1.000000000000000000 ),
 .UNSPECIFIED. ) ;
#508 = ORIENTED_EDGE ( 'NONE', *, *, #3371, .T. ) ;
#509 = LINE ( 'NONE', #3873, #1179 ) ;
#510 = CARTESIAN_POINT ( 'NONE',  ( 83.46762976596119188, -34.28903797789940455, -22.56763787123239595 ) ) ;
#511 = CARTESIAN_POINT ( 'NONE',  ( 89.69000000000001194, -1.425000000000000044, 0.000000000000000000 ) ) ;
#512 = EDGE_CURVE ( 'NONE', #99, #1457, #3997, .T. ) ;
#513 = CARTESIAN_POINT ( 'NONE',  ( 60.68036842752359661, -62.69562275390519801, 0.000000000000000000 ) ) ;
#514 = CARTESIAN_POINT ( 'NONE',  ( 79.53586311708090761, -35.68426032032790118, -25.78731288443439951 ) ) ;
#515 = PLANE ( 'NONE',  #3845 ) ;
#516 = CARTESIAN_POINT ( 'NONE',  ( 64.02262647993201483, -60.87600130365180462, 0.000000000000000000 ) ) ;
#517 = CARTESIAN_POINT ( 'NONE',  ( 89.67814967718240382, -1.414831876947109990, -2.000000000000000000 ) ) ;
#518 = CARTESIAN_POINT ( 'NONE',  ( 83.13203842241489383, -35.17602375830270489, -23.39148031187069776 ) ) ;
#519 = CARTESIAN_POINT ( 'NONE',  ( 90.27370229026320203, -2.214867670226119856, -3.591649360994030094 ) ) ;
#520 = ORIENTED_EDGE ( 'NONE', *, *, #767, .F. ) ;
#521 = CARTESIAN_POINT ( 'NONE',  ( 65.37157180922329758, -61.41067514096609870, -9.693731634542880116 ) ) ;
#522 = CARTESIAN_POINT ( 'NONE',  ( 81.28802238748099285, -34.32139922693819756, -22.46743355192910130 ) ) ;
#523 = CARTESIAN_POINT ( 'NONE',  ( 91.80245556114411443, -12.55329332323790048, -14.85174576313560024 ) ) ;
#524 = CARTESIAN_POINT ( 'NONE',  ( 91.33854177814679076, 2.221481615920239960, -2.000000000000000000 ) ) ;
#525 = CARTESIAN_POINT ( 'NONE',  ( 92.12594100058890945, 1.419934515287319954, -1.000000000000000000 ) ) ;
#526 = ORIENTED_EDGE ( 'NONE', *, *, #220, .T. ) ;
#527 = CARTESIAN_POINT ( 'NONE',  ( 87.29677597949560663, -23.45391640952090029, -16.84797296517169940 ) ) ;
#528 = ORIENTED_EDGE ( 'NONE', *, *, #3772, .F. ) ;
#529 = VERTEX_POINT ( 'NONE', #295 ) ;
#530 = ADVANCED_FACE ( 'NONE', ( #3325 ), #41, .T. ) ;
#531 = CARTESIAN_POINT ( 'NONE',  ( 82.30742072356999017, -35.73826377711169755, -23.06730535734680032 ) ) ;
#532 = CARTESIAN_POINT ( 'NONE',  ( 91.01549434150000195, -2.226556110141310274, -3.000000000000000000 ) ) ;
#533 = CARTESIAN_POINT ( 'NONE',  ( 83.59800002545360087, -33.88528848282820150, -26.99736584715479992 ) ) ;
#534 = B_SPLINE_SURFACE_WITH_KNOTS ( 'NONE', 3, 3, ( 
 ( #4034, #2352, #2013, #3282, #2614 ),
 ( #3367, #314, #951, #2635, #628 ),
 ( #4389, #1990, #4349, #3343, #2703 ),
 ( #3016, #2329, #587, #2975, #4056 ),
 ( #930, #995, #1920, #1581, #4303 ) ),
 .UNSPECIFIED., .F., .F., .F.,
 ( 4, 1, 4 ),
 ( 4, 1, 4 ),
 ( -1.230824071963589974E-15, 0.6731984257692560369, 1.570796326794929865 ),
 ( 0.000000000000000000, 0.1243887705051129888, 0.2487775410102249785 ),
 .UNSPECIFIED. ) ;
#535 = CARTESIAN_POINT ( 'NONE',  ( 81.77543961366430381, -36.64162544343780326, -25.71748153988940189 ) ) ;
#536 = CARTESIAN_POINT ( 'NONE',  ( 79.35241346808970775, -36.20632782560809915, -25.39035297722909945 ) ) ;
#537 = CARTESIAN_POINT ( 'NONE',  ( 91.31999999999999318, 2.225000000000000089, 122.3110000000000070 ) ) ;
#538 = DIRECTION ( 'NONE',  ( 0.6979027849314620724, 0.7161925039993850550, 0.000000000000000000 ) ) ;
#539 = CARTESIAN_POINT ( 'NONE',  ( 85.16018577967079750, -32.97608452716880123, -22.06811378914779809 ) ) ;
#540 = CARTESIAN_POINT ( 'NONE',  ( 92.06607474252780321, -3.334128332139480122, -8.855628590737699923 ) ) ;
#541 = MANIFOLD_SOLID_BREP ( 'PEM-Referenzstator-205-130-160-6-48_Draht-5-6-nicht separiert_20211018_A.stp', #722 ) ;
#542 = CARTESIAN_POINT ( 'NONE',  ( 85.92828215377861056, -30.92870705364465067, -25.94551205658265047 ) ) ;
#543 = ORIENTED_EDGE ( 'NONE', *, *, #2736, .F. ) ;
#544 = CARTESIAN_POINT ( 'NONE',  ( 82.30742072356999017, -35.73826377711169755, -23.06730535734680032 ) ) ;
#545 = CARTESIAN_POINT ( 'NONE',  ( 71.67031671345310428, -51.97933839137979817, -11.49963134692369948 ) ) ;
#546 = CARTESIAN_POINT ( 'NONE',  ( 65.89553575882139569, -59.59157786464049877, -6.472109856806330441 ) ) ;
#547 = CARTESIAN_POINT ( 'NONE',  ( 86.53251459079980634, -31.60414219334630559, -25.26315759028360119 ) ) ;
#548 = CARTESIAN_POINT ( 'NONE',  ( 82.30742072357010386, -35.73826377711180413, -23.06730535734680032 ) ) ;
#549 = ORIENTED_EDGE ( 'NONE', *, *, #564, .F. ) ;
#550 = CARTESIAN_POINT ( 'NONE',  ( 89.58017572343349855, -4.090469779637739833, -7.193354942488939585 ) ) ;
#551 = EDGE_LOOP ( 'NONE', ( #2606, #3419, #19, #3891, #2255 ) ) ;
#552 = EDGE_CURVE ( 'NONE', #332, #4174, #956, .T. ) ;
#553 = ORIENTED_EDGE ( 'NONE', *, *, #619, .T. ) ;
#554 = CARTESIAN_POINT ( 'NONE',  ( 89.67227249551349644, -1.409692484083840069, -3.000000000000000000 ) ) ;
#555 = CARTESIAN_POINT ( 'NONE',  ( 86.43327014904980388, -31.31472127099799962, -25.87476151331969731 ) ) ;
#556 = CARTESIAN_POINT ( 'NONE',  ( 80.70276438929528240, -35.20327559942919748, -22.05022034163359734 ) ) ;
#557 = EDGE_CURVE ( 'NONE', #1211, #3314, #743, .T. ) ;
#558 = CARTESIAN_POINT ( 'NONE',  ( 82.13245295414769487, -32.85108354668510344, -26.33738777662220087 ) ) ;
#559 = FACE_OUTER_BOUND ( 'NONE', #2317, .T. ) ;
#560 = CARTESIAN_POINT ( 'NONE',  ( 64.12827894927899308, -60.77832178077879632, -10.41889589412989992 ) ) ;
#561 = CARTESIAN_POINT ( 'NONE',  ( 63.57777287799849830, -59.77169134862030120, -9.724022272780651122 ) ) ;
#562 = CARTESIAN_POINT ( 'NONE',  ( 84.23725423567809401, -30.81684179829919756, -25.30419116525940026 ) ) ;
#563 = B_SPLINE_CURVE_WITH_KNOTS ( 'NONE', 3,
 ( #4179, #2211, #464, #815 ),
 .UNSPECIFIED., .F., .F.,
 ( 4, 4 ),
 ( -1.957991609067750050, -1.639188764949740085 ),
 .UNSPECIFIED. ) ;
#564 = EDGE_CURVE ( 'NONE', #2138, #3666, #1541, .T. ) ;
#565 = ADVANCED_FACE ( 'NONE', ( #1716 ), #1324, .T. ) ;
#566 = CARTESIAN_POINT ( 'NONE',  ( 90.50856341850651177, 2.228402360464549758, -2.000000000000000000 ) ) ;
#567 = CARTESIAN_POINT ( 'NONE',  ( 85.15050497603989754, -32.99218439809709480, -22.07723320787389909 ) ) ;
#568 = CARTESIAN_POINT ( 'NONE',  ( 90.55180074011680347, 1.378957374672320046, -7.503940428680559549 ) ) ;
#569 = CARTESIAN_POINT ( 'NONE',  ( 79.53788080017079665, -35.82533627729590364, -24.53898903154080102 ) ) ;
#570 = LINE ( 'NONE', #1930, #3219 ) ;
#571 = ORIENTED_EDGE ( 'NONE', *, *, #2137, .T. ) ;
#572 = CARTESIAN_POINT ( 'NONE',  ( 81.65699052833939220, -35.65043541194209809, -22.07815564020170029 ) ) ;
#573 = EDGE_CURVE ( 'NONE', #2279, #4154, #2197, .T. ) ;
#574 = CARTESIAN_POINT ( 'NONE',  ( 81.86285284467749079, -36.32043762754040017, -26.13190762680499901 ) ) ;
#575 = VERTEX_POINT ( 'NONE', #3128 ) ;
#576 = B_SPLINE_SURFACE_WITH_KNOTS ( 'NONE', 3, 3, ( 
 ( #654, #4394, #2980, #3998, #1675 ),
 ( #4086, #3686, #633, #4039, #936 ),
 ( #3, #274, #4331, #1296, #676 ),
 ( #2384, #2039, #252, #2313, #1995 ),
 ( #3396, #3705, #1652, #2018, #1696 ) ),
 .UNSPECIFIED., .F., .F., .F.,
 ( 4, 1, 4 ),
 ( 4, 1, 4 ),
 ( -1.570796326794899889, -0.8975979010256550650, 0.000000000000000000 ),
 ( 0.000000000000000000, 0.2894265773048950163, 0.6753286803780890191 ),
 .UNSPECIFIED. ) ;
#577 = LINE ( 'NONE', #235, #4130 ) ;
#578 = ORIENTED_EDGE ( 'NONE', *, *, #2668, .F. ) ;
#579 = ORIENTED_EDGE ( 'NONE', *, *, #2206, .T. ) ;
#580 = CARTESIAN_POINT ( 'NONE',  ( 75.32090289256359483, -45.03174368479820089, -19.97688654089180105 ) ) ;
#581 = CARTESIAN_POINT ( 'NONE',  ( 86.54281979421419635, -31.57026826390600149, -25.24578710176280083 ) ) ;
#582 = CARTESIAN_POINT ( 'NONE',  ( 84.28660126893140614, -30.67257100191899966, -25.42188043942739739 ) ) ;
#583 = B_SPLINE_SURFACE_WITH_KNOTS ( 'NONE', 3, 3, ( 
 ( #2404, #2707, #3661, #2060 ),
 ( #1024, #3996, #339, #4374 ),
 ( #2038, #4393, #3731, #675 ),
 ( #1994, #1384, #3751, #2017 ),
 ( #3064, #3416, #1338, #1630 ) ),
 .UNSPECIFIED., .F., .F., .F.,
 ( 4, 1, 4 ),
 ( 4, 4 ),
 ( -1.230824071963589974E-15, 0.6731984257692560369, 1.570796326794929865 ),
 ( 0.000000000000000000, 0.009536135058319140587 ),
 .UNSPECIFIED. ) ;
#584 = CARTESIAN_POINT ( 'NONE',  ( 83.13203842241489383, -35.17602375830270489, -23.39148031187069776 ) ) ;
#585 = AXIS2_PLACEMENT_3D ( 'NONE', #4242, #3506, #1860 ) ;
#586 = CARTESIAN_POINT ( 'NONE',  ( 82.02956214236979804, -36.22622057353449776, -22.75028555458819568 ) ) ;
#587 = CARTESIAN_POINT ( 'NONE',  ( 82.64504179352020685, -35.36003125599390273, -23.05248699725030193 ) ) ;
#588 = DIRECTION ( 'NONE',  ( 0.7071067811865489050, 0.7071067811865460184, 0.000000000000000000 ) ) ;
#589 = CARTESIAN_POINT ( 'NONE',  ( 91.31999999999999318, -1.425000000000000044, 0.000000000000000000 ) ) ;
#590 = CARTESIAN_POINT ( 'NONE',  ( 89.66655473958229550, -1.404692503534940018, -3.730217004505929967 ) ) ;
#591 = CARTESIAN_POINT ( 'NONE',  ( 63.57777287799849830, -59.77169134862030120, -9.724022272780660003 ) ) ;
#592 = CARTESIAN_POINT ( 'NONE',  ( 83.61683479678380593, -34.82677705761920350, -26.26323198759159894 ) ) ;
#593 = DIRECTION ( 'NONE',  ( -0.3053465857718389298, -0.3505518177568639482, -0.8853682203607938783 ) ) ;
#594 = LINE ( 'NONE', #4312, #1289 ) ;
#595 = CARTESIAN_POINT ( 'NONE',  ( 0.000000000000000000, 0.000000000000000000, 0.000000000000000000 ) ) ;
#596 = ORIENTED_EDGE ( 'NONE', *, *, #1528, .F. ) ;
#597 = CARTESIAN_POINT ( 'NONE',  ( 80.78839568471688892, -36.88699956283500114, -26.29016744362760249 ) ) ;
#598 = ORIENTED_EDGE ( 'NONE', *, *, #2339, .F. ) ;
#599 = VERTEX_POINT ( 'NONE', #753 ) ;
#600 = CARTESIAN_POINT ( 'NONE',  ( 80.31224247987709930, -34.74390628494740696, -22.31707690087250029 ) ) ;
#601 = CARTESIAN_POINT ( 'NONE',  ( 91.04333333333340761, -2.225000000000000089, 0.000000000000000000 ) ) ;
#602 = CARTESIAN_POINT ( 'NONE',  ( 85.16474152755050397, -31.79128537108120156, -23.99722723964769600 ) ) ;
#603 = CARTESIAN_POINT ( 'NONE',  ( 84.37363994136771339, -32.69999464220899910, -22.07965487212230116 ) ) ;
#604 = AXIS2_PLACEMENT_3D ( 'NONE', #3191, #2831, #3757 ) ;
#605 = CARTESIAN_POINT ( 'NONE',  ( 81.02970333793730617, -34.50322365872510488, -26.94682482888080344 ) ) ;
#606 = CARTESIAN_POINT ( 'NONE',  ( 65.95173032218968956, -60.74462668722799918, -8.011532015857360634 ) ) ;
#607 = CARTESIAN_POINT ( 'NONE',  ( 64.40280508562398154, -61.25120733458300037, -2.000000000000000000 ) ) ;
#608 = CARTESIAN_POINT ( 'NONE',  ( 83.76831847629759409, -32.04889501764360205, -22.77518248573779758 ) ) ;
#609 = CARTESIAN_POINT ( 'NONE',  ( 64.40280508562398154, -61.25120733458300037, -2.000000000000000000 ) ) ;
#610 = B_SPLINE_SURFACE_WITH_KNOTS ( 'NONE', 3, 3, ( 
 ( #3102, #37, #1400, #150, #102 ),
 ( #532, #791, #2140, #1821, #1189 ),
 ( #2895, #2565, #769, #3162, #2519 ),
 ( #4249, #2874, #123, #1167, #1531 ) ),
 .UNSPECIFIED., .F., .F., .F.,
 ( 4, 4 ),
 ( 4, 1, 4 ),
 ( -0.08300000000000200273, 0.000000000000000000 ),
 ( 0.000000000000000000, 0.2918641954812579709, 0.6810164561229340441 ),
 .UNSPECIFIED. ) ;
#611 = CARTESIAN_POINT ( 'NONE',  ( 71.89441520787841000, -52.14421690937820131, -11.49701860878980142 ) ) ;
#612 = CARTESIAN_POINT ( 'NONE',  ( 83.07680643812200572, -35.09514232618630558, -26.23979694136430041 ) ) ;
#613 = CARTESIAN_POINT ( 'NONE',  ( 66.29307164839050870, -60.04690762338329790, -6.594173403848439641 ) ) ;
#614 = CARTESIAN_POINT ( 'NONE',  ( 63.08067825611090029, -63.73759588563890333, -2.000000000000000000 ) ) ;
#615 = ADVANCED_FACE ( 'NONE', ( #772 ), #4385, .T. ) ;
#616 = ORIENTED_EDGE ( 'NONE', *, *, #281, .F. ) ;
#617 = CARTESIAN_POINT ( 'NONE',  ( 64.12827894927899308, -60.77832178077870395, -10.41889589412989992 ) ) ;
#618 = ORIENTED_EDGE ( 'NONE', *, *, #2521, .T. ) ;
#619 = EDGE_CURVE ( 'NONE', #1237, #3836, #4141, .T. ) ;
#620 = B_SPLINE_CURVE_WITH_KNOTS ( 'NONE', 3,
 ( #2602, #3601, #3225, #501 ),
 .UNSPECIFIED., .F., .F.,
 ( 4, 4 ),
 ( 1.561435541111820147, 1.655724346088029986 ),
 .UNSPECIFIED. ) ;
#621 = CARTESIAN_POINT ( 'NONE',  ( 75.33745488883479879, -45.40959732001190474, -20.54792481275759997 ) ) ;
#622 = CARTESIAN_POINT ( 'NONE',  ( 90.47145822185319730, -2.221481615920239960, -2.000000000000000000 ) ) ;
#623 = CARTESIAN_POINT ( 'NONE',  ( 64.02674552888248627, -60.40009192057770093, -4.996480746479459611 ) ) ;
#624 = CARTESIAN_POINT ( 'NONE',  ( 60.68036842752359661, -62.69562275390519801, 0.000000000000000000 ) ) ;
#625 = CARTESIAN_POINT ( 'NONE',  ( 82.61921550976229867, -33.20076225543989779, -26.96915143660779890 ) ) ;
#626 = VERTEX_POINT ( 'NONE', #61 ) ;
#627 = CARTESIAN_POINT ( 'NONE',  ( 92.11999999999999034, 0.4749999999999999778, 0.000000000000000000 ) ) ;
#628 = CARTESIAN_POINT ( 'NONE',  ( 82.90729761920658802, -34.62702633363700500, -22.57106008391890128 ) ) ;
#629 = CARTESIAN_POINT ( 'NONE',  ( 64.21189842087979116, -61.06442986182020149, -1.000000000000000000 ) ) ;
#630 = CARTESIAN_POINT ( 'NONE',  ( 64.53083865640850547, -61.37704964596209578, -2.000000000000000000 ) ) ;
#631 = CARTESIAN_POINT ( 'NONE',  ( 89.69594100058890263, 1.430065484712679913, -1.000000000000000000 ) ) ;
#632 = FACE_OUTER_BOUND ( 'NONE', #3354, .T. ) ;
#633 = CARTESIAN_POINT ( 'NONE',  ( 62.84851054723039709, -64.02844030992710600, -7.079917665464969367 ) ) ;
#634 = CARTESIAN_POINT ( 'NONE',  ( 81.45941689683330367, -35.54441630754980253, -22.05023031256990151 ) ) ;
#635 = CARTESIAN_POINT ( 'NONE',  ( 64.41255987439680553, -62.38254664401760152, -2.000000000000000000 ) ) ;
#636 = ORIENTED_EDGE ( 'NONE', *, *, #1809, .T. ) ;
#637 = B_SPLINE_CURVE_WITH_KNOTS ( 'NONE', 3,
 ( #455, #1111, #1451, #3446 ),
 .UNSPECIFIED., .F., .F.,
 ( 4, 4 ),
 ( 0.000000000000000000, 0.009536135058319140587 ),
 .UNSPECIFIED. ) ;
#638 = DIRECTION ( 'NONE',  ( -0.7161925039993949360, 0.6979027849314519694, 0.000000000000000000 ) ) ;
#639 = ORIENTED_EDGE ( 'NONE', *, *, #2191, .F. ) ;
#640 = CARTESIAN_POINT ( 'NONE',  ( 80.79288867411369779, -35.07446321268080425, -22.12943575436139909 ) ) ;
#641 = CARTESIAN_POINT ( 'NONE',  ( 86.51169042152578470, -31.67228891493559928, -25.29710123258050203 ) ) ;
#642 = CARTESIAN_POINT ( 'NONE',  ( 63.99386157667839825, -60.85101247501869892, -3.596025573935619946 ) ) ;
#643 = CARTESIAN_POINT ( 'NONE',  ( 81.47930052556390024, -35.03529443411489552, -22.28037324364699856 ) ) ;
#644 = FACE_OUTER_BOUND ( 'NONE', #474, .T. ) ;
#645 = ORIENTED_EDGE ( 'NONE', *, *, #877, .T. ) ;
#646 = CARTESIAN_POINT ( 'NONE',  ( 92.12584581309829446, 0.4597667894056959859, -3.000000000000000000 ) ) ;
#647 = CARTESIAN_POINT ( 'NONE',  ( 76.54310068574879722, -46.19563913090869534, -20.66923592240269869 ) ) ;
#648 = EDGE_CURVE ( 'NONE', #2208, #3802, #1462, .T. ) ;
#649 = LINE ( 'NONE', #1969, #432 ) ;
#650 = FACE_OUTER_BOUND ( 'NONE', #2299, .T. ) ;
#651 = CARTESIAN_POINT ( 'NONE',  ( 83.94628338828880487, -31.58162008735809678, -23.58099385359069800 ) ) ;
#652 = VECTOR ( 'NONE', #2241, 1000.000000000000114 ) ;
#653 = CARTESIAN_POINT ( 'NONE',  ( 72.34261219672889354, -52.47397394537480153, -11.49179313252210122 ) ) ;
#654 = CARTESIAN_POINT ( 'NONE',  ( 62.42279275368800029, -64.41565653174690453, -3.000000000000000000 ) ) ;
#655 = CARTESIAN_POINT ( 'NONE',  ( 82.30534697151840362, -34.58942896337779871, -22.54167630999679872 ) ) ;
#656 = CARTESIAN_POINT ( 'NONE',  ( 76.00954315018098839, -43.82878464828910126, -17.48310642075729859 ) ) ;
#657 = ORIENTED_EDGE ( 'NONE', *, *, #2846, .T. ) ;
#658 = CARTESIAN_POINT ( 'NONE',  ( 64.73892801499688687, -58.66130243205912365, -6.668526894689653872 ) ) ;
#659 = CARTESIAN_POINT ( 'NONE',  ( 86.29619927941899959, -32.34999480028139374, -25.64024154730280003 ) ) ;
#660 = ORIENTED_EDGE ( 'NONE', *, *, #2985, .T. ) ;
#661 = CARTESIAN_POINT ( 'NONE',  ( 80.53910903927798870, -35.12949073591990157, -22.05021818503320219 ) ) ;
#662 = CARTESIAN_POINT ( 'NONE',  ( 82.15434264106440310, -32.88313869098350040, -25.20853535429350245 ) ) ;
#663 = CARTESIAN_POINT ( 'NONE',  ( 90.94539833932589090, -14.28745092057829957, -11.42659513139689942 ) ) ;
#664 = CARTESIAN_POINT ( 'NONE',  ( 90.51786063162879259, 2.230016392194730468, -3.000000000000000000 ) ) ;
#665 = CARTESIAN_POINT ( 'NONE',  ( 85.15005264572120325, -30.63845666983119997, -25.94507509142970036 ) ) ;
#666 = EDGE_CURVE ( 'NONE', #1634, #47, #2228, .T. ) ;
#667 = ORIENTED_EDGE ( 'NONE', *, *, #3384, .F. ) ;
#668 = CARTESIAN_POINT ( 'NONE',  ( 89.71375859696310329, 1.444940002985940053, -4.218725267127720890 ) ) ;
#669 = PLANE ( 'NONE',  #359 ) ;
#670 = LINE ( 'NONE', #3039, #999 ) ;
#671 = CARTESIAN_POINT ( 'NONE',  ( 64.53585833321709231, -61.38561076270149641, -1.000000000000000000 ) ) ;
#672 = CARTESIAN_POINT ( 'NONE',  ( 91.18382686246741287, -4.526980133320660293, -6.462149270052520045 ) ) ;
#673 = EDGE_CURVE ( 'NONE', #2365, #4097, #1441, .T. ) ;
#674 = B_SPLINE_CURVE_WITH_KNOTS ( 'NONE', 3,
 ( #3807, #749, #2117, #3473, #417 ),
 .UNSPECIFIED., .F., .F.,
 ( 4, 1, 4 ),
 ( 0.000000000000000000, 0.4285714285714298799, 1.000000000000000000 ),
 .UNSPECIFIED. ) ;
#675 = CARTESIAN_POINT ( 'NONE',  ( 85.76535170780830697, -33.08705473123590224, -22.17802912077750221 ) ) ;
#676 = CARTESIAN_POINT ( 'NONE',  ( 65.08065581665810839, -61.52199158869219531, -10.22592906625030018 ) ) ;
#677 = CARTESIAN_POINT ( 'NONE',  ( 84.26673098652851479, -30.72137468793470205, -25.24451156902189908 ) ) ;
#678 = CARTESIAN_POINT ( 'NONE',  ( 80.03426026463588983, -36.54081509135069439, -26.26851088436799841 ) ) ;
#679 = ORIENTED_EDGE ( 'NONE', *, *, #1625, .F. ) ;
#680 = PLANE ( 'NONE',  #604 ) ;
#681 = CARTESIAN_POINT ( 'NONE',  ( 80.81398246146099495, -34.72940607157879356, -22.25108884293339884 ) ) ;
#682 = EDGE_LOOP ( 'NONE', ( #3626, #4214, #502, #2275 ) ) ;
#683 = CARTESIAN_POINT ( 'NONE',  ( 63.57777287799849830, -59.77169134862030120, -9.724022272780660003 ) ) ;
#684 = CARTESIAN_POINT ( 'NONE',  ( 76.00954315018098839, -43.82878464828910126, -17.48310642075729859 ) ) ;
#685 = CARTESIAN_POINT ( 'NONE',  ( 64.19903732271519914, -61.05014522703960012, -3.000000000000000000 ) ) ;
#686 = CARTESIAN_POINT ( 'NONE',  ( 62.39863790580689340, -64.41389223218850191, 121.3619999999999948 ) ) ;
#687 = ORIENTED_EDGE ( 'NONE', *, *, #2995, .F. ) ;
#688 = CARTESIAN_POINT ( 'NONE',  ( 83.18013304725860735, -32.90398034398260307, -26.92022222997449887 ) ) ;
#689 = LINE ( 'NONE', #81, #3207 ) ;
#690 = CARTESIAN_POINT ( 'NONE',  ( 89.70791756967818742, 1.440084599950600230, -3.000000000000000000 ) ) ;
#691 = CARTESIAN_POINT ( 'NONE',  ( 86.22574332924870077, -32.01811752497409458, -26.23490663097290110 ) ) ;
#692 = EDGE_CURVE ( 'NONE', #1768, #67, #3564, .T. ) ;
#693 = CARTESIAN_POINT ( 'NONE',  ( 80.57409842929389754, -37.50794512608160147, -25.94423413766170228 ) ) ;
#694 = CARTESIAN_POINT ( 'NONE',  ( 77.13782850867490026, -44.03685824122899817, -16.77803890531980002 ) ) ;
#695 = CARTESIAN_POINT ( 'NONE',  ( 62.95533528686279823, -60.37091853079770232, -5.444596963082809715 ) ) ;
#696 = CARTESIAN_POINT ( 'NONE',  ( 62.81396646069840983, -60.55224461608080588, -1.000000000000000000 ) ) ;
#697 = ADVANCED_FACE ( 'NONE', ( #817 ), #1642, .T. ) ;
#698 = EDGE_CURVE ( 'NONE', #2540, #2205, #3496, .T. ) ;
#699 = VERTEX_POINT ( 'NONE', #4251 ) ;
#700 = CARTESIAN_POINT ( 'NONE',  ( 80.00475786601509753, -34.89506009509960194, -22.90966130417019642 ) ) ;
#701 = CARTESIAN_POINT ( 'NONE',  ( 80.10135335875060036, -34.72399651115540564, -22.97020388934459945 ) ) ;
#702 = ADVANCED_FACE ( 'NONE', ( #862 ), #962, .T. ) ;
#703 = CARTESIAN_POINT ( 'NONE',  ( 92.11999999999999034, -1.425000000000000044, 0.000000000000000000 ) ) ;
#704 = CARTESIAN_POINT ( 'NONE',  ( 63.79152734348560472, -60.47063377052609923, -10.42458238490070066 ) ) ;
#705 = CARTESIAN_POINT ( 'NONE',  ( 85.07938100005883086, -30.61216847387215267, -25.94492254365853157 ) ) ;
#706 = CARTESIAN_POINT ( 'NONE',  ( 91.55074709415329437, -14.08119751055120084, -11.96863700887470117 ) ) ;
#707 = CARTESIAN_POINT ( 'NONE',  ( 61.43651973926679233, -64.58314491554699543, 0.000000000000000000 ) ) ;
#708 = ORIENTED_EDGE ( 'NONE', *, *, #557, .T. ) ;
#709 = CARTESIAN_POINT ( 'NONE',  ( 71.97269191116849640, -54.37721605718679285, -14.69095593790789955 ) ) ;
#710 = FACE_OUTER_BOUND ( 'NONE', #4247, .T. ) ;
#711 = CARTESIAN_POINT ( 'NONE',  ( 60.89522333699700596, -64.04411543267251261, -3.000000000000000000 ) ) ;
#712 = CARTESIAN_POINT ( 'NONE',  ( 90.90745347127941045, -4.514670002617809708, -6.465413281359480457 ) ) ;
#713 = AXIS2_PLACEMENT_3D ( 'NONE', #595, #232, #1953 ) ;
#714 = CARTESIAN_POINT ( 'NONE',  ( 89.60941317167949194, -3.658238301175499974, -8.038825888557710186 ) ) ;
#715 = CARTESIAN_POINT ( 'NONE',  ( 83.48988870234450133, -33.63140261291160016, -26.97740710679489951 ) ) ;
#716 = CARTESIAN_POINT ( 'NONE',  ( 64.02673462708328600, -60.40009458725879909, -4.996488405907840047 ) ) ;
#717 = B_SPLINE_CURVE_WITH_KNOTS ( 'NONE', 3,
 ( #2879, #1556, #3901, #2193 ),
 .UNSPECIFIED., .F., .F.,
 ( 4, 4 ),
 ( 0.000000000000000000, 0.08146959963896649448 ),
 .UNSPECIFIED. ) ;
#718 = CARTESIAN_POINT ( 'NONE',  ( 84.78116494829100702, -30.54196694364798503, -25.87510786113391603 ) ) ;
#719 = B_SPLINE_CURVE_WITH_KNOTS ( 'NONE', 3,
 ( #799, #1538, #3194, #2331 ),
 .UNSPECIFIED., .F., .F.,
 ( 4, 4 ),
 ( 1.561435541111820147, 1.655724346088029986 ),
 .UNSPECIFIED. ) ;
#720 = AXIS2_PLACEMENT_3D ( 'NONE', #2665, #955, #3348 ) ;
#721 = ORIENTED_EDGE ( 'NONE', *, *, #673, .F. ) ;
#722 = CLOSED_SHELL ( 'NONE', ( #1342, #1242, #2059, #3250, #1901, #227, #3310, #2120, #4081, #4150, #3020, #3495, #1619, #801, #481, #3073, #1864, #2200, #965, #79, #1193, #702, #3292, #4103, #4315, #2585, #3420, #2396, #373, #2794, #3211, #3914, #1808, #1317, #4171, #2472, #1006, #1792, #2775, #2579, #773, #1347, #265, #744, #3115, #3841, #2494, #3531, #1839, #3026, #987, #1042, #938, #4289, #2144, #2640, #1774, #4345, #2356, #4321, #2923, #364, #2824, #92, #2945, #2449, #565, #2296, #4146, #530, #1670, #1142, #3600, #1260, #2011, #422, #3262, #17, #1815, #912, #4372, #448, #4175, #697, #3478, #4128, #1209, #3586, #1374, #2152, #3097, #1929, #3129, #2609, #345, #3854, #60, #2178, #2428, #3748, #1678, #4096, #1468, #2715, #2786, #615, #1701, #832, #183 ) ) ;
#723 = CARTESIAN_POINT ( 'NONE',  ( 82.19116396392630008, -32.93705964572779266, -23.30965760129770104 ) ) ;
#724 = VERTEX_POINT ( 'NONE', #2657 ) ;
#725 = ORIENTED_EDGE ( 'NONE', *, *, #3822, .F. ) ;
#726 = CARTESIAN_POINT ( 'NONE',  ( 79.56937224884480031, -35.62735817748149714, -25.62038007188720101 ) ) ;
#727 = DIRECTION ( 'NONE',  ( -0.7071067811865474617, -0.7071067811865474617, 0.000000000000000000 ) ) ;
#728 = ORIENTED_EDGE ( 'NONE', *, *, #2884, .F. ) ;
#729 = ORIENTED_EDGE ( 'NONE', *, *, #2191, .T. ) ;
#730 = CARTESIAN_POINT ( 'NONE',  ( 77.15937039149289944, -46.44213813110060585, -20.49032163874889889 ) ) ;
#731 = CARTESIAN_POINT ( 'NONE',  ( 86.03351518064640402, -32.92279408372370142, -22.78113516328539845 ) ) ;
#732 = CARTESIAN_POINT ( 'NONE',  ( 65.62913584853390603, -61.08517094521769764, -6.700050777435830440 ) ) ;
#733 = CARTESIAN_POINT ( 'NONE',  ( 90.70752914046690307, -14.25149896048259990, -11.42878771054770226 ) ) ;
#734 = CARTESIAN_POINT ( 'NONE',  ( 89.69000000000001194, 1.634439510239320992, 0.000000000000000000 ) ) ;
#735 = B_SPLINE_SURFACE_WITH_KNOTS ( 'NONE', 3, 3, ( 
 ( #1135, #3269, #2179, #2510 ),
 ( #2534, #1500, #499, #3866 ),
 ( #849, #3528, #1545, #3599 ),
 ( #1205, #478, #547, #2600 ) ),
 .UNSPECIFIED., .F., .F., .F.,
 ( 4, 4 ),
 ( 4, 4 ),
 ( 0.000000000000000000, 0.2849999999999999756 ),
 ( 0.000000000000000000, 0.009536135058319140587 ),
 .UNSPECIFIED. ) ;
#736 = CARTESIAN_POINT ( 'NONE',  ( 89.89295274625419552, 1.215457207532779860, -7.397240941802579961 ) ) ;
#737 = CARTESIAN_POINT ( 'NONE',  ( 82.24699728676911548, -35.44718417531770172, -22.45141655573800321 ) ) ;
#738 = CARTESIAN_POINT ( 'NONE',  ( 64.56198833012714999, -62.25054180786824531, 0.000000000000000000 ) ) ;
#739 = ORIENTED_EDGE ( 'NONE', *, *, #1705, .F. ) ;
#740 = CARTESIAN_POINT ( 'NONE',  ( 83.70599880747289490, -34.82547700671609903, -22.75649560227000023 ) ) ;
#741 = CARTESIAN_POINT ( 'NONE',  ( 83.13203842241499331, -35.17602375830260542, -23.39148031187069776 ) ) ;
#742 = ORIENTED_EDGE ( 'NONE', *, *, #1474, .T. ) ;
#743 = B_SPLINE_CURVE_WITH_KNOTS ( 'NONE', 3,
 ( #2706, #2684, #2402, #400, #1316 ),
 .UNSPECIFIED., .F., .F.,
 ( 4, 1, 4 ),
 ( 0.000000000000000000, 0.2894265773048950163, 0.6753286803780890191 ),
 .UNSPECIFIED. ) ;
#744 = ADVANCED_FACE ( 'NONE', ( #1966 ), #2373, .T. ) ;
#745 = CARTESIAN_POINT ( 'NONE',  ( 63.50468529013869556, -59.85559923550550110, -9.935943514442170610 ) ) ;
#746 = CARTESIAN_POINT ( 'NONE',  ( 80.55695655058799787, -33.83877498919569859, -26.15697094155180125 ) ) ;
#747 = EDGE_LOOP ( 'NONE', ( #3483, #2277, #1143, #1977 ) ) ;
#748 = VERTEX_POINT ( 'NONE', #1602 ) ;
#749 = CARTESIAN_POINT ( 'NONE',  ( 90.28269867199345811, -2.217390265268768701, -3.000005056356419786 ) ) ;
#750 = CARTESIAN_POINT ( 'NONE',  ( 83.73679824944100858, -32.56351813164030062, -22.32387913126899903 ) ) ;
#751 = CARTESIAN_POINT ( 'NONE',  ( 64.41109773915290759, -62.36675250814759863, -3.725440464486959868 ) ) ;
#752 = CARTESIAN_POINT ( 'NONE',  ( 90.35470668890349089, -4.490049741212120082, -6.471941303973379966 ) ) ;
#753 = CARTESIAN_POINT ( 'NONE',  ( 64.41181569074259983, -62.37450789534869955, -3.000000000000000000 ) ) ;
#754 = FACE_OUTER_BOUND ( 'NONE', #2302, .T. ) ;
#755 = CARTESIAN_POINT ( 'NONE',  ( 63.85366063912120893, -60.23474692016919363, -4.998625886400720475 ) ) ;
#756 = CARTESIAN_POINT ( 'NONE',  ( 82.39698281929130985, -35.60324902929279745, -23.15749130713719950 ) ) ;
#757 = CARTESIAN_POINT ( 'NONE',  ( 84.25821679867070202, -34.81044133787099781, -23.17819775761569900 ) ) ;
#758 = ORIENTED_EDGE ( 'NONE', *, *, #2036, .F. ) ;
#759 = CARTESIAN_POINT ( 'NONE',  ( 83.78605958916899965, -32.01174278706979948, -22.74923499587520226 ) ) ;
#760 = CARTESIAN_POINT ( 'NONE',  ( 84.19698728953881073, -32.56124623033939258, -22.07676335972499970 ) ) ;
#761 = CARTESIAN_POINT ( 'NONE',  ( 92.10208243032180064, -1.440084599950590238, -3.000000000000000000 ) ) ;
#762 = LINE ( 'NONE', #1414, #3708 ) ;
#763 = CARTESIAN_POINT ( 'NONE',  ( 79.81744592175590469, -37.16680441796100354, -25.94422416672529863 ) ) ;
#764 = VERTEX_POINT ( 'NONE', #3677 ) ;
#765 = B_SPLINE_CURVE_WITH_KNOTS ( 'NONE', 3,
 ( #2388, #106, #2044, #2064, #2168 ),
 .UNSPECIFIED., .F., .F.,
 ( 4, 1, 4 ),
 ( 0.000000000000000000, 0.2918641954812579709, 0.6810164561229340441 ),
 .UNSPECIFIED. ) ;
#766 = ORIENTED_EDGE ( 'NONE', *, *, #3730, .T. ) ;
#767 = EDGE_CURVE ( 'NONE', #2466, #3554, #3943, .T. ) ;
#768 = CARTESIAN_POINT ( 'NONE',  ( 90.48072370083480109, -2.223269813863570032, -1.000000000000000000 ) ) ;
#769 = CARTESIAN_POINT ( 'NONE',  ( 90.71083215765439434, -2.580295076357129958, -4.978002777102839893 ) ) ;
#770 = CARTESIAN_POINT ( 'NONE',  ( 61.07163417978009790, -64.21825935606028679, 0.000000000000000000 ) ) ;
#771 = CARTESIAN_POINT ( 'NONE',  ( 86.55185033661680905, -31.56726427730049878, -25.50840657647300347 ) ) ;
#772 = FACE_OUTER_BOUND ( 'NONE', #4134, .T. ) ;
#773 = ADVANCED_FACE ( 'NONE', ( #4010 ), #3712, .T. ) ;
#774 = FACE_OUTER_BOUND ( 'NONE', #2067, .T. ) ;
#775 = CARTESIAN_POINT ( 'NONE',  ( 90.53803358781260613, -0.9469207194896990254, -9.651892059496960385 ) ) ;
#776 = CARTESIAN_POINT ( 'NONE',  ( 62.66369654443420956, -60.67808699726469968, -3.730638469127680157 ) ) ;
#777 = CARTESIAN_POINT ( 'NONE',  ( 82.41324507880578665, -32.86415863850579910, -23.29622545271629974 ) ) ;
#778 = CARTESIAN_POINT ( 'NONE',  ( 89.85662494586941307, -2.061676332894160080, -3.617800248713809896 ) ) ;
#779 = ORIENTED_EDGE ( 'NONE', *, *, #3120, .T. ) ;
#780 = VECTOR ( 'NONE', #2853, 1000.000000000000114 ) ;
#781 = CARTESIAN_POINT ( 'NONE',  ( 86.29619927941899959, -32.34999480028139374, -25.64024154730280003 ) ) ;
#782 = CARTESIAN_POINT ( 'NONE',  ( 82.65948716134468555, -32.65892738505030479, -25.17093198622529826 ) ) ;
#783 = CARTESIAN_POINT ( 'NONE',  ( 83.94054210157810303, -33.21447580680010248, -22.39422022046849747 ) ) ;
#784 = PLANE ( 'NONE',  #585 ) ;
#785 = VECTOR ( 'NONE', #1423, 1000.000000000000227 ) ;
#786 = CARTESIAN_POINT ( 'NONE',  ( 89.69000000000001194, 1.425000000000000044, 0.000000000000000000 ) ) ;
#787 = CARTESIAN_POINT ( 'NONE',  ( 80.70276438929528240, -35.20327559942919748, -22.05022034163359734 ) ) ;
#788 = ORIENTED_EDGE ( 'NONE', *, *, #1046, .T. ) ;
#789 = ORIENTED_EDGE ( 'NONE', *, *, #881, .T. ) ;
#790 = FACE_OUTER_BOUND ( 'NONE', #161, .T. ) ;
#791 = CARTESIAN_POINT ( 'NONE',  ( 91.00646336165959838, -2.227004278577759955, -3.590190392249180018 ) ) ;
#792 = CARTESIAN_POINT ( 'NONE',  ( 92.05120493314019825, -3.268269293167959777, -6.694951903009219940 ) ) ;
#793 = CARTESIAN_POINT ( 'NONE',  ( 89.69399234541629085, 0.4851185848801039535, -2.000000000000000000 ) ) ;
#794 = EDGE_CURVE ( 'NONE', #504, #4378, #3357, .T. ) ;
#795 = CARTESIAN_POINT ( 'NONE',  ( 84.30167584263320180, -34.04296471607700170, -22.53903258587209990 ) ) ;
#796 = CARTESIAN_POINT ( 'NONE',  ( 91.18382686246741287, -4.526980133320670063, -6.462149270052520045 ) ) ;
#797 = DIRECTION ( 'NONE',  ( 0.9359819694846136517, -0.3520358504676659450, 0.002917667769109509243 ) ) ;
#798 = CARTESIAN_POINT ( 'NONE',  ( 84.67233270256389233, -32.47083567256289882, -26.77520131105239898 ) ) ;
#799 = CARTESIAN_POINT ( 'NONE',  ( 82.43018117288849567, -33.57058218049270693, -26.98443922362100267 ) ) ;
#800 = CARTESIAN_POINT ( 'NONE',  ( 83.93789440139640590, -33.59915320171840847, -22.48479451609509994 ) ) ;
#801 = ADVANCED_FACE ( 'NONE', ( #34 ), #374, .T. ) ;
#802 = CARTESIAN_POINT ( 'NONE',  ( 84.40119971235120033, -32.65386621770045394, -22.04894402428489997 ) ) ;
#803 = VERTEX_POINT ( 'NONE', #686 ) ;
#804 = CARTESIAN_POINT ( 'NONE',  ( 83.88717373020620016, -34.69200047834340239, -26.25872227629569977 ) ) ;
#805 = CARTESIAN_POINT ( 'NONE',  ( 79.81744592175590469, -37.16680441796100354, -25.94422416672529863 ) ) ;
#806 = FACE_OUTER_BOUND ( 'NONE', #2515, .T. ) ;
#807 = CARTESIAN_POINT ( 'NONE',  ( 91.52730125112098847, 2.217390286823800238, -3.000000000000000000 ) ) ;
#808 = ORIENTED_EDGE ( 'NONE', *, *, #3861, .T. ) ;
#809 = B_SPLINE_SURFACE_WITH_KNOTS ( 'NONE', 3, 3, ( 
 ( #26, #2406, #383, #3045 ),
 ( #3109, #696, #2385, #4040 ),
 ( #2062, #3462, #2423, #3418 ),
 ( #2774, #3374, #2360, #320 ),
 ( #45, #1676, #2444, #363 ) ),
 .UNSPECIFIED., .F., .F., .F.,
 ( 4, 1, 4 ),
 ( 4, 4 ),
 ( -1.570796326794899889, -0.8975979010256550650, 0.000000000000000000 ),
 ( 0.000000000000000000, 0.2999999999999999889 ),
 .UNSPECIFIED. ) ;
#810 = CARTESIAN_POINT ( 'NONE',  ( 80.84264796485629745, -37.27796150443130330, -26.13017397981940348 ) ) ;
#811 = CARTESIAN_POINT ( 'NONE',  ( 62.39863790580689340, -64.41389223218850191, 0.000000000000000000 ) ) ;
#812 = ORIENTED_EDGE ( 'NONE', *, *, #512, .F. ) ;
#813 = ORIENTED_EDGE ( 'NONE', *, *, #2972, .T. ) ;
#814 = CARTESIAN_POINT ( 'NONE',  ( 62.67952321274420058, -60.67914015326250166, -2.000000000000000000 ) ) ;
#815 = CARTESIAN_POINT ( 'NONE',  ( 85.15005264572120325, -30.63845666983119997, -25.94507509142970036 ) ) ;
#816 = CARTESIAN_POINT ( 'NONE',  ( 86.06515656519830770, -31.10283856790709933, -26.00514767792940063 ) ) ;
#817 = FACE_OUTER_BOUND ( 'NONE', #1479, .T. ) ;
#818 = CARTESIAN_POINT ( 'NONE',  ( 79.92412064489170120, -36.85910783372209920, -26.11740371048020037 ) ) ;
#819 = CARTESIAN_POINT ( 'NONE',  ( 80.89983426106229558, -36.56128549873449884, -26.42942308227879877 ) ) ;
#820 = CARTESIAN_POINT ( 'NONE',  ( 63.92404669785010896, -60.59171594433880870, -10.42234462248899973 ) ) ;
#821 = CARTESIAN_POINT ( 'NONE',  ( 82.51642058695999538, -33.69687073239369823, -22.53706764423619902 ) ) ;
#822 = CARTESIAN_POINT ( 'NONE',  ( 60.68244496896949869, -62.71975276436340607, -3.000000000000000000 ) ) ;
#823 = B_SPLINE_CURVE_WITH_KNOTS ( 'NONE', 3,
 ( #3541, #490, #3192, #3950 ),
 .UNSPECIFIED., .F., .F.,
 ( 4, 4 ),
 ( 1.561435541111820147, 1.655724346088029986 ),
 .UNSPECIFIED. ) ;
#824 = CARTESIAN_POINT ( 'NONE',  ( 85.31853206628140640, -33.05538172619029780, -22.07670942938089809 ) ) ;
#825 = ORIENTED_EDGE ( 'NONE', *, *, #2091, .F. ) ;
#826 = B_SPLINE_CURVE_WITH_KNOTS ( 'NONE', 3,
 ( #2724, #4076, #2395, #3179 ),
 .UNSPECIFIED., .F., .F.,
 ( 4, 4 ),
 ( 1.561435541111820147, 1.655724346088029986 ),
 .UNSPECIFIED. ) ;
#827 = CARTESIAN_POINT ( 'NONE',  ( 92.09531219077381081, -2.901896853677249588, -9.701099536806470525 ) ) ;
#828 = CARTESIAN_POINT ( 'NONE',  ( 82.17275330249529475, -32.91009916835569982, -24.25909647779559819 ) ) ;
#829 = DIRECTION ( 'NONE',  ( -0.6979027849314637377, -0.7161925039993836117, 0.000000000000000000 ) ) ;
#830 = CARTESIAN_POINT ( 'NONE',  ( 82.16650340146509279, -35.97569428293159888, -22.65248140984149927 ) ) ;
#831 = EDGE_LOOP ( 'NONE', ( #2987, #1367, #4091, #3919 ) ) ;
#832 = ADVANCED_FACE ( 'NONE', ( #644 ), #2722, .T. ) ;
#833 = LINE ( 'NONE', #786, #1779 ) ;
#834 = VERTEX_POINT ( 'NONE', #311 ) ;
#835 = ORIENTED_EDGE ( 'NONE', *, *, #2343, .F. ) ;
#836 = CARTESIAN_POINT ( 'NONE',  ( 89.60941317167949194, -3.658238301175510188, -8.038825888557710186 ) ) ;
#837 = CARTESIAN_POINT ( 'NONE',  ( 83.25793109830699734, -34.34660859208320005, -22.57368367616020066 ) ) ;
#838 = CARTESIAN_POINT ( 'NONE',  ( 83.63470141885589726, -32.92696856084580048, -26.90106644594909824 ) ) ;
#839 = CARTESIAN_POINT ( 'NONE',  ( 89.67615802929661584, -1.654195788802580003, -2.000000000000000000 ) ) ;
#840 = CARTESIAN_POINT ( 'NONE',  ( 79.47871878954499891, -36.19589783429199770, -26.06767800809920033 ) ) ;
#841 = CARTESIAN_POINT ( 'NONE',  ( 82.40890761439671053, -34.52111135114909501, -27.00388514336640000 ) ) ;
#842 = CARTESIAN_POINT ( 'NONE',  ( 62.67146790602419770, -60.67860412796520109, -3.000000000000000000 ) ) ;
#843 = CARTESIAN_POINT ( 'NONE',  ( 83.04297881217421207, -32.67216901308810151, -23.21337735644710065 ) ) ;
#844 = CARTESIAN_POINT ( 'NONE',  ( 82.93518751420019441, -33.58344344651670355, -22.52436941380430113 ) ) ;
#845 = CARTESIAN_POINT ( 'NONE',  ( 84.02634057846830729, -31.36670560548660092, -23.99658927338100156 ) ) ;
#846 = EDGE_LOOP ( 'NONE', ( #3533, #1054, #392, #1818, #4066, #526, #3823, #143 ) ) ;
#847 = CARTESIAN_POINT ( 'NONE',  ( 92.16650055007529829, 0.8435635673340150520, -7.167938038855390381 ) ) ;
#848 = CARTESIAN_POINT ( 'NONE',  ( 85.15003419276379759, -30.63850667647010084, -25.94497850085999957 ) ) ;
#849 = CARTESIAN_POINT ( 'NONE',  ( 86.35229867456590114, -32.08912397119829762, -24.45844587614879728 ) ) ;
#850 = CARTESIAN_POINT ( 'NONE',  ( 91.31999999999999318, 2.225000000000000089, 0.000000000000000000 ) ) ;
#851 = EDGE_CURVE ( 'NONE', #4174, #1936, #286, .T. ) ;
#852 = CARTESIAN_POINT ( 'NONE',  ( 91.33854177814679076, 2.221481615920239960, -2.000000000000000000 ) ) ;
#853 = ORIENTED_EDGE ( 'NONE', *, *, #1265, .F. ) ;
#854 = CARTESIAN_POINT ( 'NONE',  ( 83.74569003245760257, -32.12011534354549980, -22.53966727521689606 ) ) ;
#855 = ORIENTED_EDGE ( 'NONE', *, *, #552, .F. ) ;
#856 = EDGE_CURVE ( 'NONE', #4295, #1912, #3439, .T. ) ;
#857 = VECTOR ( 'NONE', #3701, 1000.000000000000000 ) ;
#858 = ORIENTED_EDGE ( 'NONE', *, *, #3581, .T. ) ;
#859 = CARTESIAN_POINT ( 'NONE',  ( 82.79544561505720424, -35.24530659807759747, -26.21424122191859851 ) ) ;
#860 = CARTESIAN_POINT ( 'NONE',  ( 83.75907899479879859, -32.06734696708730326, -22.78822509596429668 ) ) ;
#861 = CARTESIAN_POINT ( 'NONE',  ( 60.68244496896949869, -62.71975276436340607, -3.000000000000000000 ) ) ;
#862 = FACE_OUTER_BOUND ( 'NONE', #2791, .T. ) ;
#863 = CARTESIAN_POINT ( 'NONE',  ( 82.83778922915979592, -34.46161979142139842, -22.56501531904100233 ) ) ;
#864 = CARTESIAN_POINT ( 'NONE',  ( 92.11999999999999034, -1.425000000000000044, 122.3110000000000070 ) ) ;
#865 = CARTESIAN_POINT ( 'NONE',  ( 64.41389223218860138, -61.26726705590840538, 0.000000000000000000 ) ) ;
#866 = CARTESIAN_POINT ( 'NONE',  ( 91.34779571224240158, 2.219635546034480544, -3.000000000000000000 ) ) ;
#867 = CARTESIAN_POINT ( 'NONE',  ( 86.38319966681210360, -32.00095065480429923, -24.41346062570469755 ) ) ;
#868 = CARTESIAN_POINT ( 'NONE',  ( 89.69000000000001194, 1.425000000000000044, 0.000000000000000000 ) ) ;
#869 = VERTEX_POINT ( 'NONE', #1709 ) ;
#870 = B_SPLINE_CURVE_WITH_KNOTS ( 'NONE', 3,
 ( #3485, #1856, #4193, #429, #186 ),
 .UNSPECIFIED., .F., .F.,
 ( 4, 1, 4 ),
 ( 0.000000000000000000, 0.2918641954812579709, 0.6810164561229340441 ),
 .UNSPECIFIED. ) ;
#871 = DIRECTION ( 'NONE',  ( -0.03077626131155819858, -0.4549805036444489748, 0.8899694169144950484 ) ) ;
#872 = CARTESIAN_POINT ( 'NONE',  ( 79.35241346808970775, -36.20632782560809915, -25.39035297722909945 ) ) ;
#873 = CARTESIAN_POINT ( 'NONE',  ( 84.12684639177351187, -31.21441038803859769, -25.55743135558829948 ) ) ;
#874 = CARTESIAN_POINT ( 'NONE',  ( 82.06455769592500360, -35.72607519109659791, -22.27861655373080296 ) ) ;
#875 = ORIENTED_EDGE ( 'NONE', *, *, #1023, .T. ) ;
#876 = CARTESIAN_POINT ( 'NONE',  ( 83.86409020345750776, -32.37795852154039977, -22.17696160644809922 ) ) ;
#877 = EDGE_CURVE ( 'NONE', #3666, #943, #1413, .T. ) ;
#878 = ORIENTED_EDGE ( 'NONE', *, *, #666, .T. ) ;
#879 = VERTEX_POINT ( 'NONE', #2765 ) ;
#880 = DIRECTION ( 'NONE',  ( 0.1989479702335639477, 0.4412424311307298619, 0.8750570393464577323 ) ) ;
#881 = EDGE_CURVE ( 'NONE', #599, #1615, #403, .T. ) ;
#882 = DIRECTION ( 'NONE',  ( -1.000000000000000000, 0.000000000000000000, 0.000000000000000000 ) ) ;
#883 = EDGE_CURVE ( 'NONE', #2116, #2914, #2223, .T. ) ;
#884 = FACE_OUTER_BOUND ( 'NONE', #1009, .T. ) ;
#885 = CARTESIAN_POINT ( 'NONE',  ( 83.01234022966410464, -32.54199938042339824, -26.69028608424070015 ) ) ;
#886 = CARTESIAN_POINT ( 'NONE',  ( 79.42593390834419154, -35.98408079220320133, -25.68021377616959811 ) ) ;
#887 = DIRECTION ( 'NONE',  ( 0.7071067811865420216, 0.7071067811865531239, 0.000000000000000000 ) ) ;
#888 = EDGE_CURVE ( 'NONE', #2540, #2914, #826, .T. ) ;
#889 = CARTESIAN_POINT ( 'NONE',  ( 65.28283900453479305, -59.03176035532079879, -6.482456041883419395 ) ) ;
#890 = CARTESIAN_POINT ( 'NONE',  ( 62.39863790580689340, -64.41389223218850191, 0.000000000000000000 ) ) ;
#891 = CARTESIAN_POINT ( 'NONE',  ( 91.94007517799269635, -2.041513866323770188, -3.622759951837489556 ) ) ;
#892 = CARTESIAN_POINT ( 'NONE',  ( 79.24730067621941032, -36.48500015197629409, -25.24416892470710039 ) ) ;
#893 = LINE ( 'NONE', #3641, #1495 ) ;
#894 = CARTESIAN_POINT ( 'NONE',  ( 64.75724911025690744, -61.09679389590090182, -4.984945015456470507 ) ) ;
#895 = CARTESIAN_POINT ( 'NONE',  ( 62.42279275368800029, -64.41565653174690453, -3.000000000000000000 ) ) ;
#896 = ORIENTED_EDGE ( 'NONE', *, *, #2379, .F. ) ;
#897 = CARTESIAN_POINT ( 'NONE',  ( 82.83564001835219415, -35.22385455923610209, -26.21789203898219967 ) ) ;
#898 = ORIENTED_EDGE ( 'NONE', *, *, #877, .F. ) ;
#899 = CARTESIAN_POINT ( 'NONE',  ( 84.26673098652840110, -30.72137468793470205, -25.24451156902189908 ) ) ;
#900 = ORIENTED_EDGE ( 'NONE', *, *, #2940, .F. ) ;
#901 = B_SPLINE_CURVE_WITH_KNOTS ( 'NONE', 3,
 ( #3801, #4073, #3469, #4382 ),
 .UNSPECIFIED., .F., .F.,
 ( 4, 4 ),
 ( 0.000000000000000000, 0.2999999999999999889 ),
 .UNSPECIFIED. ) ;
#902 = EDGE_LOOP ( 'NONE', ( #4336, #1236, #1750, #1394 ) ) ;
#903 = CARTESIAN_POINT ( 'NONE',  ( 63.57777287799849830, -59.77169134862030120, -9.724022272780660003 ) ) ;
#904 = CARTESIAN_POINT ( 'NONE',  ( 86.08576961472608957, -31.02822760784789935, -25.96583428832540008 ) ) ;
#905 = CARTESIAN_POINT ( 'NONE',  ( 79.56937224884480031, -35.62735817748149714, -25.62038007188720101 ) ) ;
#906 = CARTESIAN_POINT ( 'NONE',  ( 82.71196383097709770, -33.42119722955030170, -26.98030956133110081 ) ) ;
#907 = CARTESIAN_POINT ( 'NONE',  ( 80.36707727586370709, -35.58891408206919493, -26.64370959795150284 ) ) ;
#908 = FACE_OUTER_BOUND ( 'NONE', #191, .T. ) ;
#909 = CARTESIAN_POINT ( 'NONE',  ( 64.15793139096500397, -59.10564289488230116, -8.041822654095149403 ) ) ;
#910 = CARTESIAN_POINT ( 'NONE',  ( 83.78666326088669791, -32.01230247825640163, -22.74866737753250234 ) ) ;
#911 = CARTESIAN_POINT ( 'NONE',  ( 92.04550693403699313, -3.379634197542719765, -6.550371833082090589 ) ) ;
#912 = ADVANCED_FACE ( 'NONE', ( #2677 ), #2045, .T. ) ;
#913 = CARTESIAN_POINT ( 'NONE',  ( 91.97657244870359250, 1.216166689183539873, -7.404812978279050384 ) ) ;
#914 = CARTESIAN_POINT ( 'NONE',  ( 80.10135335875060036, -34.72399651115549801, -22.97020388934459945 ) ) ;
#915 = CARTESIAN_POINT ( 'NONE',  ( 86.06316316086991947, -32.86118210341404478, -22.75022711897364758 ) ) ;
#916 = CARTESIAN_POINT ( 'NONE',  ( 83.34634511883319874, -34.96131728216830226, -26.25689189823050285 ) ) ;
#917 = ORIENTED_EDGE ( 'NONE', *, *, #881, .F. ) ;
#918 = B_SPLINE_SURFACE_WITH_KNOTS ( 'NONE', 3, 3, ( 
 ( #4046, #985, #1979, #899 ),
 ( #2364, #3093, #2447, #2800 ),
 ( #1008, #3797, #2738, #49 ),
 ( #29, #3378, #3423, #3466 ),
 ( #368, #3071, #2758, #3445 ) ),
 .UNSPECIFIED., .F., .F., .F.,
 ( 4, 1, 4 ),
 ( 4, 4 ),
 ( -1.570796326794899889, -0.8975979010256550650, 0.000000000000000000 ),
 ( -1.957991609067750050, -1.639188761265319982 ),
 .UNSPECIFIED. ) ;
#919 = CARTESIAN_POINT ( 'NONE',  ( 60.70249977120479912, -63.85872352789430551, -4.332590659987750392 ) ) ;
#920 = EDGE_LOOP ( 'NONE', ( #2397, #1790, #853, #1096 ) ) ;
#921 = AXIS2_PLACEMENT_3D ( 'NONE', #1552, #1145, #3849 ) ;
#922 = ORIENTED_EDGE ( 'NONE', *, *, #3049, .T. ) ;
#923 = CARTESIAN_POINT ( 'NONE',  ( 79.81430239138509819, -35.22745922325369605, -22.75025636256970074 ) ) ;
#924 = CARTESIAN_POINT ( 'NONE',  ( 91.31999999999999318, -2.225000000000000089, 0.000000000000000000 ) ) ;
#925 = EDGE_CURVE ( 'NONE', #2205, #2157, #620, .T. ) ;
#926 = CARTESIAN_POINT ( 'NONE',  ( 84.26590880193360533, -30.72140258956200043, -25.24394315162149738 ) ) ;
#927 = B_SPLINE_SURFACE_WITH_KNOTS ( 'NONE', 3, 3, ( 
 ( #1442, #2421, #2812, #2083 ),
 ( #3773, #1759, #4121, #715 ),
 ( #1061, #2795, #2459, #4142 ),
 ( #3812, #4280, #3591, #1248 ) ),
 .UNSPECIFIED., .F., .F., .F.,
 ( 4, 4 ),
 ( 4, 4 ),
 ( 0.000000000000000000, 0.08300000000000230804 ),
 ( 1.561435541111820147, 1.655724346088029986 ),
 .UNSPECIFIED. ) ;
#928 = CARTESIAN_POINT ( 'NONE',  ( 84.64208925079189783, -32.78178156061880344, -22.06904390611700251 ) ) ;
#929 = CARTESIAN_POINT ( 'NONE',  ( 83.29424707015500928, -32.38369813863809554, -26.64729414271929997 ) ) ;
#930 = CARTESIAN_POINT ( 'NONE',  ( 82.30742072357010386, -35.73826377711180413, -23.06730535734680032 ) ) ;
#931 = CARTESIAN_POINT ( 'NONE',  ( 61.24605385247279798, -63.26130817885450597, 0.000000000000000000 ) ) ;
#932 = CARTESIAN_POINT ( 'NONE',  ( 91.91468131473982339, -2.595542788748419039, -10.28523608076996432 ) ) ;
#933 = EDGE_CURVE ( 'NONE', #943, #3314, #3867, .T. ) ;
#934 = CARTESIAN_POINT ( 'NONE',  ( 64.41389223218860138, -61.26726705590840538, 0.000000000000000000 ) ) ;
#935 = CARTESIAN_POINT ( 'NONE',  ( 71.67031671345310428, -51.97933839137979817, -11.49963134692369948 ) ) ;
#936 = CARTESIAN_POINT ( 'NONE',  ( 65.31675611832849881, -61.47360605612990270, -9.852672565788997971 ) ) ;
#937 = CARTESIAN_POINT ( 'NONE',  ( 62.42279275368800029, -64.41565653174690453, -3.000000000000000000 ) ) ;
#938 = ADVANCED_FACE ( 'NONE', ( #2180 ), #1361, .T. ) ;
#939 = CARTESIAN_POINT ( 'NONE',  ( 85.92828215377861056, -30.92870705364465067, -25.94551205658265047 ) ) ;
#940 = CARTESIAN_POINT ( 'NONE',  ( 86.13249576541900865, -31.02132451174539796, -25.91769111961140126 ) ) ;
#941 = EDGE_LOOP ( 'NONE', ( #451, #3249, #3622, #855 ) ) ;
#942 = CARTESIAN_POINT ( 'NONE',  ( 80.97695871135260859, -34.80433645585869584, -22.25826234695520256 ) ) ;
#943 = VERTEX_POINT ( 'NONE', #1908 ) ;
#944 = CARTESIAN_POINT ( 'NONE',  ( 70.28392961271019601, -53.61149086407559849, -15.41088329081770070 ) ) ;
#945 = CARTESIAN_POINT ( 'NONE',  ( 80.32763294146720057, -34.29452614757579454, -23.13209260688159929 ) ) ;
#946 = CARTESIAN_POINT ( 'NONE',  ( 85.54831881145481987, -33.04060384428179731, -22.11934698702055258 ) ) ;
#947 = CARTESIAN_POINT ( 'NONE',  ( 80.57409842929399701, -37.50794512608150200, -25.94423413766170228 ) ) ;
#948 = CARTESIAN_POINT ( 'NONE',  ( 82.13009368693479928, -36.03938433255370200, -23.95069741819429865 ) ) ;
#949 = EDGE_LOOP ( 'NONE', ( #657, #3334, #3265, #2507, #2053 ) ) ;
#950 = CARTESIAN_POINT ( 'NONE',  ( 84.15678759886249338, -31.14898609423210019, -25.72259530788480220 ) ) ;
#951 = CARTESIAN_POINT ( 'NONE',  ( 82.26591341493880805, -34.85370093753800091, -22.50026818932750317 ) ) ;
#952 = CARTESIAN_POINT ( 'NONE',  ( 63.82699360380370024, -60.68036842752359661, 121.3619999999999948 ) ) ;
#953 = CARTESIAN_POINT ( 'NONE',  ( 64.41181569074271351, -62.37450789534869955, -3.000000000000000000 ) ) ;
#954 = CARTESIAN_POINT ( 'NONE',  ( 90.25992751798210634, 2.227732428903470119, -1.000000000000000000 ) ) ;
#955 = DIRECTION ( 'NONE',  ( 0.000000000000000000, 0.000000000000000000, 1.000000000000000000 ) ) ;
#956 = B_SPLINE_CURVE_WITH_KNOTS ( 'NONE', 3,
 ( #693, #1337, #3393, #317 ),
 .UNSPECIFIED., .F., .F.,
 ( 4, 4 ),
 ( 0.000000000000000000, 0.08146959963896649448 ),
 .UNSPECIFIED. ) ;
#957 = DIRECTION ( 'NONE',  ( 0.000000000000000000, 0.000000000000000000, 1.000000000000000000 ) ) ;
#958 = CARTESIAN_POINT ( 'NONE',  ( 64.39718391548831278, -61.24323166420400355, -3.000000000000000000 ) ) ;
#959 = CARTESIAN_POINT ( 'NONE',  ( 63.82699360380370024, -60.68036842752359661, 0.000000000000000000 ) ) ;
#960 = ORIENTED_EDGE ( 'NONE', *, *, #2663, .F. ) ;
#961 = EDGE_CURVE ( 'NONE', #2106, #599, #3019, .T. ) ;
#962 = B_SPLINE_SURFACE_WITH_KNOTS ( 'NONE', 3, 3, ( 
 ( #603, #1942, #1893, #3280 ),
 ( #267, #928, #2950, #2632 ),
 ( #175, #1622, #1578, #196 ),
 ( #1534, #2897, #1287, #4301 ) ),
 .UNSPECIFIED., .F., .F., .F.,
 ( 4, 4 ),
 ( 4, 4 ),
 ( 0.000000000000000000, 0.08300000000000150313 ),
 ( 0.000000000000000000, 0.009536135058319140587 ),
 .UNSPECIFIED. ) ;
#963 = CARTESIAN_POINT ( 'NONE',  ( 80.67930672043159745, -37.20350079203600302, -26.12789560946890077 ) ) ;
#964 = ORIENTED_EDGE ( 'NONE', *, *, #3049, .F. ) ;
#965 = ADVANCED_FACE ( 'NONE', ( #1231 ), #784, .T. ) ;
#966 = CARTESIAN_POINT ( 'NONE',  ( 79.19968060142069533, -36.59061569331660024, -25.45362208785249791 ) ) ;
#967 = CARTESIAN_POINT ( 'NONE',  ( 91.31072370083479939, -2.226730186136429701, -1.000000000000000000 ) ) ;
#968 = CARTESIAN_POINT ( 'NONE',  ( 89.54749734478200196, -23.71220725707490118, -17.41093342669430299 ) ) ;
#969 = CARTESIAN_POINT ( 'NONE',  ( 80.89983426106229558, -36.56128549873449884, -26.42942308227879877 ) ) ;
#970 = CARTESIAN_POINT ( 'NONE',  ( 82.13593197963339776, -32.85617821361140045, -26.15797423079130013 ) ) ;
#971 = ORIENTED_EDGE ( 'NONE', *, *, #454, .T. ) ;
#972 = CARTESIAN_POINT ( 'NONE',  ( 83.63470141885589726, -32.92696856084580048, -26.90106644594909824 ) ) ;
#973 = CARTESIAN_POINT ( 'NONE',  ( 64.41181569074259983, -62.37450789534869955, -3.000000000000000000 ) ) ;
#974 = CARTESIAN_POINT ( 'NONE',  ( 64.39718391548831278, -61.24323166420400355, -3.000000000000000000 ) ) ;
#975 = CARTESIAN_POINT ( 'NONE',  ( 83.75907899479879859, -32.06734696708730326, -22.78822509596429668 ) ) ;
#976 = CARTESIAN_POINT ( 'NONE',  ( 87.42011791526689990, -22.21273370898560273, -19.08856183208559898 ) ) ;
#977 = B_SPLINE_SURFACE_WITH_KNOTS ( 'NONE', 3, 3, ( 
 ( #1679, #916, #2982, #4333 ),
 ( #1341, #2710, #1004, #1366 ),
 ( #3067, #6, #2734, #342 ),
 ( #1698, #3675, #2028, #3383 ),
 ( #2413, #2720, #329, #3720 ) ),
 .UNSPECIFIED., .F., .F., .F.,
 ( 4, 1, 4 ),
 ( 4, 4 ),
 ( 1.471239981099070027E-15, 0.8975979010256640578, 1.570796326794909881 ),
 ( 1.561435541111820147, 1.655724346088029986 ),
 .UNSPECIFIED. ) ;
#978 = CARTESIAN_POINT ( 'NONE',  ( 89.71016282888891169, 1.619590138829219983, -3.000000000000000000 ) ) ;
#979 = CARTESIAN_POINT ( 'NONE',  ( 81.45941689683330367, -35.54441630754980253, -22.05023031256990151 ) ) ;
#980 = B_SPLINE_CURVE_WITH_KNOTS ( 'NONE', 3,
 ( #2147, #4398, #4067, #1007, #796 ),
 .UNSPECIFIED., .F., .F.,
 ( 4, 1, 4 ),
 ( 0.000000000000000000, 0.4285714285714266047, 1.000000000000000000 ),
 .UNSPECIFIED. ) ;
#981 = CARTESIAN_POINT ( 'NONE',  ( 92.09624140303699846, -1.444940002985930061, -3.725007193604359834 ) ) ;
#982 = CARTESIAN_POINT ( 'NONE',  ( 80.14632153974531548, -36.21484853135029880, -26.39625673724099642 ) ) ;
#983 = VERTEX_POINT ( 'NONE', #456 ) ;
#984 = CARTESIAN_POINT ( 'NONE',  ( 85.92882038217288709, -30.92896396926649771, -25.94541493694260126 ) ) ;
#985 = CARTESIAN_POINT ( 'NONE',  ( 89.36787057864040662, -12.30137351133099877, -14.66312881029310056 ) ) ;
#986 = ORIENTED_EDGE ( 'NONE', *, *, #1677, .F. ) ;
#987 = ADVANCED_FACE ( 'NONE', ( #1183 ), #9, .T. ) ;
#988 = CARTESIAN_POINT ( 'NONE',  ( 79.86192246618368529, -35.12184368191330464, -22.54080319942439914 ) ) ;
#989 = CARTESIAN_POINT ( 'NONE',  ( 63.57777287799849830, -59.77169134862030120, -9.724022272780660003 ) ) ;
#990 = CARTESIAN_POINT ( 'NONE',  ( 85.86225594463154209, -33.05615270739892253, -22.29190327497429536 ) ) ;
#991 = CARTESIAN_POINT ( 'NONE',  ( 81.45941689683330367, -35.54441630754980253, -22.05023031256990151 ) ) ;
#992 = DIRECTION ( 'NONE',  ( -0.9078466521890743435, 0.4173939366075171131, 0.03995945185271821548 ) ) ;
#993 = ORIENTED_EDGE ( 'NONE', *, *, #1742, .T. ) ;
#994 = CARTESIAN_POINT ( 'NONE',  ( 82.94287698037740597, -32.44579938368710259, -26.26212379135759889 ) ) ;
#995 = CARTESIAN_POINT ( 'NONE',  ( 82.39698281929130985, -35.60324902929279745, -23.15749130713719950 ) ) ;
#996 = CARTESIAN_POINT ( 'NONE',  ( 81.73047143266960290, -35.15077342324300247, -22.29142869199300137 ) ) ;
#997 = CARTESIAN_POINT ( 'NONE',  ( 64.58314491554699543, -62.22938522244849935, 0.000000000000000000 ) ) ;
#998 = CARTESIAN_POINT ( 'NONE',  ( 63.19432302064874563, -60.35167283448636510, -3.000002034092047243 ) ) ;
#999 = VECTOR ( 'NONE', #291, 1000.000000000000000 ) ;
#1000 = B_SPLINE_CURVE_WITH_KNOTS ( 'NONE', 3,
 ( #2027, #1707, #705, #3054 ),
 .UNSPECIFIED., .F., .F.,
 ( 4, 4 ),
 ( 0.000000000000000000, 1.000000000000000000 ),
 .UNSPECIFIED. ) ;
#1001 = CARTESIAN_POINT ( 'NONE',  ( 82.43018117288849567, -33.57058218049270693, -26.98443922362100267 ) ) ;
#1002 = CARTESIAN_POINT ( 'NONE',  ( 66.24180957867299924, -60.41160246035899917, -7.170432206514609774 ) ) ;
#1003 = CARTESIAN_POINT ( 'NONE',  ( 64.56198833012719263, -61.41536315384703215, 0.000000000000000000 ) ) ;
#1004 = CARTESIAN_POINT ( 'NONE',  ( 83.61994940359890904, -34.81005380933989102, -26.50203780773369999 ) ) ;
#1005 = VERTEX_POINT ( 'NONE', #759 ) ;
#1006 = ADVANCED_FACE ( 'NONE', ( #3176 ), #3750, .T. ) ;
#1007 = CARTESIAN_POINT ( 'NONE',  ( 91.42293257411030538, -4.537630299566649761, -6.459325395644770929 ) ) ;
#1008 = CARTESIAN_POINT ( 'NONE',  ( 89.83247801872799698, -2.527734064580810180, -10.26116835676550032 ) ) ;
#1009 = EDGE_LOOP ( 'NONE', ( #3275, #4268, #2233, #212 ) ) ;
#1010 = EDGE_CURVE ( 'NONE', #1237, #277, #1191, .T. ) ;
#1011 = CARTESIAN_POINT ( 'NONE',  ( 60.51539534900300055, -62.89118020124880104, -3.000000000000000000 ) ) ;
#1012 = FACE_OUTER_BOUND ( 'NONE', #3072, .T. ) ;
#1013 = CARTESIAN_POINT ( 'NONE',  ( 85.40255674512960127, -33.02742194586150504, -22.04935107113669801 ) ) ;
#1014 = CARTESIAN_POINT ( 'NONE',  ( 90.50856341850651177, 2.228402360464549758, -2.000000000000000000 ) ) ;
#1015 = CARTESIAN_POINT ( 'NONE',  ( 80.89983426106229558, -36.56128549873449884, -26.42942308227879877 ) ) ;
#1016 = ORIENTED_EDGE ( 'NONE', *, *, #1095, .T. ) ;
#1017 = EDGE_CURVE ( 'NONE', #2466, #1005, #3805, .T. ) ;
#1018 = EDGE_CURVE ( 'NONE', #3963, #3316, #2301, .T. ) ;
#1019 = CARTESIAN_POINT ( 'NONE',  ( 80.14632153974531548, -36.21484853135029880, -26.39625673724099642 ) ) ;
#1020 = LINE ( 'NONE', #731, #3777 ) ;
#1021 = CARTESIAN_POINT ( 'NONE',  ( 83.80367817075600101, -34.95058161563620303, -23.42170548272740049 ) ) ;
#1022 = CARTESIAN_POINT ( 'NONE',  ( 83.66814978210419440, -34.05002637965020540, -27.01031639423020181 ) ) ;
#1023 = EDGE_CURVE ( 'NONE', #2136, #834, #4077, .T. ) ;
#1024 = CARTESIAN_POINT ( 'NONE',  ( 85.31853206628140640, -33.05538172619019832, -22.07670942938089809 ) ) ;
#1025 = CARTESIAN_POINT ( 'NONE',  ( 92.10808632046669686, -1.435093815793709870, -2.000000000000000000 ) ) ;
#1026 = DIRECTION ( 'NONE',  ( 1.000000000000000000, -2.710505431213777355E-16, 0.000000000000000000 ) ) ;
#1027 = ORIENTED_EDGE ( 'NONE', *, *, #3074, .F. ) ;
#1028 = CARTESIAN_POINT ( 'NONE',  ( 89.58017572343349855, -4.090469779637739833, -7.193354942488939585 ) ) ;
#1029 = CARTESIAN_POINT ( 'NONE',  ( 83.59193930754280188, -34.95973145640149937, -24.36738778612389922 ) ) ;
#1030 = EDGE_LOOP ( 'NONE', ( #1397, #3979, #3840, #256, #639 ) ) ;
#1031 = ORIENTED_EDGE ( 'NONE', *, *, #3947, .F. ) ;
#1032 = CARTESIAN_POINT ( 'NONE',  ( 64.41389223218860138, -61.26726705590840538, 0.000000000000000000 ) ) ;
#1033 = CARTESIAN_POINT ( 'NONE',  ( 90.49166105173999597, -2.465386499994330016, -10.43230520924289983 ) ) ;
#1034 = CARTESIAN_POINT ( 'NONE',  ( 86.03247490103890982, -32.94247547158450118, -22.59276711977990004 ) ) ;
#1035 = B_SPLINE_CURVE_WITH_KNOTS ( 'NONE', 3,
 ( #198, #2264, #1847, #2548, #2925, #2216 ),
 .UNSPECIFIED., .F., .F.,
 ( 4, 2, 4 ),
 ( 0.000000000000000000, 0.5000000000000002220, 1.000000000000000000 ),
 .UNSPECIFIED. ) ;
#1036 = CARTESIAN_POINT ( 'NONE',  ( 62.40668560654629715, -64.41453239020189869, -1.000000000000000000 ) ) ;
#1037 = VERTEX_POINT ( 'NONE', #2176 ) ;
#1038 = CARTESIAN_POINT ( 'NONE',  ( 65.08065248216179555, -61.52198492498799709, -10.22592406538069909 ) ) ;
#1039 = CARTESIAN_POINT ( 'NONE',  ( 72.23762893458949463, -54.00593915204490258, -13.85633078029380094 ) ) ;
#1040 = CARTESIAN_POINT ( 'NONE',  ( 62.95902369737320470, -63.91109703044600820, -6.981444984684010535 ) ) ;
#1041 = CARTESIAN_POINT ( 'NONE',  ( 90.48999999999999488, -2.225000000000000089, 0.000000000000000000 ) ) ;
#1042 = ADVANCED_FACE ( 'NONE', ( #1832 ), #218, .T. ) ;
#1043 = FACE_OUTER_BOUND ( 'NONE', #3735, .T. ) ;
#1044 = CARTESIAN_POINT ( 'NONE',  ( 63.63131670028339215, -60.49692273274429510, -3.000000000000000000 ) ) ;
#1045 = DIRECTION ( 'NONE',  ( 0.9989399681491105687, -0.04449444832353788987, 0.01179763122995069677 ) ) ;
#1046 = EDGE_CURVE ( 'NONE', #1346, #1998, #3596, .T. ) ;
#1047 = ORIENTED_EDGE ( 'NONE', *, *, #1404, .F. ) ;
#1048 = CARTESIAN_POINT ( 'NONE',  ( 62.69562275390519801, -60.68036842752359661, 0.000000000000000000 ) ) ;
#1049 = ORIENTED_EDGE ( 'NONE', *, *, #3315, .F. ) ;
#1050 = CARTESIAN_POINT ( 'NONE',  ( 81.65699052833939220, -35.65043541194209809, -22.07815564020170029 ) ) ;
#1051 = CARTESIAN_POINT ( 'NONE',  ( 80.67195860303000643, -33.75129625655090848, -25.21074234561579885 ) ) ;
#1052 = ORIENTED_EDGE ( 'NONE', *, *, #2852, .F. ) ;
#1053 = CARTESIAN_POINT ( 'NONE',  ( 66.24180957867299924, -60.41160246035899917, -7.170432206514609774 ) ) ;
#1054 = ORIENTED_EDGE ( 'NONE', *, *, #3042, .T. ) ;
#1055 = CARTESIAN_POINT ( 'NONE',  ( 80.57409842929389754, -37.50794512608160147, -25.94423413766170228 ) ) ;
#1056 = CARTESIAN_POINT ( 'NONE',  ( 82.84710965315279907, -32.74238550817409532, -23.00813618530809990 ) ) ;
#1057 = CARTESIAN_POINT ( 'NONE',  ( 92.08488052244689470, -1.900728832158589787, -5.416293882961969786 ) ) ;
#1058 = LINE ( 'NONE', #2439, #2716 ) ;
#1059 = VECTOR ( 'NONE', #3652, 1000.000000000000000 ) ;
#1060 = EDGE_CURVE ( 'NONE', #983, #2562, #1628, .T. ) ;
#1061 = CARTESIAN_POINT ( 'NONE',  ( 82.53730405362180989, -33.82549853350190716, -26.99375511522260140 ) ) ;
#1062 = CARTESIAN_POINT ( 'NONE',  ( 80.49249409372409048, -35.12541615362869862, -22.07814029482229756 ) ) ;
#1063 = CARTESIAN_POINT ( 'NONE',  ( 83.74641345581351004, -32.12071969748699729, -22.53909972398369987 ) ) ;
#1064 = VECTOR ( 'NONE', #538, 1000.000000000000114 ) ;
#1065 = ORIENTED_EDGE ( 'NONE', *, *, #1999, .T. ) ;
#1066 = VECTOR ( 'NONE', #4253, 1000.000000000000000 ) ;
#1067 = EDGE_CURVE ( 'NONE', #834, #2185, #4229, .T. ) ;
#1068 = CARTESIAN_POINT ( 'NONE',  ( 84.41680069121659358, -34.43837755630460151, -26.24306755272290204 ) ) ;
#1069 = CARTESIAN_POINT ( 'NONE',  ( 83.60438705216330391, -34.89325425701040473, -25.31530988685780059 ) ) ;
#1070 = CARTESIAN_POINT ( 'NONE',  ( 91.95683603556109631, -2.032943975887889998, -2.000000000000000000 ) ) ;
#1071 = ORIENTED_EDGE ( 'NONE', *, *, #673, .T. ) ;
#1072 = PRODUCT_DEFINITION_CONTEXT ( 'detailed design', #1452, 'design' ) ;
#1073 = CARTESIAN_POINT ( 'NONE',  ( 89.58017572343349855, -4.090469779637739833, -7.193354942488939585 ) ) ;
#1074 = CARTESIAN_POINT ( 'NONE',  ( 62.69562275390519801, -60.68036842752359661, 121.3619999999999948 ) ) ;
#1075 = ORIENTED_EDGE ( 'NONE', *, *, #2462, .F. ) ;
#1076 = B_SPLINE_CURVE_WITH_KNOTS ( 'NONE', 3,
 ( #2363, #3377, #4161, #1702 ),
 .UNSPECIFIED., .F., .F.,
 ( 4, 4 ),
 ( 0.000000000000000000, 1.000000000000000000 ),
 .UNSPECIFIED. ) ;
#1077 = ORIENTED_EDGE ( 'NONE', *, *, #2424, .F. ) ;
#1078 = CARTESIAN_POINT ( 'NONE',  ( 82.13245295414769487, -32.85108354668510344, -26.33738777662220087 ) ) ;
#1079 = CARTESIAN_POINT ( 'NONE',  ( 84.08920206822131149, -32.80803057040860438, -22.20223888918679833 ) ) ;
#1080 = B_SPLINE_CURVE_WITH_KNOTS ( 'NONE', 3,
 ( #1816, #4220, #3248, #4267 ),
 .UNSPECIFIED., .F., .F.,
 ( 4, 4 ),
 ( 0.000000000000000000, 0.009536135058319140587 ),
 .UNSPECIFIED. ) ;
#1081 = CARTESIAN_POINT ( 'NONE',  ( 63.09074198990290228, -63.73303327768080351, -4.039676242406219586 ) ) ;
#1082 = CARTESIAN_POINT ( 'NONE',  ( 88.13065440876680157, -23.74336170542369828, -16.71559600647589861 ) ) ;
#1083 = CARTESIAN_POINT ( 'NONE',  ( 90.29194605189400136, -2.219983240458739626, -2.000000000000000000 ) ) ;
#1084 = CARTESIAN_POINT ( 'NONE',  ( 84.46330759471059935, -32.27788415833560265, -26.75044840322170359 ) ) ;
#1085 = CARTESIAN_POINT ( 'NONE',  ( 84.78076385587964126, -30.54179583163333689, -25.87514417080755891 ) ) ;
#1086 = CARTESIAN_POINT ( 'NONE',  ( 85.15050497603989754, -32.99218439809709480, -22.07723320787389909 ) ) ;
#1087 = EDGE_LOOP ( 'NONE', ( #4243, #3472, #3509, #3595 ) ) ;
#1088 = VECTOR ( 'NONE', #1102, 999.9999999999998863 ) ;
#1089 = CARTESIAN_POINT ( 'NONE',  ( 83.13203842241489383, -35.17602375830270489, -23.39148031187069776 ) ) ;
#1090 = CARTESIAN_POINT ( 'NONE',  ( 83.34931405289999873, -35.00804571099550344, -25.30771492484150187 ) ) ;
#1091 = CARTESIAN_POINT ( 'NONE',  ( 63.57777287799849830, -59.77169134862030120, -9.724022272780660003 ) ) ;
#1092 = DIRECTION ( 'NONE',  ( 0.7071067811865461294, -0.7071067811865490160, 0.000000000000000000 ) ) ;
#1093 = CARTESIAN_POINT ( 'NONE',  ( 81.73076077131230477, -36.71749496723300155, -25.94005862328570089 ) ) ;
#1094 = ORIENTED_EDGE ( 'NONE', *, *, #2528, .T. ) ;
#1095 = EDGE_CURVE ( 'NONE', #3490, #4012, #4290, .T. ) ;
#1096 = ORIENTED_EDGE ( 'NONE', *, *, #3692, .F. ) ;
#1097 = DIRECTION ( 'NONE',  ( 0.000000000000000000, 0.000000000000000000, 1.000000000000000000 ) ) ;
#1098 = CARTESIAN_POINT ( 'NONE',  ( 60.68036842752359661, -63.82699360380370024, 121.3619999999999948 ) ) ;
#1099 = CARTESIAN_POINT ( 'NONE',  ( 80.79288867411369779, -35.07446321268080425, -22.12943575436139909 ) ) ;
#1100 = CARTESIAN_POINT ( 'NONE',  ( 78.17753728986438944, -44.95974900952599995, -17.26223425736259998 ) ) ;
#1101 = CARTESIAN_POINT ( 'NONE',  ( 89.69000000000001194, -1.664359440273510016, 0.000000000000000000 ) ) ;
#1102 = DIRECTION ( 'NONE',  ( -0.3907638184670481629, 0.9176597707825662198, 0.07214002539741701248 ) ) ;
#1103 = CARTESIAN_POINT ( 'NONE',  ( 90.29881758629309729, -0.9383285578314181086, -9.654311057068598600 ) ) ;
#1104 = B_SPLINE_CURVE_WITH_KNOTS ( 'NONE', 3,
 ( #1718, #109, #737, #1406, #4187 ),
 .UNSPECIFIED., .F., .F.,
 ( 4, 1, 4 ),
 ( 0.000000000000000000, 0.4285714285714292138, 1.000000000000000000 ),
 .UNSPECIFIED. ) ;
#1105 = CARTESIAN_POINT ( 'NONE',  ( 82.83778922915979592, -34.46161979142139842, -22.56501531904100233 ) ) ;
#1106 = FACE_OUTER_BOUND ( 'NONE', #3141, .T. ) ;
#1107 = CARTESIAN_POINT ( 'NONE',  ( 90.25477897182049958, -2.569851624963069625, -4.982991812740660720 ) ) ;
#1108 = EDGE_LOOP ( 'NONE', ( #3309, #3557, #3294, #2387 ) ) ;
#1109 = CARTESIAN_POINT ( 'NONE',  ( 83.04762636666180242, -34.40427869112379966, -22.57280778961569823 ) ) ;
#1110 = CARTESIAN_POINT ( 'NONE',  ( 81.46256042720419543, -37.48376150225709580, -25.24419811672559888 ) ) ;
#1111 = CARTESIAN_POINT ( 'NONE',  ( 86.04357371456710268, -32.90218937074550354, -22.77109781543350309 ) ) ;
#1112 = DIRECTION ( 'NONE',  ( 0.000000000000000000, -1.000000000000000000, 0.000000000000000000 ) ) ;
#1113 = CARTESIAN_POINT ( 'NONE',  ( 91.07115068537119384, 2.223095828087900294, -3.000000000000000000 ) ) ;
#1114 = EDGE_CURVE ( 'NONE', #3836, #1704, #3863, .T. ) ;
#1115 = ORIENTED_EDGE ( 'NONE', *, *, #1533, .T. ) ;
#1116 = EDGE_LOOP ( 'NONE', ( #922, #508, #2086, #2872, #2626 ) ) ;
#1117 = CARTESIAN_POINT ( 'NONE',  ( 90.48999999999999488, -2.225000000000000089, 0.000000000000000000 ) ) ;
#1118 = CARTESIAN_POINT ( 'NONE',  ( 92.13772750448649163, 1.409692484083840069, -3.000000000000000000 ) ) ;
#1119 = CARTESIAN_POINT ( 'NONE',  ( 92.03683729428189508, -3.766359810601710212, -8.010157644668929322 ) ) ;
#1120 = CARTESIAN_POINT ( 'NONE',  ( 81.13586319291698601, -35.05654681560150010, -22.20614281766699705 ) ) ;
#1121 = B_SPLINE_SURFACE_WITH_KNOTS ( 'NONE', 3, 3, ( 
 ( #2219, #2527, #2172, #822 ),
 ( #110, #2196, #3545, #1780 ),
 ( #3571, #3150, #1467, #3217 ),
 ( #2835, #3522, #4188, #1444 ) ),
 .UNSPECIFIED., .F., .F., .F.,
 ( 4, 4 ),
 ( 4, 4 ),
 ( -0.2849999999999999756, 0.000000000000000000 ),
 ( 0.000000000000000000, 0.2999999999999999889 ),
 .UNSPECIFIED. ) ;
#1122 = DIRECTION ( 'NONE',  ( -0.7071067811865531239, 0.7071067811865420216, 0.000000000000000000 ) ) ;
#1123 = CARTESIAN_POINT ( 'NONE',  ( 85.15118467933140778, -30.63882149529899834, -25.94517313902049693 ) ) ;
#1124 = CARTESIAN_POINT ( 'NONE',  ( 80.39749244685100393, -36.33032752047839864, -26.40731218558689974 ) ) ;
#1125 = CARTESIAN_POINT ( 'NONE',  ( 81.62065521820551339, -35.11616208806309913, -26.93959161233249944 ) ) ;
#1126 = CARTESIAN_POINT ( 'NONE',  ( 84.29609615573849624, -30.64008967513904835, -25.40111889178306726 ) ) ;
#1127 = CARTESIAN_POINT ( 'NONE',  ( 82.85412209188100974, -32.72066837263459860, -23.24640522101159945 ) ) ;
#1128 = CARTESIAN_POINT ( 'NONE',  ( 85.24393902151390989, -34.20013153088640223, -23.33040677088769854 ) ) ;
#1129 = ORIENTED_EDGE ( 'NONE', *, *, #4326, .F. ) ;
#1130 = VECTOR ( 'NONE', #957, 1000.000000000000000 ) ;
#1131 = B_SPLINE_CURVE_WITH_KNOTS ( 'NONE', 3,
 ( #1719, #738, #2756, #4064, #1003, #3089 ),
 .UNSPECIFIED., .F., .F.,
 ( 4, 2, 4 ),
 ( 0.000000000000000000, 0.5000000000000000000, 1.000000000000000000 ),
 .UNSPECIFIED. ) ;
#1132 = B_SPLINE_CURVE_WITH_KNOTS ( 'NONE', 3,
 ( #2236, #3514, #2920, #3254, #1843, #1486 ),
 .UNSPECIFIED., .F., .F.,
 ( 4, 2, 4 ),
 ( 0.000000000000000000, 0.5000000000000002220, 1.000000000000000000 ),
 .UNSPECIFIED. ) ;
#1133 = CARTESIAN_POINT ( 'NONE',  ( 86.51169042152568522, -31.67228891493559928, -25.29710123258050203 ) ) ;
#1134 = CARTESIAN_POINT ( 'NONE',  ( 85.65847880262570868, -30.86844703854600169, -25.96603997821869925 ) ) ;
#1135 = CARTESIAN_POINT ( 'NONE',  ( 86.03351518064629033, -32.92279408372370142, -22.78113516328539845 ) ) ;
#1136 = CARTESIAN_POINT ( 'NONE',  ( 91.92774836216149481, 2.074519433727619599, -1.000000000000000000 ) ) ;
#1137 = ORIENTED_EDGE ( 'NONE', *, *, #2560, .T. ) ;
#1138 = CARTESIAN_POINT ( 'NONE',  ( 81.14930687511949259, -37.68959847564060084, -25.81621066027189926 ) ) ;
#1139 = CARTESIAN_POINT ( 'NONE',  ( 91.34779571224240158, 2.219635546034480544, -3.000000000000000000 ) ) ;
#1140 = ORIENTED_EDGE ( 'NONE', *, *, #4048, .T. ) ;
#1141 = B_SPLINE_SURFACE_WITH_KNOTS ( 'NONE', 3, 3, ( 
 ( #1333, #972, #3037, #4388, #1666 ),
 ( #688, #333, #1312, #3015, #2377 ),
 ( #2351, #929, #3300, #4055, #2702 ),
 ( #994, #2659, #3725, #950, #1989 ),
 ( #2996, #2680, #3366, #1967, #2012 ) ),
 .UNSPECIFIED., .F., .F., .F.,
 ( 4, 1, 4 ),
 ( 4, 1, 4 ),
 ( 1.678026862431189977E-15, 0.8975979010256500690, 1.570796326794889897 ),
 ( 0.000000000000000000, 0.1172198319751709961, 0.2735129412753989908 ),
 .UNSPECIFIED. ) ;
#1142 = ADVANCED_FACE ( 'NONE', ( #4283 ), #3430, .T. ) ;
#1143 = ORIENTED_EDGE ( 'NONE', *, *, #1380, .F. ) ;
#1144 = FACE_OUTER_BOUND ( 'NONE', #3185, .T. ) ;
#1145 = DIRECTION ( 'NONE',  ( 0.000000000000000000, 0.000000000000000000, 1.000000000000000000 ) ) ;
#1146 = CARTESIAN_POINT ( 'NONE',  ( 60.51539534900300055, -62.89118020124880104, -3.000000000000000000 ) ) ;
#1147 = CARTESIAN_POINT ( 'NONE',  ( 60.68170078531539957, -62.71171401569450410, -2.000000000000000000 ) ) ;
#1148 = EDGE_CURVE ( 'NONE', #2624, #2199, #248, .T. ) ;
#1149 = CARTESIAN_POINT ( 'NONE',  ( 82.51642058695999538, -33.69687073239369823, -22.53706764423619902 ) ) ;
#1150 = CARTESIAN_POINT ( 'NONE',  ( 84.23725423567809401, -30.81684179829919756, -25.30419116525940026 ) ) ;
#1151 = CARTESIAN_POINT ( 'NONE',  ( 70.53427918167290045, -52.18651237195379622, -13.04465364797600024 ) ) ;
#1152 = CARTESIAN_POINT ( 'NONE',  ( 62.25054180786828795, -64.56198833012713578, 0.000000000000000000 ) ) ;
#1153 = CARTESIAN_POINT ( 'NONE',  ( 82.19116396392630008, -32.93705964572779266, -23.30965760129770104 ) ) ;
#1154 = CARTESIAN_POINT ( 'NONE',  ( 83.91568846205079524, -34.33946022772819617, -22.57031829612730078 ) ) ;
#1155 = EDGE_CURVE ( 'NONE', #2047, #2350, #497, .T. ) ;
#1156 = ORIENTED_EDGE ( 'NONE', *, *, #3846, .F. ) ;
#1157 = CARTESIAN_POINT ( 'NONE',  ( 81.06281051095390922, -36.63621588301449350, -26.43659658630059894 ) ) ;
#1158 = CARTESIAN_POINT ( 'NONE',  ( 85.38931496363228746, -30.80812252202530033, -25.98687270988400044 ) ) ;
#1159 = CARTESIAN_POINT ( 'NONE',  ( 86.09701415919289502, -30.99171849351500185, -25.94546723508889841 ) ) ;
#1160 = CARTESIAN_POINT ( 'NONE',  ( 91.34779571224240158, 2.219635546034480544, -3.000000000000000000 ) ) ;
#1161 = ORIENTED_EDGE ( 'NONE', *, *, #3772, .T. ) ;
#1162 = B_SPLINE_SURFACE_WITH_KNOTS ( 'NONE', 3, 3, ( 
 ( #2392, #3740, #684, #3407 ),
 ( #2412, #2762, #4111, #350 ),
 ( #3762, #371, #1727, #1393 ),
 ( #2269, #2135, #2469, #2934 ),
 ( #1252, #545, #3619, #787 ) ),
 .UNSPECIFIED., .F., .F., .F.,
 ( 4, 1, 4 ),
 ( 4, 4 ),
 ( -1.570796326794899889, -0.8975979010256550650, 0.000000000000000000 ),
 ( 1.249588320032499977, 1.572902615616140087 ),
 .UNSPECIFIED. ) ;
#1163 = CARTESIAN_POINT ( 'NONE',  ( 89.29792931440719883, -13.96937146008549924, -11.57105487950389922 ) ) ;
#1164 = ORIENTED_EDGE ( 'NONE', *, *, #2278, .T. ) ;
#1165 = ORIENTED_EDGE ( 'NONE', *, *, #3364, .F. ) ;
#1166 = CARTESIAN_POINT ( 'NONE',  ( 86.51169042152568522, -31.67228891493559928, -25.29710123258050203 ) ) ;
#1167 = CARTESIAN_POINT ( 'NONE',  ( 90.39677303838500677, -3.709151688249209933, -6.068745009202670460 ) ) ;
#1168 = CARTESIAN_POINT ( 'NONE',  ( 84.97433760493140653, -31.29716915268230437, -26.32088891247049744 ) ) ;
#1169 = CARTESIAN_POINT ( 'NONE',  ( 89.86499515153839468, -2.065900395328690298, -3.000000000000000000 ) ) ;
#1170 = CARTESIAN_POINT ( 'NONE',  ( 83.04276870890251416, -33.83783182837220238, -22.54080750125620014 ) ) ;
#1171 = FACE_OUTER_BOUND ( 'NONE', #2425, .T. ) ;
#1172 = CARTESIAN_POINT ( 'NONE',  ( 84.40119971235120033, -32.65386621770045394, -22.04894402428489997 ) ) ;
#1173 = CARTESIAN_POINT ( 'NONE',  ( 91.52943951023935654, -2.224999999999996536, 0.000000000000000000 ) ) ;
#1174 = CARTESIAN_POINT ( 'NONE',  ( 82.91349846795289125, -32.96438992664550227, -22.61018689549300120 ) ) ;
#1175 = LINE ( 'NONE', #1496, #2793 ) ;
#1176 = ORIENTED_EDGE ( 'NONE', *, *, #888, .T. ) ;
#1177 = CARTESIAN_POINT ( 'NONE',  ( 81.46256042720419543, -37.48376150225709580, -25.24419811672559888 ) ) ;
#1178 = CARTESIAN_POINT ( 'NONE',  ( 65.31675695564825901, -61.47360516552446796, -9.852673199048560093 ) ) ;
#1179 = VECTOR ( 'NONE', #4248, 1000.000000000000000 ) ;
#1180 = EDGE_CURVE ( 'NONE', #2678, #2540, #3650, .T. ) ;
#1181 = CARTESIAN_POINT ( 'NONE',  ( 62.95529404642640259, -60.37094014348819826, -5.444643788738340540 ) ) ;
#1182 = CARTESIAN_POINT ( 'NONE',  ( 81.99457052024217774, -35.90301546401143185, -22.24360060401545880 ) ) ;
#1183 = FACE_OUTER_BOUND ( 'NONE', #2798, .T. ) ;
#1184 = ORIENTED_EDGE ( 'NONE', *, *, #3558, .T. ) ;
#1185 = CARTESIAN_POINT ( 'NONE',  ( 90.17537740517130374, -4.482062116527609774, -6.474059209779199797 ) ) ;
#1186 = ORIENTED_EDGE ( 'NONE', *, *, #2343, .T. ) ;
#1187 = ORIENTED_EDGE ( 'NONE', *, *, #338, .F. ) ;
#1188 = CARTESIAN_POINT ( 'NONE',  ( 89.68295445209379579, -2.005854661017189677, -8.251601249442849451 ) ) ;
#1189 = CARTESIAN_POINT ( 'NONE',  ( 90.90745347127941045, -4.514670002617820366, -6.465413281359480457 ) ) ;
#1190 = CARTESIAN_POINT ( 'NONE',  ( 89.69000000000001194, 0.4749999999999999778, 0.000000000000000000 ) ) ;
#1191 = B_SPLINE_CURVE_WITH_KNOTS ( 'NONE', 3,
 ( #113, #2838, #740, #407, #1763 ),
 .UNSPECIFIED., .F., .F.,
 ( 4, 1, 4 ),
 ( 0.000000000000000000, 0.4285714285714292138, 1.000000000000000000 ),
 .UNSPECIFIED. ) ;
#1192 = CARTESIAN_POINT ( 'NONE',  ( 82.39698281929119617, -35.60324902929279745, -23.15749130713729897 ) ) ;
#1193 = ADVANCED_FACE ( 'NONE', ( #1717 ), #583, .T. ) ;
#1194 = CARTESIAN_POINT ( 'NONE',  ( 79.56937224884480031, -35.62735817748149714, -25.62038007188720101 ) ) ;
#1195 = LINE ( 'NONE', #1150, #4201 ) ;
#1196 = CARTESIAN_POINT ( 'NONE',  ( 79.43630124794121627, -36.06581984240210659, -24.41286473732799678 ) ) ;
#1197 = CARTESIAN_POINT ( 'NONE',  ( 91.31999999999999318, -2.225000000000000089, 0.000000000000000000 ) ) ;
#1198 = CARTESIAN_POINT ( 'NONE',  ( 89.54749734478210144, -23.71220725707490118, -17.41093342669430299 ) ) ;
#1199 = CARTESIAN_POINT ( 'NONE',  ( 90.21735908963479744, -3.703121331155180496, -6.070777812059939826 ) ) ;
#1200 = B_SPLINE_SURFACE_WITH_KNOTS ( 'NONE', 3, 3, ( 
 ( #1267, #3991, #2660, #1624 ),
 ( #606, #4014, #269, #1771 ),
 ( #3143, #1039, #21, #2437 ),
 ( #57, #3808, #1753, #2075 ) ),
 .UNSPECIFIED., .F., .F., .F.,
 ( 4, 4 ),
 ( 4, 4 ),
 ( -0.2849999999999999756, 0.000000000000000000 ),
 ( 1.249588320032499977, 1.572902615616140087 ),
 .UNSPECIFIED. ) ;
#1201 = EDGE_LOOP ( 'NONE', ( #2230, #2162, #3819, #900 ) ) ;
#1202 = CARTESIAN_POINT ( 'NONE',  ( 91.36754309335590563, -0.9752825085603139543, -9.642749648368409865 ) ) ;
#1203 = LINE ( 'NONE', #477, #2367 ) ;
#1204 = B_SPLINE_SURFACE_WITH_KNOTS ( 'NONE', 3, 3, ( 
 ( #2074, #709, #2787, #3434 ),
 ( #1398, #376, #3161, #4098 ),
 ( #1038, #36, #730, #1458 ),
 ( #4178, #2826, #2495, #1732 ),
 ( #2767, #3848, #2054, #1055 ) ),
 .UNSPECIFIED., .F., .F., .F.,
 ( 4, 1, 4 ),
 ( 4, 4 ),
 ( -1.570796326794899889, -0.8975979010256550650, 0.000000000000000000 ),
 ( 1.249588320032499977, 1.572902615616140087 ),
 .UNSPECIFIED. ) ;
#1205 = CARTESIAN_POINT ( 'NONE',  ( 86.51169042152568522, -31.67228891493559928, -25.29710123258050203 ) ) ;
#1206 = STYLED_ITEM ( 'NONE', ( #1255 ), #2050 ) ;
#1207 = CARTESIAN_POINT ( 'NONE',  ( 82.11978192645560171, -36.07163617910860154, -22.86697838660119686 ) ) ;
#1208 = EDGE_LOOP ( 'NONE', ( #1071, #1636, #1129, #4407 ) ) ;
#1209 = ADVANCED_FACE ( 'NONE', ( #632 ), #2081, .T. ) ;
#1210 = CARTESIAN_POINT ( 'NONE',  ( 79.53586311708090761, -35.68426032032790118, -25.78731288443450254 ) ) ;
#1211 = VERTEX_POINT ( 'NONE', #3001 ) ;
#1212 = AXIS2_PLACEMENT_3D ( 'NONE', #1283, #3009, #2968 ) ;
#1213 = B_SPLINE_CURVE_WITH_KNOTS ( 'NONE', 3,
 ( #3910, #2840, #187, #873, #2556 ),
 .UNSPECIFIED., .F., .F.,
 ( 4, 1, 4 ),
 ( 0.000000000000000000, 0.1172198319751709961, 0.2735129412753989908 ),
 .UNSPECIFIED. ) ;
#1214 = VERTEX_POINT ( 'NONE', #4353 ) ;
#1215 = CARTESIAN_POINT ( 'NONE',  ( 90.49166105173999597, -2.465386499994330016, -10.43230520924289983 ) ) ;
#1216 = CARTESIAN_POINT ( 'NONE',  ( 90.73884931462879422, -2.223095828087890524, -3.000000000000000000 ) ) ;
#1217 = STYLED_ITEM ( 'NONE', ( #3771 ), #541 ) ;
#1218 = CARTESIAN_POINT ( 'NONE',  ( 89.70191367953330541, 1.435093815793709870, -2.000000000000000000 ) ) ;
#1219 = CARTESIAN_POINT ( 'NONE',  ( 81.88910145735449930, -36.31048968849909642, -25.87935661424360134 ) ) ;
#1220 = CARTESIAN_POINT ( 'NONE',  ( 83.59800002545370035, -33.88528848282820150, -26.99736584715479992 ) ) ;
#1221 = DIRECTION ( 'NONE',  ( -0.7071067811865474617, -0.7071067811865474617, 0.000000000000000000 ) ) ;
#1222 = CARTESIAN_POINT ( 'NONE',  ( 90.51786063162879259, 2.230016392194730468, -3.000000000000000000 ) ) ;
#1223 = CARTESIAN_POINT ( 'NONE',  ( 83.96855149930199502, -31.56008710878160173, -24.68319986157619894 ) ) ;
#1224 = CARTESIAN_POINT ( 'NONE',  ( 89.85316216929989253, 2.032945510463819883, -2.000000000000000000 ) ) ;
#1225 = CARTESIAN_POINT ( 'NONE',  ( 91.91471821564178413, -2.595521301992440133, -10.28527172920609800 ) ) ;
#1226 = CARTESIAN_POINT ( 'NONE',  ( 90.46220428775760070, -2.219635546034469886, -3.000000000000000000 ) ) ;
#1227 = CARTESIAN_POINT ( 'NONE',  ( 79.72334813225188554, -35.44434472898369393, -23.68762508585259852 ) ) ;
#1228 = CARTESIAN_POINT ( 'NONE',  ( 62.66369654443420956, -60.67808699726469968, -3.730638469127680157 ) ) ;
#1229 = ORIENTED_EDGE ( 'NONE', *, *, #2690, .F. ) ;
#1230 = CARTESIAN_POINT ( 'NONE',  ( 91.05260963249850192, 2.224423271287859993, -1.000000000000000000 ) ) ;
#1231 = FACE_OUTER_BOUND ( 'NONE', #2967, .T. ) ;
#1232 = VERTEX_POINT ( 'NONE', #318 ) ;
#1233 = VERTEX_POINT ( 'NONE', #1 ) ;
#1234 = B_SPLINE_CURVE_WITH_KNOTS ( 'NONE', 3,
 ( #3061, #1358, #4370, #2728 ),
 .UNSPECIFIED., .F., .F.,
 ( 4, 4 ),
 ( -1.957991609067750050, -1.639188764888495076 ),
 .UNSPECIFIED. ) ;
#1235 = CARTESIAN_POINT ( 'NONE',  ( 61.10039908303370026, -64.24324818469339959, -4.331407026557899442 ) ) ;
#1236 = ORIENTED_EDGE ( 'NONE', *, *, #3755, .T. ) ;
#1237 = VERTEX_POINT ( 'NONE', #1295 ) ;
#1238 = CARTESIAN_POINT ( 'NONE',  ( 91.29213936837120968, -2.230016392194720254, -3.000000000000000000 ) ) ;
#1239 = CARTESIAN_POINT ( 'NONE',  ( 86.45412911280949686, -31.24074051703319910, -25.83718202107040085 ) ) ;
#1240 = CARTESIAN_POINT ( 'NONE',  ( 81.54807474965360825, -35.41885617099460148, -22.13992765335009949 ) ) ;
#1241 = B_SPLINE_SURFACE_WITH_KNOTS ( 'NONE', 3, 3, ( 
 ( #923, #4318, #2673, #2695 ),
 ( #988, #1261, #3673, #2368 ),
 ( #3628, #2026, #600, #3718 ),
 ( #661, #2652, #3381, #327 ),
 ( #3693, #640, #2344, #3317 ) ),
 .UNSPECIFIED., .F., .F., .F.,
 ( 4, 1, 4 ),
 ( 4, 4 ),
 ( -1.838222795761270110E-15, 0.8975979010256520674, 1.570796326794889897 ),
 ( 0.000000000000000000, 0.08146959963896649448 ),
 .UNSPECIFIED. ) ;
#1242 = ADVANCED_FACE ( 'NONE', ( #1363 ), #4019, .T. ) ;
#1243 = CARTESIAN_POINT ( 'NONE',  ( 82.30742072356999017, -35.73826377711169755, -23.06730535734680032 ) ) ;
#1244 = B_SPLINE_CURVE_WITH_KNOTS ( 'NONE', 3,
 ( #2683, #1293, #4016, #4036, #975 ),
 .UNSPECIFIED., .F., .F.,
 ( 4, 1, 4 ),
 ( 0.000000000000000000, 0.4285714285714285476, 1.000000000000000000 ),
 .UNSPECIFIED. ) ;
#1245 = B_SPLINE_CURVE_WITH_KNOTS ( 'NONE', 3,
 ( #325, #4127, #3758, #408, #1411, #1048 ),
 .UNSPECIFIED., .F., .F.,
 ( 4, 2, 4 ),
 ( 0.000000000000000000, 0.5000000000000000000, 1.000000000000000000 ),
 .UNSPECIFIED. ) ;
#1246 = CARTESIAN_POINT ( 'NONE',  ( 83.46762976596119188, -34.28903797789940455, -22.56763787123239595 ) ) ;
#1247 = CARTESIAN_POINT ( 'NONE',  ( 75.82232444834970408, -45.77492448716050433, -20.67313594130380139 ) ) ;
#1248 = CARTESIAN_POINT ( 'NONE',  ( 83.27366605612600381, -33.12363087307859644, -26.93748962607489972 ) ) ;
#1249 = CARTESIAN_POINT ( 'NONE',  ( 84.09679472634330466, -31.17887471796710130, -24.43017349960480189 ) ) ;
#1250 = CARTESIAN_POINT ( 'NONE',  ( 91.84305190162891108, -4.464650854713050343, -6.633253601161340107 ) ) ;
#1251 = CARTESIAN_POINT ( 'NONE',  ( 77.43112729844300191, -46.26347450926589744, -19.96546841326559729 ) ) ;
#1252 = CARTESIAN_POINT ( 'NONE',  ( 65.28283900453479305, -59.03176035532079879, -6.482456041883410514 ) ) ;
#1253 = CARTESIAN_POINT ( 'NONE',  ( 80.00475786601509753, -34.89506009509960194, -22.90966130417019642 ) ) ;
#1254 = DIRECTION ( 'NONE',  ( 1.000000000000000000, 0.000000000000000000, 0.000000000000000000 ) ) ;
#1255 = PRESENTATION_STYLE_ASSIGNMENT (( #4262 ) ) ;
#1256 = ORIENTED_EDGE ( 'NONE', *, *, #237, .F. ) ;
#1257 = CARTESIAN_POINT ( 'NONE',  ( 81.06281051095390922, -36.63621588301449350, -26.43659658630059894 ) ) ;
#1258 = ORIENTED_EDGE ( 'NONE', *, *, #2471, .F. ) ;
#1259 = ORIENTED_EDGE ( 'NONE', *, *, #2989, .T. ) ;
#1260 = ADVANCED_FACE ( 'NONE', ( #2731 ), #3639, .T. ) ;
#1261 = CARTESIAN_POINT ( 'NONE',  ( 79.95554597353299187, -34.96739124848330249, -22.62169958779829670 ) ) ;
#1262 = CARTESIAN_POINT ( 'NONE',  ( 79.56937224884480031, -35.62735817748149714, -25.62038007188720101 ) ) ;
#1263 = FACE_OUTER_BOUND ( 'NONE', #1476, .T. ) ;
#1264 = CARTESIAN_POINT ( 'NONE',  ( 82.25031397024059743, -35.67491242802569928, -26.12548320578280325 ) ) ;
#1265 = EDGE_CURVE ( 'NONE', #748, #1436, #3431, .T. ) ;
#1266 = CARTESIAN_POINT ( 'NONE',  ( 60.69707674422379284, -63.85102899550809497, -3.000000000000000000 ) ) ;
#1267 = CARTESIAN_POINT ( 'NONE',  ( 66.24180957867299924, -60.41160246035899917, -7.170432206514609774 ) ) ;
#1268 = FACE_OUTER_BOUND ( 'NONE', #2297, .T. ) ;
#1269 = FACE_OUTER_BOUND ( 'NONE', #1116, .T. ) ;
#1270 = CARTESIAN_POINT ( 'NONE',  ( 89.70341205499479997, 1.614605985752900041, -2.000000000000000000 ) ) ;
#1271 = B_SPLINE_CURVE_WITH_KNOTS ( 'NONE', 3,
 ( #2281, #945, #216, #2969, #1963 ),
 .UNSPECIFIED., .F., .F.,
 ( 4, 1, 4 ),
 ( 0.000000000000000000, 0.5714285714285727291, 1.000000000000000000 ),
 .UNSPECIFIED. ) ;
#1272 = CARTESIAN_POINT ( 'NONE',  ( 92.14344526041769257, 1.404692503534950010, -4.213515456226150313 ) ) ;
#1273 = CARTESIAN_POINT ( 'NONE',  ( 90.51786063162879259, 2.230016392194730468, -3.000000000000000000 ) ) ;
#1274 = CARTESIAN_POINT ( 'NONE',  ( 86.54342346593189461, -31.57082795509255035, -25.24521948342029987 ) ) ;
#1275 = DIRECTION ( 'NONE',  ( 0.000000000000000000, 0.000000000000000000, 1.000000000000000000 ) ) ;
#1276 = FILL_AREA_STYLE ('',( #1907 ) ) ;
#1277 = EDGE_LOOP ( 'NONE', ( #3645, #1507, #993, #1156, #146 ) ) ;
#1278 = B_SPLINE_SURFACE_WITH_KNOTS ( 'NONE', 3, 3, ( 
 ( #2155, #1499, #4169, #2487 ),
 ( #137, #2839, #1134, #3223 ),
 ( #2865, #1158, #3887, #2202 ),
 ( #498, #163, #1520, #848 ) ),
 .UNSPECIFIED., .F., .F., .F.,
 ( 4, 4 ),
 ( 4, 4 ),
 ( 0.000000000000000000, 0.08300000000000230804 ),
 ( 0.000000000000000000, 0.009536135058319140587 ),
 .UNSPECIFIED. ) ;
#1279 = CARTESIAN_POINT ( 'NONE',  ( 61.29934873894819702, -64.43551051309290756, -4.330815209842979741 ) ) ;
#1280 = EDGE_LOOP ( 'NONE', ( #2946, #789, #1728, #170 ) ) ;
#1281 = AXIS2_PLACEMENT_3D ( 'NONE', #3427, #4093, #2451 ) ;
#1282 = ORIENTED_EDGE ( 'NONE', *, *, #1067, .T. ) ;
#1283 = CARTESIAN_POINT ( 'NONE',  ( 92.11999999999999034, -1.425000000000000044, 0.000000000000000000 ) ) ;
#1284 = CARTESIAN_POINT ( 'NONE',  ( 90.76666666666670835, -2.225000000000000089, 0.000000000000000000 ) ) ;
#1285 = CARTESIAN_POINT ( 'NONE',  ( 65.18137190199080067, -59.97396648520399509, -6.075272255269890564 ) ) ;
#1286 = CARTESIAN_POINT ( 'NONE',  ( 84.90614989656739908, -30.62690877275769807, -25.98773273776819792 ) ) ;
#1287 = CARTESIAN_POINT ( 'NONE',  ( 85.16983588632568569, -32.96003850477229946, -22.05885788059970309 ) ) ;
#1288 = ORIENTED_EDGE ( 'NONE', *, *, #2079, .T. ) ;
#1289 = VECTOR ( 'NONE', #301, 1000.000000000000000 ) ;
#1290 = CARTESIAN_POINT ( 'NONE',  ( 82.18097273688489679, -32.97398552219639356, -26.76158535806920113 ) ) ;
#1291 = CARTESIAN_POINT ( 'NONE',  ( 85.17944886233709667, -32.94406406569230228, -22.04947597843530005 ) ) ;
#1292 = LINE ( 'NONE', #690, #3184 ) ;
#1293 = CARTESIAN_POINT ( 'NONE',  ( 83.04297881217421207, -32.67216901308810151, -23.21337735644710065 ) ) ;
#1294 = CARTESIAN_POINT ( 'NONE',  ( 64.40837467978769837, -61.25921935516900163, -1.000000000000000000 ) ) ;
#1295 = CARTESIAN_POINT ( 'NONE',  ( 83.46762976596119188, -34.28903797789940455, -22.56763787123239595 ) ) ;
#1296 = CARTESIAN_POINT ( 'NONE',  ( 64.05831954342700385, -62.60990666835549945, -9.449288193814290082 ) ) ;
#1297 = CARTESIAN_POINT ( 'NONE',  ( 64.52084954385379945, -61.36028881723139961, -3.594351182240270060 ) ) ;
#1298 = CARTESIAN_POINT ( 'NONE',  ( 79.81744592175590469, -37.16680441796100354, -25.94422416672529863 ) ) ;
#1299 = EDGE_CURVE ( 'NONE', #4174, #67, #3471, .T. ) ;
#1300 = ORIENTED_EDGE ( 'NONE', *, *, #1046, .F. ) ;
#1301 = B_SPLINE_CURVE_WITH_KNOTS ( 'NONE', 3,
 ( #4381, #1327, #1962, #282 ),
 .UNSPECIFIED., .F., .F.,
 ( 4, 4 ),
 ( 0.000000000000000000, 1.000000000000000000 ),
 .UNSPECIFIED. ) ;
#1302 = CARTESIAN_POINT ( 'NONE',  ( 84.41680069121659358, -34.43837755630460151, -26.24306755272290204 ) ) ;
#1303 = ORIENTED_EDGE ( 'NONE', *, *, #1781, .F. ) ;
#1304 = CARTESIAN_POINT ( 'NONE',  ( 79.30045282728180212, -36.85603375395270120, -25.81618747771939937 ) ) ;
#1305 = CARTESIAN_POINT ( 'NONE',  ( 89.70791756967818742, 1.440084599950600230, -3.000000000000000000 ) ) ;
#1306 = CARTESIAN_POINT ( 'NONE',  ( 92.00759984603580222, -4.198591289063919874, -7.164686698600159609 ) ) ;
#1307 = CARTESIAN_POINT ( 'NONE',  ( 80.67930672043159745, -37.20350079203600302, -26.12789560946890077 ) ) ;
#1308 = B_SPLINE_CURVE_WITH_KNOTS ( 'NONE', 3,
 ( #465, #907, #1490, #2878, #1943 ),
 .UNSPECIFIED., .F., .F.,
 ( 4, 1, 4 ),
 ( 0.000000000000000000, 0.1421585948629860152, 0.2487775410102249785 ),
 .UNSPECIFIED. ) ;
#1309 = CARTESIAN_POINT ( 'NONE',  ( 82.93761765133129416, -32.46208723534180507, -26.08342201457989873 ) ) ;
#1310 = B_SPLINE_CURVE_WITH_KNOTS ( 'NONE', 3,
 ( #4000, #2959, #3330, #939 ),
 .UNSPECIFIED., .F., .F.,
 ( 4, 4 ),
 ( -1.957991609067750050, -1.639188761265319982 ),
 .UNSPECIFIED. ) ;
#1311 = ORIENTED_EDGE ( 'NONE', *, *, #1955, .F. ) ;
#1312 = CARTESIAN_POINT ( 'NONE',  ( 84.28240473821530543, -32.11096578288140080, -26.72903991346539954 ) ) ;
#1313 = FACE_OUTER_BOUND ( 'NONE', #3868, .T. ) ;
#1314 = CARTESIAN_POINT ( 'NONE',  ( 82.75154981508840990, -34.33533123952029342, -27.01238689842570295 ) ) ;
#1315 = CARTESIAN_POINT ( 'NONE',  ( 83.94641177456900039, -31.58200251535829395, -23.58042596889550069 ) ) ;
#1316 = CARTESIAN_POINT ( 'NONE',  ( 65.89553575882149516, -59.59157786464049877, -6.472109856806310013 ) ) ;
#1317 = ADVANCED_FACE ( 'NONE', ( #754 ), #2971, .T. ) ;
#1318 = CARTESIAN_POINT ( 'NONE',  ( 89.70791756967818742, 1.440084599950600230, -3.000000000000000000 ) ) ;
#1319 = CARTESIAN_POINT ( 'NONE',  ( 63.82699360380370024, -60.68036842752359661, 0.000000000000000000 ) ) ;
#1320 = CARTESIAN_POINT ( 'NONE',  ( 82.91349855678990366, -32.96439009534340414, -22.61018715966510229 ) ) ;
#1321 = CARTESIAN_POINT ( 'NONE',  ( 63.81894590306428938, -60.67485087512270070, -1.000000000000000000 ) ) ;
#1322 = ORIENTED_EDGE ( 'NONE', *, *, #4182, .F. ) ;
#1323 = CARTESIAN_POINT ( 'NONE',  ( 91.32078122530370479, -2.502316892102860013, -10.42251317532199906 ) ) ;
#1324 = B_SPLINE_SURFACE_WITH_KNOTS ( 'NONE', 3, 3, ( 
 ( #2440, #2420, #1383, #4102 ),
 ( #714, #1757, #3729, #651 ),
 ( #2016, #3791, #976, #2037 ),
 ( #1360, #2730, #2080, #380 ) ),
 .UNSPECIFIED., .F., .F., .F.,
 ( 4, 4 ),
 ( 4, 4 ),
 ( -0.2849999999999999756, 0.000000000000000000 ),
 ( -1.957991609067750050, -1.639188761265319982 ),
 .UNSPECIFIED. ) ;
#1325 = CARTESIAN_POINT ( 'NONE',  ( 63.92404669785010896, -60.59171594433880870, -10.42234462248899973 ) ) ;
#1326 = ORIENTED_EDGE ( 'NONE', *, *, #3404, .F. ) ;
#1327 = CARTESIAN_POINT ( 'NONE',  ( 80.56289161000748322, -35.14609687315700626, -22.05991982500485804 ) ) ;
#1328 = CARTESIAN_POINT ( 'NONE',  ( 84.27025527375590741, -34.78170272673299479, -23.41563039636240262 ) ) ;
#1329 = CARTESIAN_POINT ( 'NONE',  ( 64.97905830998060139, -59.78525635795960369, -6.078482979121160312 ) ) ;
#1330 = CARTESIAN_POINT ( 'NONE',  ( 84.27702268570659783, -30.70524818963649949, -25.44240482069799825 ) ) ;
#1331 = CARTESIAN_POINT ( 'NONE',  ( 85.12026444028460048, -30.74745148392580063, -26.00809312067080015 ) ) ;
#1332 = ORIENTED_EDGE ( 'NONE', *, *, #1299, .T. ) ;
#1333 = CARTESIAN_POINT ( 'NONE',  ( 83.27366605612600381, -33.12363087307859644, -26.93748962607489972 ) ) ;
#1334 = CARTESIAN_POINT ( 'NONE',  ( 82.72587094318480183, -33.64008302774109893, -22.53416479124600258 ) ) ;
#1335 = CARTESIAN_POINT ( 'NONE',  ( 81.45941689683330367, -35.54441630754980253, -22.05023031256990151 ) ) ;
#1336 = CARTESIAN_POINT ( 'NONE',  ( 64.73403551338580542, -61.79430648523969438, 0.000000000000000000 ) ) ;
#1337 = CARTESIAN_POINT ( 'NONE',  ( 80.67930672043159745, -37.20350079203600302, -26.12789560946890077 ) ) ;
#1338 = CARTESIAN_POINT ( 'NONE',  ( 86.05359602900510652, -32.88164015852849786, -22.76088569772939962 ) ) ;
#1339 = CARTESIAN_POINT ( 'NONE',  ( 92.11999999999999034, -1.425000000000000044, 0.000000000000000000 ) ) ;
#1340 = CARTESIAN_POINT ( 'NONE',  ( 64.44801064744828523, -58.77261866801330115, -7.200722844752399432 ) ) ;
#1341 = CARTESIAN_POINT ( 'NONE',  ( 83.07216773747440186, -35.08834943695130448, -26.47901500247209938 ) ) ;
#1342 = ADVANCED_FACE ( 'NONE', ( #3193 ), #3148, .T. ) ;
#1343 = ORIENTED_EDGE ( 'NONE', *, *, #322, .F. ) ;
#1344 = CARTESIAN_POINT ( 'NONE',  ( 84.26737612524892995, -30.73806667492726064, -25.46266607063982690 ) ) ;
#1345 = CARTESIAN_POINT ( 'NONE',  ( 86.54281979421419635, -31.57026826390600149, -25.24578710176280083 ) ) ;
#1346 = VERTEX_POINT ( 'NONE', #63 ) ;
#1347 = ADVANCED_FACE ( 'NONE', ( #1043 ), #927, .T. ) ;
#1348 = EDGE_CURVE ( 'NONE', #2279, #1214, #3283, .T. ) ;
#1349 = CARTESIAN_POINT ( 'NONE',  ( 69.93749617966498988, -53.02285465238320228, -14.92417907545899958 ) ) ;
#1350 = CARTESIAN_POINT ( 'NONE',  ( 82.13593197963339776, -32.85617821361140045, -26.15797423079130013 ) ) ;
#1351 = CARTESIAN_POINT ( 'NONE',  ( 92.00207490452488912, -4.280269198079689197, -7.004919762480259493 ) ) ;
#1352 = CARTESIAN_POINT ( 'NONE',  ( 90.49927629916521710, 2.226730186136429701, -1.000000000000000000 ) ) ;
#1353 = EDGE_CURVE ( 'NONE', #943, #484, #3837, .T. ) ;
#1354 = CARTESIAN_POINT ( 'NONE',  ( 64.71366887816020608, -62.04802510050549813, -5.417155911552889336 ) ) ;
#1355 = ORIENTED_EDGE ( 'NONE', *, *, #2877, .F. ) ;
#1356 = FACE_OUTER_BOUND ( 'NONE', #280, .T. ) ;
#1357 = DIRECTION ( 'NONE',  ( 0.000000000000000000, 0.000000000000000000, 1.000000000000000000 ) ) ;
#1358 = CARTESIAN_POINT ( 'NONE',  ( 90.70752914046690307, -14.25149896048259990, -11.42878771054770226 ) ) ;
#1359 = CARTESIAN_POINT ( 'NONE',  ( 85.52475894991499672, -33.30601887001499506, -26.73532741261820433 ) ) ;
#1360 = CARTESIAN_POINT ( 'NONE',  ( 89.66788806817139346, -2.793775344251050008, -9.729767780695249613 ) ) ;
#1361 = B_SPLINE_SURFACE_WITH_KNOTS ( 'NONE', 3, 3, ( 
 ( #2511, #188, #2535, #166 ),
 ( #1546, #2913, #3529, #479 ),
 ( #3201, #874, #1501, #2868 ),
 ( #4218, #830, #2204, #3553 ),
 ( #4263, #1207, #4291, #548 ) ),
 .UNSPECIFIED., .F., .F., .F.,
 ( 4, 1, 4 ),
 ( 4, 4 ),
 ( -1.230824071963589974E-15, 0.6731984257692560369, 1.570796326794929865 ),
 ( 0.000000000000000000, 0.08146959963896649448 ),
 .UNSPECIFIED. ) ;
#1362 = B_SPLINE_SURFACE_WITH_KNOTS ( 'NONE', 3, 3, ( 
 ( #1149, #3281, #1580, #4231 ),
 ( #2192, #197, #1170, #3900 ),
 ( #177, #1895, #4252, #1555 ),
 ( #863, #2591, #3949, #1246 ) ),
 .UNSPECIFIED., .F., .F., .F.,
 ( 4, 4 ),
 ( 4, 4 ),
 ( 0.000000000000000000, 0.08300000000000150313 ),
 ( 1.561435541111820147, 1.655724346088029986 ),
 .UNSPECIFIED. ) ;
#1363 = FACE_OUTER_BOUND ( 'NONE', #846, .T. ) ;
#1364 = CARTESIAN_POINT ( 'NONE',  ( 90.48999999999999488, 2.225000000000000089, 0.000000000000000000 ) ) ;
#1365 = CARTESIAN_POINT ( 'NONE',  ( 85.17944886233709667, -32.94406406569230228, -22.04947597843530005 ) ) ;
#1366 = CARTESIAN_POINT ( 'NONE',  ( 83.89418616893431135, -34.67028334280389856, -26.49699131199930235 ) ) ;
#1367 = ORIENTED_EDGE ( 'NONE', *, *, #281, .T. ) ;
#1368 = CARTESIAN_POINT ( 'NONE',  ( 88.41714398956248999, -21.59895196484529833, -20.61964178606359965 ) ) ;
#1369 = CARTESIAN_POINT ( 'NONE',  ( 83.11362776098398797, -35.14906328093049837, -24.34091918836849899 ) ) ;
#1370 = ORIENTED_EDGE ( 'NONE', *, *, #4018, .T. ) ;
#1371 = EDGE_LOOP ( 'NONE', ( #2251, #808, #2701, #725 ) ) ;
#1372 = CARTESIAN_POINT ( 'NONE',  ( 62.88798225079899851, -61.69264360889639676, -9.626526249502500576 ) ) ;
#1373 = CARTESIAN_POINT ( 'NONE',  ( 90.46220428775760070, -2.219635546034469886, -3.000000000000000000 ) ) ;
#1374 = ADVANCED_FACE ( 'NONE', ( #1921 ), #2115, .T. ) ;
#1375 = CARTESIAN_POINT ( 'NONE',  ( 63.79491192076390860, -60.65875014661919806, -3.596617390650540091 ) ) ;
#1376 = CARTESIAN_POINT ( 'NONE',  ( 61.29151652254329719, -64.43028830700120579, -3.000000000000000000 ) ) ;
#1377 = ORIENTED_EDGE ( 'NONE', *, *, #3525, .F. ) ;
#1378 = FACE_OUTER_BOUND ( 'NONE', #3470, .T. ) ;
#1379 = CARTESIAN_POINT ( 'NONE',  ( 83.35559569476569663, -33.29795274471120337, -22.46745228460460098 ) ) ;
#1380 = EDGE_CURVE ( 'NONE', #803, #748, #199, .T. ) ;
#1381 = CARTESIAN_POINT ( 'NONE',  ( 92.10208243032180064, -1.440084599950590238, -3.000000000000000000 ) ) ;
#1382 = CARTESIAN_POINT ( 'NONE',  ( 87.86142797651419301, -23.67348721325739902, -16.71688038190000114 ) ) ;
#1383 = CARTESIAN_POINT ( 'NONE',  ( 87.18284590969570047, -23.09849033190310053, -17.42221426626289826 ) ) ;
#1384 = CARTESIAN_POINT ( 'NONE',  ( 86.00338218263129875, -33.00835245899360615, -22.56036877363220228 ) ) ;
#1385 = CARTESIAN_POINT ( 'NONE',  ( 82.51642058695999538, -33.69687073239369823, -22.53706764423619902 ) ) ;
#1386 = LINE ( 'NONE', #4123, #3663 ) ;
#1387 = EDGE_LOOP ( 'NONE', ( #3715, #1616, #2885, #1889 ) ) ;
#1388 = CARTESIAN_POINT ( 'NONE',  ( 64.44801064744828523, -58.77261866801330115, -7.200722844752410090 ) ) ;
#1389 = CARTESIAN_POINT ( 'NONE',  ( 83.83151002390600581, -34.86438790320529790, -24.36737774725020245 ) ) ;
#1390 = CARTESIAN_POINT ( 'NONE',  ( 84.37363994136771339, -32.69999464220899910, -22.07965487212230116 ) ) ;
#1391 = EDGE_CURVE ( 'NONE', #2175, #2138, #1873, .T. ) ;
#1392 = CARTESIAN_POINT ( 'NONE',  ( 60.69707674422379284, -63.85102899550809497, -3.000000000000000000 ) ) ;
#1393 = CARTESIAN_POINT ( 'NONE',  ( 80.06685701033300973, -35.02326986524229824, -22.22606209495470253 ) ) ;
#1394 = ORIENTED_EDGE ( 'NONE', *, *, #3888, .F. ) ;
#1395 = CARTESIAN_POINT ( 'NONE',  ( 62.27169839328809786, -64.54083174470740403, 0.000000000000000000 ) ) ;
#1396 = EDGE_CURVE ( 'NONE', #2208, #1436, #1897, .T. ) ;
#1397 = ORIENTED_EDGE ( 'NONE', *, *, #3399, .T. ) ;
#1398 = CARTESIAN_POINT ( 'NONE',  ( 65.31675611832839934, -61.47360605612990270, -9.852672565788990866 ) ) ;
#1399 = AXIS2_PLACEMENT_3D ( 'NONE', #3082, #438, #80 ) ;
#1400 = CARTESIAN_POINT ( 'NONE',  ( 91.26399705996379907, -2.593007433385260185, -4.971766482631979400 ) ) ;
#1401 = CARTESIAN_POINT ( 'NONE',  ( 92.11396412171011150, -0.4901589052724480422, -3.000000000000000000 ) ) ;
#1402 = CARTESIAN_POINT ( 'NONE',  ( 66.31489716653280198, -60.32769457347389874, -6.958510964853090286 ) ) ;
#1403 = CARTESIAN_POINT ( 'NONE',  ( 89.77621847711213832, 1.842589327010626610, -0.000000000000000000 ) ) ;
#1404 = EDGE_CURVE ( 'NONE', #3895, #3554, #2679, .T. ) ;
#1405 = CARTESIAN_POINT ( 'NONE',  ( 85.63817446339939465, -30.94224465451789996, -26.00647867783860079 ) ) ;
#1406 = CARTESIAN_POINT ( 'NONE',  ( 82.35209956592200342, -35.66239425331649926, -22.84472827395049777 ) ) ;
#1407 = CARTESIAN_POINT ( 'NONE',  ( 82.30742072356999017, -35.73826377711169755, -23.06730535734680032 ) ) ;
#1408 = ORIENTED_EDGE ( 'NONE', *, *, #2262, .F. ) ;
#1409 = B_SPLINE_CURVE_WITH_KNOTS ( 'NONE', 3,
 ( #677, #4087, #3775, #718, #1761 ),
 .UNSPECIFIED., .F., .F.,
 ( 4, 1, 4 ),
 ( 1.551583845779544774E-17, 0.0005352618950527291818, 0.001022908819602209992 ),
 .UNSPECIFIED. ) ;
#1410 = CARTESIAN_POINT ( 'NONE',  ( 82.49651606887860567, -34.67903134294600420, -27.00698903636659765 ) ) ;
#1411 = CARTESIAN_POINT ( 'NONE',  ( 62.84371885184382478, -60.53227232958499826, 0.000000000000000000 ) ) ;
#1412 = FACE_OUTER_BOUND ( 'NONE', #238, .T. ) ;
#1413 = B_SPLINE_CURVE_WITH_KNOTS ( 'NONE', 3,
 ( #1643, #3099, #3722, #2374, #2744 ),
 .UNSPECIFIED., .F., .F.,
 ( 4, 1, 4 ),
 ( 0.000000000000000000, 0.2894265773048950163, 0.6753286803780890191 ),
 .UNSPECIFIED. ) ;
#1414 = CARTESIAN_POINT ( 'NONE',  ( 89.69000000000001194, 1.425000000000000044, 0.000000000000000000 ) ) ;
#1415 = CARTESIAN_POINT ( 'NONE',  ( 82.19116396392630008, -32.93705964572779266, -23.30965760129770104 ) ) ;
#1416 = VERTEX_POINT ( 'NONE', #820 ) ;
#1417 = ORIENTED_EDGE ( 'NONE', *, *, #3672, .T. ) ;
#1418 = LINE ( 'NONE', #2748, #2118 ) ;
#1419 = CARTESIAN_POINT ( 'NONE',  ( 60.68170078531539957, -62.71171401569450410, -2.000000000000000000 ) ) ;
#1420 = CARTESIAN_POINT ( 'NONE',  ( 92.13772750448649163, 1.409692484083840069, -3.000000000000000000 ) ) ;
#1421 = CARTESIAN_POINT ( 'NONE',  ( 66.24180957867299924, -60.41160246035899917, -7.170432206514600004 ) ) ;
#1422 = PRESENTATION_LAYER_ASSIGNMENT (  '', '', ( #1206 ) ) ;
#1423 = DIRECTION ( 'NONE',  ( 0.9078466521890714569, -0.4173939366075221646, -0.03995945185273311329 ) ) ;
#1424 = CARTESIAN_POINT ( 'NONE',  ( 85.89712947495679884, -31.03964123981399936, -26.00567145642240163 ) ) ;
#1425 = CARTESIAN_POINT ( 'NONE',  ( 81.74098203022491305, -34.66200911787470318, -22.46610557740829961 ) ) ;
#1426 = CARTESIAN_POINT ( 'NONE',  ( 62.69562275390519801, -60.68036842752359661, 0.000000000000000000 ) ) ;
#1427 = B_SPLINE_CURVE_WITH_KNOTS ( 'NONE', 3,
 ( #115, #3424, #783, #3094, #1390 ),
 .UNSPECIFIED., .F., .F.,
 ( 4, 1, 4 ),
 ( 0.000000000000000000, 0.4999999999999982792, 1.000000000000000000 ),
 .UNSPECIFIED. ) ;
#1428 = EDGE_LOOP ( 'NONE', ( #3489, #2735, #3110, #1597 ) ) ;
#1429 = CARTESIAN_POINT ( 'NONE',  ( 82.82105820513510253, -34.50073778173590000, -27.01843166330369783 ) ) ;
#1430 = CARTESIAN_POINT ( 'NONE',  ( 80.49734262850459743, -33.97242337489110042, -23.25350914503430033 ) ) ;
#1431 = EDGE_CURVE ( 'NONE', #2581, #2106, #2570, .T. ) ;
#1432 = ORIENTED_EDGE ( 'NONE', *, *, #3205, .T. ) ;
#1433 = CARTESIAN_POINT ( 'NONE',  ( 60.68316292055919803, -62.72750815156449988, -4.201992136006560408 ) ) ;
#1434 = DIRECTION ( 'NONE',  ( -0.1989479702335659739, -0.4412424311307289182, -0.8750570393464578434 ) ) ;
#1435 = VERTEX_POINT ( 'NONE', #1222 ) ;
#1436 = VERTEX_POINT ( 'NONE', #1537 ) ;
#1437 = CARTESIAN_POINT ( 'NONE',  ( 79.79144976602439954, -35.01648859604460284, -26.03629795409209891 ) ) ;
#1438 = CARTESIAN_POINT ( 'NONE',  ( 60.68244496896949869, -62.71975276436340607, -3.000000000000000000 ) ) ;
#1439 = CARTESIAN_POINT ( 'NONE',  ( 61.28339813753329679, -64.42487529522239242, -2.000000000000000000 ) ) ;
#1440 = CARTESIAN_POINT ( 'NONE',  ( 84.42942356184050823, -34.40938563549160278, -26.48055690708829957 ) ) ;
#1441 = LINE ( 'NONE', #4183, #785 ) ;
#1442 = CARTESIAN_POINT ( 'NONE',  ( 82.75154981508840990, -34.33533123952029342, -27.01238689842570295 ) ) ;
#1443 = CARTESIAN_POINT ( 'NONE',  ( 84.26590880193360533, -30.72140258956200043, -25.24394315162149738 ) ) ;
#1444 = CARTESIAN_POINT ( 'NONE',  ( 62.67146790602409823, -60.67860412796520109, -3.000000000000000000 ) ) ;
#1445 = CARTESIAN_POINT ( 'NONE',  ( 83.94644813926889526, -31.58190456309149852, -23.58061530806929795 ) ) ;
#1446 = B_SPLINE_SURFACE_WITH_KNOTS ( 'NONE', 3, 3, ( 
 ( #4337, #1279, #4314, #2023, #3028 ),
 ( #4025, #1235, #1594, #3690, #1956 ),
 ( #2649, #2319, #3669, #2625, #617 ),
 ( #3980, #919, #2604, #4379, #1325 ) ),
 .UNSPECIFIED., .F., .F., .F.,
 ( 4, 4 ),
 ( 4, 1, 4 ),
 ( -0.08300000000000000433, 0.000000000000000000 ),
 ( 0.000000000000000000, 0.2894265773048950163, 0.6753286803780890191 ),
 .UNSPECIFIED. ) ;
#1447 = ORIENTED_EDGE ( 'NONE', *, *, #151, .T. ) ;
#1448 = EDGE_CURVE ( 'NONE', #2365, #3906, #62, .T. ) ;
#1449 = CARTESIAN_POINT ( 'NONE',  ( 83.11720767341201110, -34.56957931449370136, -22.58116127888020230 ) ) ;
#1450 = CARTESIAN_POINT ( 'NONE',  ( 81.67639098683970644, -33.75787974929200175, -22.54633958671369598 ) ) ;
#1451 = CARTESIAN_POINT ( 'NONE',  ( 86.05359602900510652, -32.88164015852849786, -22.76088569772939962 ) ) ;
#1452 = APPLICATION_CONTEXT ( 'automotive_design' ) ;
#1453 = EDGE_CURVE ( 'NONE', #4269, #4167, #2095, .T. ) ;
#1454 = CARTESIAN_POINT ( 'NONE',  ( 89.12997022120330826, -13.74529428439210044, -11.93835529606009871 ) ) ;
#1455 = DIRECTION ( 'NONE',  ( 0.000000000000000000, 0.000000000000000000, 1.000000000000000000 ) ) ;
#1456 = ORIENTED_EDGE ( 'NONE', *, *, #2663, .T. ) ;
#1457 = VERTEX_POINT ( 'NONE', #3215 ) ;
#1458 = CARTESIAN_POINT ( 'NONE',  ( 81.21000152567211217, -37.68794638855009538, -25.76838819654810209 ) ) ;
#1459 = CARTESIAN_POINT ( 'NONE',  ( 83.84671477274170570, -32.40938471403659804, -22.19932580006410205 ) ) ;
#1460 = CARTESIAN_POINT ( 'NONE',  ( 60.87600130365190410, -64.02262647993201483, 0.000000000000000000 ) ) ;
#1461 = CARTESIAN_POINT ( 'NONE',  ( 80.97695871135260859, -34.80433645585869584, -22.25826234695520256 ) ) ;
#1462 = LINE ( 'NONE', #2167, #506 ) ;
#1463 = CARTESIAN_POINT ( 'NONE',  ( 65.28283900453479305, -59.03176035532079879, -6.482456041883419395 ) ) ;
#1464 = DIRECTION ( 'NONE',  ( 0.000000000000000000, 0.000000000000000000, -1.000000000000000000 ) ) ;
#1465 = CARTESIAN_POINT ( 'NONE',  ( 90.52690564647930671, 2.231586641341050115, -4.354135229394880291 ) ) ;
#1466 = CARTESIAN_POINT ( 'NONE',  ( 80.39552191097537559, -35.09737058642731000, -22.10397328423067265 ) ) ;
#1467 = CARTESIAN_POINT ( 'NONE',  ( 62.01358240360130480, -61.35666477407320230, -2.000000000000000000 ) ) ;
#1468 = ADVANCED_FACE ( 'NONE', ( #3951 ), #2441, .T. ) ;
#1469 = CARTESIAN_POINT ( 'NONE',  ( 89.66258621089049541, -1.644010657837109868, -3.689016979730669554 ) ) ;
#1470 = ORIENTED_EDGE ( 'NONE', *, *, #698, .T. ) ;
#1471 = CARTESIAN_POINT ( 'NONE',  ( 85.59597759301861686, -33.58682710109499681, -26.11472171483909932 ) ) ;
#1472 = CARTESIAN_POINT ( 'NONE',  ( 82.88195394503109981, -32.63447466020370058, -24.19207748553440140 ) ) ;
#1473 = CARTESIAN_POINT ( 'NONE',  ( 63.44896980359759908, -59.87518635061159955, -7.485012994854489676 ) ) ;
#1474 = EDGE_CURVE ( 'NONE', #3316, #3743, #1692, .T. ) ;
#1475 = CARTESIAN_POINT ( 'NONE',  ( 91.32927629916520118, 2.223269813863570032, -1.000000000000000000 ) ) ;
#1476 = EDGE_LOOP ( 'NONE', ( #1720, #2435, #414, #3228 ) ) ;
#1477 = CARTESIAN_POINT ( 'NONE',  ( 81.62238747582318865, -37.01917846404300150, -25.79827624613530190 ) ) ;
#1478 = FACE_OUTER_BOUND ( 'NONE', #3982, .T. ) ;
#1479 = EDGE_LOOP ( 'NONE', ( #2627, #1769, #4026, #4125 ) ) ;
#1480 = EDGE_CURVE ( 'NONE', #67, #2678, #3992, .T. ) ;
#1481 = EDGE_CURVE ( 'NONE', #4170, #3006, #649, .T. ) ;
#1482 = B_SPLINE_CURVE_WITH_KNOTS ( 'NONE', 3,
 ( #3044, #1610, #2643, #3373, #2336 ),
 .UNSPECIFIED., .F., .F.,
 ( 4, 1, 4 ),
 ( 0.000000000000000000, 0.2894265773048950163, 0.6753286803780890191 ),
 .UNSPECIFIED. ) ;
#1483 = ORIENTED_EDGE ( 'NONE', *, *, #96, .T. ) ;
#1484 = CARTESIAN_POINT ( 'NONE',  ( 89.73091075113640613, 0.6866994585312320432, -7.059398050704530192 ) ) ;
#1485 = CARTESIAN_POINT ( 'NONE',  ( 83.72812522086360332, -32.15506263586309643, -22.56444712008689990 ) ) ;
#1486 = CARTESIAN_POINT ( 'NONE',  ( 91.31999999999999318, 2.225000000000000089, 0.000000000000000000 ) ) ;
#1487 = B_SPLINE_SURFACE_WITH_KNOTS ( 'NONE', 3, 3, ( 
 ( #860, #2543, #3562, #3492 ),
 ( #3897, #1485, #194, #4204 ),
 ( #1509, #1459, #3209, #1891 ),
 ( #439, #3187, #2235, #173 ),
 ( #3585, #1794, #2827, #3874 ) ),
 .UNSPECIFIED., .F., .F., .F.,
 ( 4, 1, 4 ),
 ( 4, 4 ),
 ( -1.838222795761270110E-15, 0.8975979010256520674, 1.570796326794889897 ),
 ( 0.000000000000000000, 0.009536135058319140587 ),
 .UNSPECIFIED. ) ;
#1488 = EDGE_CURVE ( 'NONE', #3670, #2365, #2259, .T. ) ;
#1489 = CARTESIAN_POINT ( 'NONE',  ( 60.55342891500480107, -63.70005409128490470, 0.000000000000000000 ) ) ;
#1490 = CARTESIAN_POINT ( 'NONE',  ( 81.02970408005768377, -34.50322431816029933, -26.94682407520660306 ) ) ;
#1491 = CARTESIAN_POINT ( 'NONE',  ( 82.43018117288859514, -33.57058218049270693, -26.98443922362100267 ) ) ;
#1492 = CARTESIAN_POINT ( 'NONE',  ( 61.29151652254329719, -64.43028830700120579, -3.000000000000000000 ) ) ;
#1493 = CARTESIAN_POINT ( 'NONE',  ( 91.31999999999999318, -2.225000000000000089, 122.3110000000000070 ) ) ;
#1494 = CARTESIAN_POINT ( 'NONE',  ( 83.14329579663349534, -33.52738036814989897, -22.50776165015249930 ) ) ;
#1495 = VECTOR ( 'NONE', #2957, 1000.000000000000000 ) ;
#1496 = CARTESIAN_POINT ( 'NONE',  ( 92.10208243032180064, -1.440084599950590238, -3.000000000000000000 ) ) ;
#1497 = ORIENTED_EDGE ( 'NONE', *, *, #259, .T. ) ;
#1498 = CARTESIAN_POINT ( 'NONE',  ( 84.19698728953881073, -32.56124623033939258, -22.07676335972499970 ) ) ;
#1499 = CARTESIAN_POINT ( 'NONE',  ( 85.90741149251130082, -31.00242548857529812, -25.98594259291480313 ) ) ;
#1500 = CARTESIAN_POINT ( 'NONE',  ( 86.20309381056669906, -32.48084642992219528, -23.60748823421520015 ) ) ;
#1501 = CARTESIAN_POINT ( 'NONE',  ( 82.15494978436790063, -35.58979966464880107, -22.37001570192590094 ) ) ;
#1502 = ORIENTED_EDGE ( 'NONE', *, *, #42, .T. ) ;
#1503 = AXIS2_PLACEMENT_3D ( 'NONE', #2148, #1777, #3498 ) ;
#1504 = B_SPLINE_CURVE_WITH_KNOTS ( 'NONE', 3,
 ( #2330, #3323, #1626, #1648, #4350 ),
 .UNSPECIFIED., .F., .F.,
 ( 4, 1, 4 ),
 ( 0.000000000000000000, 0.5714285714285718409, 1.000000000000000000 ),
 .UNSPECIFIED. ) ;
#1505 = CARTESIAN_POINT ( 'NONE',  ( 66.31489716653280198, -60.32769457347389874, -6.958510964853090286 ) ) ;
#1506 = VERTEX_POINT ( 'NONE', #1991 ) ;
#1507 = ORIENTED_EDGE ( 'NONE', *, *, #4401, .T. ) ;
#1508 = CARTESIAN_POINT ( 'NONE',  ( 85.32242516739707128, -32.99152541604772182, -22.05951000579611687 ) ) ;
#1509 = CARTESIAN_POINT ( 'NONE',  ( 83.83749559196429857, -32.42491517471950147, -22.21056140162219705 ) ) ;
#1510 = CARTESIAN_POINT ( 'NONE',  ( 84.46330759471059935, -32.27788415833560265, -26.75044840322170359 ) ) ;
#1511 = CARTESIAN_POINT ( 'NONE',  ( 60.68036842752359661, -63.82699360380370024, 0.000000000000000000 ) ) ;
#1512 = CARTESIAN_POINT ( 'NONE',  ( 85.89712947495679884, -31.03964123981399936, -26.00567145642240163 ) ) ;
#1513 = CARTESIAN_POINT ( 'NONE',  ( 82.75154981508840990, -34.33533123952040000, -27.01238689842579888 ) ) ;
#1514 = DIRECTION ( 'NONE',  ( 0.000000000000000000, 0.000000000000000000, 1.000000000000000000 ) ) ;
#1515 = CARTESIAN_POINT ( 'NONE',  ( 60.69707674422379284, -63.85102899550809497, -3.000000000000000000 ) ) ;
#1516 = CARTESIAN_POINT ( 'NONE',  ( 84.63259495292508916, -32.79739122750499547, -22.07884765070619792 ) ) ;
#1517 = CARTESIAN_POINT ( 'NONE',  ( 61.28702228943019747, -63.30911342560040111, -7.438982925376900646 ) ) ;
#1518 = VERTEX_POINT ( 'NONE', #3390 ) ;
#1519 = CARTESIAN_POINT ( 'NONE',  ( 92.14927558810271080, -1.350425091051459914, -9.182423107866281242 ) ) ;
#1520 = CARTESIAN_POINT ( 'NONE',  ( 85.14019438962088770, -30.67464371666259737, -25.96629194758590131 ) ) ;
#1521 = CARTESIAN_POINT ( 'NONE',  ( 82.75154981508840990, -34.33533123952029342, -27.01238689842579888 ) ) ;
#1522 = SURFACE_SIDE_STYLE ('',( #3958 ) ) ;
#1523 = CARTESIAN_POINT ( 'NONE',  ( 91.91908356077119890, 2.078744231231179906, 0.000000000000000000 ) ) ;
#1524 = ORIENTED_EDGE ( 'NONE', *, *, #66, .F. ) ;
#1525 = B_SPLINE_SURFACE_WITH_KNOTS ( 'NONE', 3, 3, ( 
 ( #2583, #2159, #2183, #459 ),
 ( #3604, #2844, #1477, #168 ),
 ( #1138, #1911, #2513, #1526 ),
 ( #2891, #810, #482, #1257 ),
 ( #211, #963, #597, #304 ) ),
 .UNSPECIFIED., .F., .F., .F.,
 ( 4, 1, 4 ),
 ( 4, 4 ),
 ( 1.471239981099070027E-15, 0.8975979010256640578, 1.570796326794909881 ),
 ( 0.000000000000000000, 0.08146959963896649448 ),
 .UNSPECIFIED. ) ;
#1526 = CARTESIAN_POINT ( 'NONE',  ( 81.47097876112249537, -36.76494392466220518, -26.31730746375210117 ) ) ;
#1527 = ORIENTED_EDGE ( 'NONE', *, *, #2467, .F. ) ;
#1528 = EDGE_CURVE ( 'NONE', #4114, #3938, #670, .T. ) ;
#1529 = ORIENTED_EDGE ( 'NONE', *, *, #3079, .T. ) ;
#1530 = CARTESIAN_POINT ( 'NONE',  ( 86.52213400256600551, -31.63816054827550062, -25.28026907177870086 ) ) ;
#1531 = CARTESIAN_POINT ( 'NONE',  ( 90.35470668890360457, -4.490049741212129852, -6.471941303973379966 ) ) ;
#1532 = CARTESIAN_POINT ( 'NONE',  ( 89.69000000000001194, -0.4749999999999999778, 0.000000000000000000 ) ) ;
#1533 = EDGE_CURVE ( 'NONE', #2624, #4097, #3052, .T. ) ;
#1534 = CARTESIAN_POINT ( 'NONE',  ( 85.15050497603989754, -32.99218439809709480, -22.07723320787389909 ) ) ;
#1535 = CARTESIAN_POINT ( 'NONE',  ( 80.14632153974531548, -36.21484853135029880, -26.39625673724099642 ) ) ;
#1536 = CARTESIAN_POINT ( 'NONE',  ( 60.44605385247280083, -63.05186866861521366, -0.000000000000000000 ) ) ;
#1537 = CARTESIAN_POINT ( 'NONE',  ( 64.41389223218860138, -61.26726705590840538, 121.3619999999999948 ) ) ;
#1538 = CARTESIAN_POINT ( 'NONE',  ( 82.71196383097719718, -33.42119722955020222, -26.98030956133110081 ) ) ;
#1539 = CARTESIAN_POINT ( 'NONE',  ( 86.22297586769229838, -32.43107335451600193, -23.58170176798909878 ) ) ;
#1540 = CARTESIAN_POINT ( 'NONE',  ( 85.13410393723378888, -33.38806801652049927, -22.26016929025360014 ) ) ;
#1541 = B_SPLINE_CURVE_WITH_KNOTS ( 'NONE', 3,
 ( #1694, #4059, #998, #2355, #2382 ),
 .UNSPECIFIED., .F., .F.,
 ( 4, 1, 4 ),
 ( 0.000000000000000000, 0.4285714285714298799, 1.000000000000000000 ),
 .UNSPECIFIED. ) ;
#1542 = ORIENTED_EDGE ( 'NONE', *, *, #3344, .F. ) ;
#1543 = CARTESIAN_POINT ( 'NONE',  ( 92.10267877945508985, -2.792992974989559674, -9.914122118299658837 ) ) ;
#1544 = CARTESIAN_POINT ( 'NONE',  ( 81.14102357379381658, -34.21105640240620005, -22.46781612530179828 ) ) ;
#1545 = CARTESIAN_POINT ( 'NONE',  ( 86.37287507020160149, -32.02997484840700082, -24.42906695943219830 ) ) ;
#1546 = CARTESIAN_POINT ( 'NONE',  ( 81.62307224685069684, -35.61820117105910555, -22.05023246917030377 ) ) ;
#1547 = EDGE_LOOP ( 'NONE', ( #2842, #1595, #3429, #1542 ) ) ;
#1548 = CARTESIAN_POINT ( 'NONE',  ( 89.88227020494640840, -14.12732109538019998, -11.43647057780269805 ) ) ;
#1549 = EDGE_LOOP ( 'NONE', ( #3453, #76, #323, #1456, #2988 ) ) ;
#1550 = ORIENTED_EDGE ( 'NONE', *, *, #2633, .T. ) ;
#1551 = CARTESIAN_POINT ( 'NONE',  ( 89.66655473958229550, -1.404692503534940018, -3.730217004505929967 ) ) ;
#1552 = CARTESIAN_POINT ( 'NONE',  ( 91.31999999999999318, 1.425000000000000044, 0.000000000000000000 ) ) ;
#1553 = DIRECTION ( 'NONE',  ( 0.03077626131155819858, 0.4549805036444489748, -0.8899694169144950484 ) ) ;
#1554 = CARTESIAN_POINT ( 'NONE',  ( 82.99349537058050430, -33.27205024936859701, -26.96463609618909985 ) ) ;
#1555 = CARTESIAN_POINT ( 'NONE',  ( 83.35951844285199286, -34.03515210798290269, -22.54767913087239606 ) ) ;
#1556 = CARTESIAN_POINT ( 'NONE',  ( 81.56337993021230659, -37.21461082404520226, -25.42107022366599978 ) ) ;
#1557 = CARTESIAN_POINT ( 'NONE',  ( 87.86142797651419301, -23.67348721325739902, -16.71688038190000114 ) ) ;
#1558 = CARTESIAN_POINT ( 'NONE',  ( 89.70191367953330541, 1.435093815793709870, -2.000000000000000000 ) ) ;
#1559 = DIRECTION ( 'NONE',  ( 0.000000000000000000, 0.000000000000000000, 1.000000000000000000 ) ) ;
#1560 = B_SPLINE_SURFACE_WITH_KNOTS ( 'NONE', 3, 3, ( 
 ( #3324, #2977, #4391, #4328 ),
 ( #3728, #671, #630, #3993 ),
 ( #1336, #1693, #3682, #1627 ),
 ( #997, #3062, #2662, #292 ),
 ( #3018, #2705, #336, #953 ) ),
 .UNSPECIFIED., .F., .F., .F.,
 ( 4, 1, 4 ),
 ( 4, 4 ),
 ( -1.570796326794899889, -0.8975979010256550650, 0.000000000000000000 ),
 ( 0.000000000000000000, 0.2999999999999999889 ),
 .UNSPECIFIED. ) ;
#1561 = ORIENTED_EDGE ( 'NONE', *, *, #415, .T. ) ;
#1562 = EDGE_CURVE ( 'NONE', #4024, #3379, #225, .T. ) ;
#1563 = CARTESIAN_POINT ( 'NONE',  ( 91.32078122530380426, -2.502316892102869783, -10.42251317532199906 ) ) ;
#1564 = CARTESIAN_POINT ( 'NONE',  ( 90.81453675632710087, -0.9563746491799078875, -9.648844589120779247 ) ) ;
#1565 = CARTESIAN_POINT ( 'NONE',  ( 79.62530181966320697, -35.64663953282789777, -23.58156054994890027 ) ) ;
#1566 = CARTESIAN_POINT ( 'NONE',  ( 89.66788806817149293, -2.793775344251060222, -9.729767780695249613 ) ) ;
#1567 = ORIENTED_EDGE ( 'NONE', *, *, #3552, .T. ) ;
#1568 = VECTOR ( 'NONE', #3158, 1000.000000000000000 ) ;
#1569 = CARTESIAN_POINT ( 'NONE',  ( 64.41181569074259983, -62.37450789534869955, -3.000000000000000000 ) ) ;
#1570 = VERTEX_POINT ( 'NONE', #3727 ) ;
#1571 = EDGE_CURVE ( 'NONE', #435, #3081, #1234, .T. ) ;
#1572 = CARTESIAN_POINT ( 'NONE',  ( 85.82131460200460538, -33.38702496251040230, -23.01754706526649841 ) ) ;
#1573 = VERTEX_POINT ( 'NONE', #4082 ) ;
#1574 = ORIENTED_EDGE ( 'NONE', *, *, #454, .F. ) ;
#1575 = CARTESIAN_POINT ( 'NONE',  ( 91.53148008687600168, -2.233010071142289554, -3.000000000000000000 ) ) ;
#1576 = CARTESIAN_POINT ( 'NONE',  ( 85.89712947495679884, -31.03964123981399936, -26.00567145642240163 ) ) ;
#1577 = CARTESIAN_POINT ( 'NONE',  ( 80.39749244685100393, -36.33032752047839864, -26.40731218558689974 ) ) ;
#1578 = CARTESIAN_POINT ( 'NONE',  ( 84.91069367982331073, -32.86313684383050315, -22.05898386528330235 ) ) ;
#1579 = B_SPLINE_SURFACE_WITH_KNOTS ( 'NONE', 3, 3, ( 
 ( #1623, #4348, #2726, #3388 ),
 ( #627, #4033, #3699, #646 ),
 ( #4013, #313, #1690, #3656 ),
 ( #4408, #3342, #4079, #268 ) ),
 .UNSPECIFIED., .F., .F., .F.,
 ( 4, 4 ),
 ( 4, 4 ),
 ( -0.2849999999999999756, 0.000000000000000000 ),
 ( 0.000000000000000000, 0.2999999999999999889 ),
 .UNSPECIFIED. ) ;
#1580 = CARTESIAN_POINT ( 'NONE',  ( 82.93518751420019441, -33.58344344651660407, -22.52436941380430113 ) ) ;
#1581 = CARTESIAN_POINT ( 'NONE',  ( 82.93619559938630914, -35.22830245690690276, -23.36480329976980030 ) ) ;
#1582 = CARTESIAN_POINT ( 'NONE',  ( 62.39863790580689340, -64.41389223218850191, 0.000000000000000000 ) ) ;
#1583 = CARTESIAN_POINT ( 'NONE',  ( 82.28164177454421235, -33.14077140880409900, -22.66311696760109839 ) ) ;
#1584 = CARTESIAN_POINT ( 'NONE',  ( 89.58017572343349855, -4.090469779637739833, -7.193354942488939585 ) ) ;
#1585 = CARTESIAN_POINT ( 'NONE',  ( 86.03351518064640402, -32.92279408372370142, -22.78113516328539845 ) ) ;
#1586 = CARTESIAN_POINT ( 'NONE',  ( 62.42279275368800029, -64.41565653174690453, -3.000000000000000000 ) ) ;
#1587 = CARTESIAN_POINT ( 'NONE',  ( 79.64174068301520037, -35.57806231739099445, -24.64723774183220328 ) ) ;
#1588 = LINE ( 'NONE', #2646, #3358 ) ;
#1589 = ORIENTED_EDGE ( 'NONE', *, *, #1801, .F. ) ;
#1590 = CARTESIAN_POINT ( 'NONE',  ( 90.79450565850000032, 2.226556110141310274, -3.000000000000000000 ) ) ;
#1591 = B_SPLINE_CURVE_WITH_KNOTS ( 'NONE', 3,
 ( #612, #3662, #592, #3328 ),
 .UNSPECIFIED., .F., .F.,
 ( 4, 4 ),
 ( 1.561435541111820147, 1.655724346088029986 ),
 .UNSPECIFIED. ) ;
#1592 = EDGE_CURVE ( 'NONE', #277, #2136, #246, .T. ) ;
#1593 = ORIENTED_EDGE ( 'NONE', *, *, #13, .F. ) ;
#1594 = CARTESIAN_POINT ( 'NONE',  ( 61.68741468784690340, -63.69100207678399528, -7.432730197042200615 ) ) ;
#1595 = ORIENTED_EDGE ( 'NONE', *, *, #2995, .T. ) ;
#1596 = ORIENTED_EDGE ( 'NONE', *, *, #3398, .T. ) ;
#1597 = ORIENTED_EDGE ( 'NONE', *, *, #1023, .F. ) ;
#1598 = CARTESIAN_POINT ( 'NONE',  ( 82.85412209188100974, -32.72066837263459860, -23.24640522101159945 ) ) ;
#1599 = CARTESIAN_POINT ( 'NONE',  ( 91.31072370083479939, -2.226730186136429701, -1.000000000000000000 ) ) ;
#1600 = CARTESIAN_POINT ( 'NONE',  ( 84.23725423567819348, -30.81684179829919756, -25.30419116525940026 ) ) ;
#1601 = B_SPLINE_SURFACE_WITH_KNOTS ( 'NONE', 3, 3, ( 
 ( #3053, #3651, #1617, #2990 ),
 ( #4402, #944, #2321, #4361 ),
 ( #1983, #3336, #621, #1304 ),
 ( #3296, #1349, #4027, #966 ),
 ( #903, #2280, #580, #240 ) ),
 .UNSPECIFIED., .F., .F., .F.,
 ( 4, 1, 4 ),
 ( 4, 4 ),
 ( -1.570796326794899889, -0.8975979010256550650, 0.000000000000000000 ),
 ( 1.249588320032499977, 1.572902615616140087 ),
 .UNSPECIFIED. ) ;
#1602 = CARTESIAN_POINT ( 'NONE',  ( 64.41389223218850191, -62.39863790580689340, 121.3619999999999948 ) ) ;
#1603 = CARTESIAN_POINT ( 'NONE',  ( 80.16205983816179526, -35.46158386470410306, -26.64003731213039927 ) ) ;
#1604 = FACE_OUTER_BOUND ( 'NONE', #184, .T. ) ;
#1605 = CARTESIAN_POINT ( 'NONE',  ( 80.14603220110259940, -34.64812698736020025, -22.74762680594830044 ) ) ;
#1606 = CARTESIAN_POINT ( 'NONE',  ( 84.10616028825120338, -31.15170255246020048, -24.41218456025849903 ) ) ;
#1607 = CARTESIAN_POINT ( 'NONE',  ( 89.66788806817149293, -2.793775344251060222, -9.729767780695249613 ) ) ;
#1608 = EDGE_CURVE ( 'NONE', #2607, #3433, #1292, .T. ) ;
#1609 = CARTESIAN_POINT ( 'NONE',  ( 91.34779571224240158, 2.219635546034480544, -3.000000000000000000 ) ) ;
#1610 = CARTESIAN_POINT ( 'NONE',  ( 61.29934873894819702, -64.43551051309290756, -4.330815209842979741 ) ) ;
#1611 = CARTESIAN_POINT ( 'NONE',  ( 64.41109773915290759, -62.36675250814759863, -3.725440464486959868 ) ) ;
#1612 = CARTESIAN_POINT ( 'NONE',  ( 63.74661906525381028, -63.06007126482829506, -2.000000000000000000 ) ) ;
#1613 = ORIENTED_EDGE ( 'NONE', *, *, #1010, .T. ) ;
#1614 = LINE ( 'NONE', #2341, #4275 ) ;
#1615 = VERTEX_POINT ( 'NONE', #4327 ) ;
#1616 = ORIENTED_EDGE ( 'NONE', *, *, #2113, .T. ) ;
#1617 = CARTESIAN_POINT ( 'NONE',  ( 75.82232444834970408, -45.77492448716050433, -20.67313594130380139 ) ) ;
#1618 = CARTESIAN_POINT ( 'NONE',  ( 91.31999999999999318, -2.225000000000000089, 0.000000000000000000 ) ) ;
#1619 = ADVANCED_FACE ( 'NONE', ( #1268 ), #2636, .T. ) ;
#1620 = CARTESIAN_POINT ( 'NONE',  ( 83.80367817075590153, -34.95058161563620303, -23.42170548272740049 ) ) ;
#1621 = CARTESIAN_POINT ( 'NONE',  ( 85.12026444028460048, -30.74745148392580063, -26.00809312067080015 ) ) ;
#1622 = CARTESIAN_POINT ( 'NONE',  ( 84.90113751523129793, -32.87893304389379523, -22.06857884763239852 ) ) ;
#1623 = CARTESIAN_POINT ( 'NONE',  ( 92.11999999999999034, 1.425000000000000044, 0.000000000000000000 ) ) ;
#1624 = CARTESIAN_POINT ( 'NONE',  ( 82.02956214236979804, -36.22622057353449776, -22.75028555458819568 ) ) ;
#1625 = EDGE_CURVE ( 'NONE', #365, #3316, #3017, .T. ) ;
#1626 = CARTESIAN_POINT ( 'NONE',  ( 83.82779547269269926, -34.44827535155279463, -26.89493500702689843 ) ) ;
#1627 = CARTESIAN_POINT ( 'NONE',  ( 64.72411650977639397, -61.76608667217239912, -3.000000000000000000 ) ) ;
#1628 = B_SPLINE_CURVE_WITH_KNOTS ( 'NONE', 3,
 ( #521, #251, #1251, #1177 ),
 .UNSPECIFIED., .F., .F.,
 ( 4, 4 ),
 ( 1.249588320032499977, 1.572902615616140087 ),
 .UNSPECIFIED. ) ;
#1629 = LINE ( 'NONE', #226, #3930 ) ;
#1630 = CARTESIAN_POINT ( 'NONE',  ( 86.06357425316740262, -32.86116815260039914, -22.75051132767380224 ) ) ;
#1631 = LINE ( 'NONE', #979, #2784 ) ;
#1632 = CARTESIAN_POINT ( 'NONE',  ( 83.14329579663349534, -33.52738036814989897, -22.50776165015249930 ) ) ;
#1633 = CARTESIAN_POINT ( 'NONE',  ( 63.08580039937289285, -63.73527365294749814, -3.000000000000000000 ) ) ;
#1634 = VERTEX_POINT ( 'NONE', #952 ) ;
#1635 = CARTESIAN_POINT ( 'NONE',  ( 85.24394384590620177, -34.20013137352609789, -23.33040969438860301 ) ) ;
#1636 = ORIENTED_EDGE ( 'NONE', *, *, #2723, .T. ) ;
#1637 = VECTOR ( 'NONE', #1706, 1000.000000000000000 ) ;
#1638 = CARTESIAN_POINT ( 'NONE',  ( 89.70791756967818742, 1.440084599950600230, -3.000000000000000000 ) ) ;
#1639 = CARTESIAN_POINT ( 'NONE',  ( 64.41389223218860138, -61.26726705590840538, 121.3619999999999948 ) ) ;
#1640 = CARTESIAN_POINT ( 'NONE',  ( 64.42713325591599016, -60.78198547758760384, -4.990233286523769962 ) ) ;
#1641 = DIRECTION ( 'NONE',  ( 0.3061922327165592095, 0.8202493876126796257, 0.4831534525852761441 ) ) ;
#1642 = B_SPLINE_SURFACE_WITH_KNOTS ( 'NONE', 3, 3, ( 
 ( #2810, #2830, #2792, #4140 ),
 ( #2190, #1845, #1083, #4230 ),
 ( #3212, #154, #3477, #1169 ),
 ( #1101, #421, #839, #1776 ),
 ( #3146, #84, #2479, #3830 ) ),
 .UNSPECIFIED., .F., .F., .F.,
 ( 4, 1, 4 ),
 ( 4, 4 ),
 ( -1.570796326794899889, -0.8975979010256550650, 0.000000000000000000 ),
 ( 0.000000000000000000, 0.2999999999999999889 ),
 .UNSPECIFIED. ) ;
#1643 = CARTESIAN_POINT ( 'NONE',  ( 63.80274413716880133, -60.66397235271089983, -3.000000000000000000 ) ) ;
#1644 = EDGE_CURVE ( 'NONE', #2136, #869, #1504, .T. ) ;
#1645 = VERTEX_POINT ( 'NONE', #3681 ) ;
#1646 = CARTESIAN_POINT ( 'NONE',  ( 80.85902811997999606, -34.32646901951810037, -26.94900801113340094 ) ) ;
#1647 = CARTESIAN_POINT ( 'NONE',  ( 82.93518751420019441, -33.58344344651670355, -22.52436941380430113 ) ) ;
#1648 = CARTESIAN_POINT ( 'NONE',  ( 83.66814978210419440, -34.05002637965020540, -27.01031639423020181 ) ) ;
#1649 = CARTESIAN_POINT ( 'NONE',  ( 83.92783857229730415, -31.62755207682030445, -23.61157290451949819 ) ) ;
#1650 = CARTESIAN_POINT ( 'NONE',  ( 92.00207490452488912, -4.280269198079699855, -7.004919762480270151 ) ) ;
#1651 = CARTESIAN_POINT ( 'NONE',  ( 89.71673047978811155, 1.624439090660150020, -4.249434523700659661 ) ) ;
#1652 = CARTESIAN_POINT ( 'NONE',  ( 61.88761132633440099, -63.88194575654319607, -7.429602372554509948 ) ) ;
#1653 = CARTESIAN_POINT ( 'NONE',  ( 65.62913584853390603, -61.08517094521769764, -6.700050777435840210 ) ) ;
#1654 = CARTESIAN_POINT ( 'NONE',  ( 62.66369654443420956, -60.67808699726469968, -3.730638469127680157 ) ) ;
#1655 = ORIENTED_EDGE ( 'NONE', *, *, #2516, .F. ) ;
#1656 = CARTESIAN_POINT ( 'NONE',  ( 91.78399011275470798, -12.66493039349830063, -14.64063559652249857 ) ) ;
#1657 = ORIENTED_EDGE ( 'NONE', *, *, #1729, .F. ) ;
#1658 = B_SPLINE_SURFACE_WITH_KNOTS ( 'NONE', 3, 3, ( 
 ( #276, #2361, #635, #3352 ),
 ( #3375, #2315, #1612, #3046 ),
 ( #3665, #3644, #614, #1633 ),
 ( #4041, #3734, #254, #2386 ) ),
 .UNSPECIFIED., .F., .F., .F.,
 ( 4, 4 ),
 ( 4, 4 ),
 ( -0.2849999999999999756, 0.000000000000000000 ),
 ( 0.000000000000000000, 0.2999999999999999889 ),
 .UNSPECIFIED. ) ;
#1659 = ORIENTED_EDGE ( 'NONE', *, *, #3255, .F. ) ;
#1660 = CARTESIAN_POINT ( 'NONE',  ( 62.67146790602409823, -60.67860412796520109, -3.000000000000000000 ) ) ;
#1661 = CARTESIAN_POINT ( 'NONE',  ( 91.01549434150000195, -2.226556110141310274, -3.000000000000000000 ) ) ;
#1662 = CARTESIAN_POINT ( 'NONE',  ( 91.42293257411030538, -4.537630299566649761, -6.459325395644770929 ) ) ;
#1663 = CARTESIAN_POINT ( 'NONE',  ( 80.53701721135659852, -36.77160473900690363, -26.28294859054099675 ) ) ;
#1664 = CARTESIAN_POINT ( 'NONE',  ( 62.28889513558880253, -64.54315407723420606, -2.000000000000000000 ) ) ;
#1665 = ORIENTED_EDGE ( 'NONE', *, *, #883, .F. ) ;
#1666 = CARTESIAN_POINT ( 'NONE',  ( 85.12026444028460048, -30.74745148392580063, -26.00809312067080015 ) ) ;
#1667 = CARTESIAN_POINT ( 'NONE',  ( 63.92404669785010896, -60.59171594433880870, -10.42234462248899973 ) ) ;
#1668 = CARTESIAN_POINT ( 'NONE',  ( 64.41389223218860138, -61.26726705590840538, 0.000000000000000000 ) ) ;
#1669 = CARTESIAN_POINT ( 'NONE',  ( 80.57409842929389754, -37.50794512608160147, -25.94423413766170228 ) ) ;
#1670 = ADVANCED_FACE ( 'NONE', ( #2769 ), #3464, .T. ) ;
#1671 = B_SPLINE_CURVE_WITH_KNOTS ( 'NONE', 3,
 ( #4239, #1178, #2555, #2599, #3289 ),
 .UNSPECIFIED., .F., .F.,
 ( 4, 1, 4 ),
 ( 0.000000000000000000, 0.4285714285714298799, 1.000000000000000000 ),
 .UNSPECIFIED. ) ;
#1672 = CARTESIAN_POINT ( 'NONE',  ( 91.29213936837120968, -2.230016392194720254, -3.000000000000000000 ) ) ;
#1673 = B_SPLINE_CURVE_WITH_KNOTS ( 'NONE', 3,
 ( #2000, #1656, #4294, #2276 ),
 .UNSPECIFIED., .F., .F.,
 ( 4, 4 ),
 ( -1.957991609067750050, -1.639188761265319982 ),
 .UNSPECIFIED. ) ;
#1674 = CARTESIAN_POINT ( 'NONE',  ( 82.18098130575829430, -32.97398140893957219, -26.76158473971820229 ) ) ;
#1675 = CARTESIAN_POINT ( 'NONE',  ( 65.37157180922329758, -61.41067514096609870, -9.693731634542869458 ) ) ;
#1676 = CARTESIAN_POINT ( 'NONE',  ( 63.81894590306428938, -60.67485087512270070, -1.000000000000000000 ) ) ;
#1677 = EDGE_CURVE ( 'NONE', #484, #2365, #2316, .T. ) ;
#1678 = ADVANCED_FACE ( 'NONE', ( #1772 ), #1749, .T. ) ;
#1679 = CARTESIAN_POINT ( 'NONE',  ( 83.07680643812200572, -35.09514232618630558, -26.23979694136430041 ) ) ;
#1680 = VERTEX_POINT ( 'NONE', #3809 ) ;
#1681 = CARTESIAN_POINT ( 'NONE',  ( 85.41039658027850123, -30.73553565328809967, -25.94525373832789938 ) ) ;
#1682 = CARTESIAN_POINT ( 'NONE',  ( 79.81744592175590469, -37.16680441796100354, -25.94422416672529863 ) ) ;
#1683 = EDGE_LOOP ( 'NONE', ( #3960, #3847, #835, #3410 ) ) ;
#1684 = FACE_OUTER_BOUND ( 'NONE', #3776, .T. ) ;
#1685 = CARTESIAN_POINT ( 'NONE',  ( 84.40119971235120033, -32.65386621770045394, -22.04894402428489997 ) ) ;
#1686 = CARTESIAN_POINT ( 'NONE',  ( 92.16017014391960060, 0.6308786405735420377, -7.032021466092430728 ) ) ;
#1687 = CARTESIAN_POINT ( 'NONE',  ( 79.92412064489170120, -36.85910783372209920, -26.11740371048020037 ) ) ;
#1688 = CARTESIAN_POINT ( 'NONE',  ( 62.69562275390519801, -60.68036842752359661, 0.000000000000000000 ) ) ;
#1689 = ORIENTED_EDGE ( 'NONE', *, *, #4266, .T. ) ;
#1690 = CARTESIAN_POINT ( 'NONE',  ( 92.11600765458369722, -0.4851185848801010114, -2.000000000000000000 ) ) ;
#1691 = DIRECTION ( 'NONE',  ( 0.000000000000000000, 0.000000000000000000, 1.000000000000000000 ) ) ;
#1692 = LINE ( 'NONE', #3345, #4277 ) ;
#1693 = CARTESIAN_POINT ( 'NONE',  ( 64.73078907988930553, -61.78488189312819401, -1.000000000000000000 ) ) ;
#1694 = CARTESIAN_POINT ( 'NONE',  ( 62.67146790602409823, -60.67860412796520109, -3.000000000000000000 ) ) ;
#1695 = CARTESIAN_POINT ( 'NONE',  ( 77.37808725447460745, -44.17709645581179956, -16.77673889901939930 ) ) ;
#1696 = CARTESIAN_POINT ( 'NONE',  ( 64.53674345213678976, -61.15153345365860105, -10.41199843741179976 ) ) ;
#1697 = CARTESIAN_POINT ( 'NONE',  ( 82.83778922915979592, -34.46161979142139842, -22.56501531904100233 ) ) ;
#1698 = CARTESIAN_POINT ( 'NONE',  ( 82.82105820513510253, -34.50073778173590000, -27.01843166330369783 ) ) ;
#1699 = B_SPLINE_CURVE_WITH_KNOTS ( 'NONE', 3,
 ( #3306, #2686, #4354, #1466, #1062 ),
 .UNSPECIFIED., .F., .F.,
 ( 4, 1, 4 ),
 ( 0.000000000000000000, 0.6970349599397899221, 1.000000000000000000 ),
 .UNSPECIFIED. ) ;
#1700 = ORIENTED_EDGE ( 'NONE', *, *, #3724, .F. ) ;
#1701 = ADVANCED_FACE ( 'NONE', ( #82 ), #401, .T. ) ;
#1702 = CARTESIAN_POINT ( 'NONE',  ( 86.30314247658229476, -32.21586513681104691, -23.99786520565285031 ) ) ;
#1703 = CARTESIAN_POINT ( 'NONE',  ( 83.07680643812200572, -35.09514232618619900, -26.23979694136430041 ) ) ;
#1704 = VERTEX_POINT ( 'NONE', #2165 ) ;
#1705 = EDGE_CURVE ( 'NONE', #1506, #3554, #3106, .T. ) ;
#1706 = DIRECTION ( 'NONE',  ( 0.1866600385634350767, 0.3169690057284401674, 0.9298863798395055058 ) ) ;
#1707 = CARTESIAN_POINT ( 'NONE',  ( 85.00705371843811520, -30.59107996937647655, -25.93488800198927891 ) ) ;
#1708 = CARTESIAN_POINT ( 'NONE',  ( 85.82464186026390962, -33.08127250150950260, -22.22541997440410100 ) ) ;
#1709 = CARTESIAN_POINT ( 'NONE',  ( 83.59800002545370035, -33.88528848282820150, -26.99736584715479992 ) ) ;
#1710 = ORIENTED_EDGE ( 'NONE', *, *, #3263, .F. ) ;
#1711 = CARTESIAN_POINT ( 'NONE',  ( 84.02634057846830729, -31.36670560548660092, -23.99658927338100156 ) ) ;
#1712 = CARTESIAN_POINT ( 'NONE',  ( 83.49820948431499801, -32.77436023561539713, -22.48456231043910236 ) ) ;
#1713 = CARTESIAN_POINT ( 'NONE',  ( 64.41181569074259983, -62.37450789534869955, -3.000000000000000000 ) ) ;
#1714 = CARTESIAN_POINT ( 'NONE',  ( 88.66910727327208974, -23.88311068975639984, -16.71302725562760116 ) ) ;
#1715 = AXIS2_PLACEMENT_3D ( 'NONE', #156, #3169, #1221 ) ;
#1716 = FACE_OUTER_BOUND ( 'NONE', #12, .T. ) ;
#1717 = FACE_OUTER_BOUND ( 'NONE', #4200, .T. ) ;
#1718 = CARTESIAN_POINT ( 'NONE',  ( 81.73047143266960290, -35.15077342324300247, -22.29142869199300137 ) ) ;
#1719 = CARTESIAN_POINT ( 'NONE',  ( 64.41389223218850191, -62.39863790580689340, 0.000000000000000000 ) ) ;
#1720 = ORIENTED_EDGE ( 'NONE', *, *, #3710, .T. ) ;
#1721 = CARTESIAN_POINT ( 'NONE',  ( 89.83247801872799698, -2.527734064580810180, -10.26116835676550032 ) ) ;
#1722 = CARTESIAN_POINT ( 'NONE',  ( 82.83778922915979592, -34.46161979142139842, -22.56501531904100233 ) ) ;
#1723 = CARTESIAN_POINT ( 'NONE',  ( 92.11405899941111386, -1.430065484712679913, -1.000000000000000000 ) ) ;
#1724 = EDGE_CURVE ( 'NONE', #1936, #2678, #1308, .T. ) ;
#1725 = B_SPLINE_CURVE_WITH_KNOTS ( 'NONE', 3,
 ( #1722, #2065, #2088, #4148, #3818 ),
 .UNSPECIFIED., .F., .F.,
 ( 4, 1, 4 ),
 ( 0.000000000000000000, 0.4285714285714292138, 1.000000000000000000 ),
 .UNSPECIFIED. ) ;
#1726 = CARTESIAN_POINT ( 'NONE',  ( 60.68244496896949869, -62.71975276436340607, -3.000000000000000000 ) ) ;
#1727 = CARTESIAN_POINT ( 'NONE',  ( 76.28129577454699017, -43.65011655473610119, -16.95824900748150199 ) ) ;
#1728 = ORIENTED_EDGE ( 'NONE', *, *, #2289, .F. ) ;
#1729 = EDGE_CURVE ( 'NONE', #3443, #2540, #139, .T. ) ;
#1730 = CARTESIAN_POINT ( 'NONE',  ( 85.92828215377861056, -30.92870705364465067, -25.94551205658265047 ) ) ;
#1731 = ORIENTED_EDGE ( 'NONE', *, *, #2615, .T. ) ;
#1732 = CARTESIAN_POINT ( 'NONE',  ( 80.79230556265029861, -37.60632494409390603, -25.94423701312879871 ) ) ;
#1733 = CARTESIAN_POINT ( 'NONE',  ( 62.43056411527789606, -64.41617366244739173, -4.196794131365849445 ) ) ;
#1734 = CARTESIAN_POINT ( 'NONE',  ( 60.69145557408820224, -63.84305332512908393, -2.000000000000000000 ) ) ;
#1735 = FACE_OUTER_BOUND ( 'NONE', #1549, .T. ) ;
#1736 = B_SPLINE_CURVE_WITH_KNOTS ( 'NONE', 3,
 ( #959, #1321, #2688, #2294 ),
 .UNSPECIFIED., .F., .F.,
 ( 4, 4 ),
 ( 0.000000000000000000, 0.2999999999999999889 ),
 .UNSPECIFIED. ) ;
#1737 = CARTESIAN_POINT ( 'NONE',  ( 90.48999999999999488, 2.225000000000000089, 0.000000000000000000 ) ) ;
#1738 = CARTESIAN_POINT ( 'NONE',  ( 82.75154981508840990, -34.33533123952029342, -27.01238689842579888 ) ) ;
#1739 = CARTESIAN_POINT ( 'NONE',  ( 83.03371925445408408, -34.18539289293289585, -27.01895255970069698 ) ) ;
#1740 = CARTESIAN_POINT ( 'NONE',  ( 83.78666326088669791, -32.01230247825640163, -22.74866737753250234 ) ) ;
#1741 = ORIENTED_EDGE ( 'NONE', *, *, #410, .F. ) ;
#1742 = EDGE_CURVE ( 'NONE', #4219, #2047, #4288, .T. ) ;
#1743 = CARTESIAN_POINT ( 'NONE',  ( 82.40890761439671053, -34.52111135114909501, -27.00388514336640000 ) ) ;
#1744 = CARTESIAN_POINT ( 'NONE',  ( 81.24456167581470822, -33.26969456115789825, -23.11007699732339660 ) ) ;
#1745 = ORIENTED_EDGE ( 'NONE', *, *, #3941, .T. ) ;
#1746 = CARTESIAN_POINT ( 'NONE',  ( 63.50468529013879504, -59.85559923550550110, -9.935943514442170610 ) ) ;
#1747 = CARTESIAN_POINT ( 'NONE',  ( 82.17275330249529475, -32.91009916835569982, -24.25909647779559819 ) ) ;
#1748 = ORIENTED_EDGE ( 'NONE', *, *, #961, .T. ) ;
#1749 = B_SPLINE_SURFACE_WITH_KNOTS ( 'NONE', 3, 3, ( 
 ( #1713, #751, #3103, #732, #4138 ),
 ( #22, #3475, #2121, #2477, #356 ),
 ( #3084, #1081, #4100, #1795, #3828 ),
 ( #2808, #4180, #1040, #3163, #2456 ) ),
 .UNSPECIFIED., .F., .F., .F.,
 ( 4, 4 ),
 ( 4, 1, 4 ),
 ( -0.2849999999999999756, 0.000000000000000000 ),
 ( 0.000000000000000000, 0.2894265773048950163, 0.6753286803780890191 ),
 .UNSPECIFIED. ) ;
#1750 = ORIENTED_EDGE ( 'NONE', *, *, #2146, .F. ) ;
#1751 = CARTESIAN_POINT ( 'NONE',  ( 80.53514907208779050, -33.85531012549920149, -26.33579885994460312 ) ) ;
#1752 = VECTOR ( 'NONE', #880, 1000.000000000000000 ) ;
#1753 = CARTESIAN_POINT ( 'NONE',  ( 77.43112729844300191, -46.26347450926589744, -19.96546841326559729 ) ) ;
#1754 = CARTESIAN_POINT ( 'NONE',  ( 92.13507421785470797, -0.2130017844458899912, -6.493425617575500297 ) ) ;
#1755 = CARTESIAN_POINT ( 'NONE',  ( 82.07718221716841356, -36.12060503219409924, -22.54083239144280171 ) ) ;
#1756 = B_SPLINE_CURVE_WITH_KNOTS ( 'NONE', 3,
 ( #934, #1294, #609, #2664 ),
 .UNSPECIFIED., .F., .F.,
 ( 4, 4 ),
 ( 0.000000000000000000, 0.2999999999999999889 ),
 .UNSPECIFIED. ) ;
#1757 = CARTESIAN_POINT ( 'NONE',  ( 89.22158063927530236, -13.18956264653149901, -12.98735324521319967 ) ) ;
#1758 = EDGE_CURVE ( 'NONE', #2871, #4114, #4278, .T. ) ;
#1759 = CARTESIAN_POINT ( 'NONE',  ( 82.92646744662850722, -33.93066100513870254, -27.00607156024419808 ) ) ;
#1760 = CARTESIAN_POINT ( 'NONE',  ( 65.28283900453479305, -59.03176035532079879, -6.482456041883430053 ) ) ;
#1761 = CARTESIAN_POINT ( 'NONE',  ( 84.93564856873369706, -30.57494654388809963, -25.91702039979540118 ) ) ;
#1762 = ORIENTED_EDGE ( 'NONE', *, *, #85, .T. ) ;
#1763 = CARTESIAN_POINT ( 'NONE',  ( 83.80367817075590153, -34.95058161563620303, -23.42170548272740049 ) ) ;
#1764 = CARTESIAN_POINT ( 'NONE',  ( 86.48587494859789615, -31.25057342173730035, -25.75244482671739732 ) ) ;
#1765 = CARTESIAN_POINT ( 'NONE',  ( 91.54080049334899627, -2.230394008350330193, -2.000000000000000000 ) ) ;
#1766 = DIRECTION ( 'NONE',  ( 0.000000000000000000, 0.000000000000000000, 1.000000000000000000 ) ) ;
#1767 = CARTESIAN_POINT ( 'NONE',  ( 79.24730067621941032, -36.48500015197629409, -25.24416892470710039 ) ) ;
#1768 = VERTEX_POINT ( 'NONE', #3257 ) ;
#1769 = ORIENTED_EDGE ( 'NONE', *, *, #4002, .T. ) ;
#1770 = CARTESIAN_POINT ( 'NONE',  ( 80.55695642943440760, -33.83877492145009569, -26.15697105103060238 ) ) ;
#1771 = CARTESIAN_POINT ( 'NONE',  ( 81.84056157064790682, -36.64540088310869947, -23.58158974196729929 ) ) ;
#1772 = FACE_OUTER_BOUND ( 'NONE', #2916, .T. ) ;
#1773 = CARTESIAN_POINT ( 'NONE',  ( 77.77428534355928491, -44.40830771916410669, -16.77459712301790162 ) ) ;
#1774 = ADVANCED_FACE ( 'NONE', ( #3878 ), #77, .T. ) ;
#1775 = VECTOR ( 'NONE', #3921, 1000.000000000000000 ) ;
#1776 = CARTESIAN_POINT ( 'NONE',  ( 89.66927881656590671, -1.649033202588659819, -3.000000000000000000 ) ) ;
#1777 = DIRECTION ( 'NONE',  ( 0.000000000000000000, 0.000000000000000000, 1.000000000000000000 ) ) ;
#1778 = CARTESIAN_POINT ( 'NONE',  ( 81.28802238748099285, -34.32139922693819756, -22.46743355192910130 ) ) ;
#1779 = VECTOR ( 'NONE', #1112, 1000.000000000000000 ) ;
#1780 = CARTESIAN_POINT ( 'NONE',  ( 61.34545261465440547, -62.03936988556399967, -3.000000000000000000 ) ) ;
#1781 = EDGE_CURVE ( 'NONE', #869, #2185, #2110, .T. ) ;
#1782 = VECTOR ( 'NONE', #1945, 1000.000000000000000 ) ;
#1783 = CARTESIAN_POINT ( 'NONE',  ( 90.35470668890360457, -4.490049741212129852, -6.471941303973379966 ) ) ;
#1784 = ORIENTED_EDGE ( 'NONE', *, *, #1729, .T. ) ;
#1785 = CARTESIAN_POINT ( 'NONE',  ( 82.98632718619001025, -34.89142704898220160, -26.88633269268380133 ) ) ;
#1786 = CARTESIAN_POINT ( 'NONE',  ( 82.15434264106440310, -32.88313869098350040, -25.20853535429350245 ) ) ;
#1787 = CARTESIAN_POINT ( 'NONE',  ( 61.34334079518419713, -62.04436776679789745, -4.044874247046930549 ) ) ;
#1788 = FACE_OUTER_BOUND ( 'NONE', #1108, .T. ) ;
#1789 = CARTESIAN_POINT ( 'NONE',  ( 91.31999999999999318, -1.425000000000000044, 122.3110000000000070 ) ) ;
#1790 = ORIENTED_EDGE ( 'NONE', *, *, #1396, .T. ) ;
#1791 = ORIENTED_EDGE ( 'NONE', *, *, #1155, .F. ) ;
#1792 = ADVANCED_FACE ( 'NONE', ( #3633 ), #1362, .T. ) ;
#1793 = CARTESIAN_POINT ( 'NONE',  ( 85.15005264572120325, -30.63845666983119997, -25.94507509142970036 ) ) ;
#1794 = CARTESIAN_POINT ( 'NONE',  ( 84.38304098635239825, -32.68463007734379744, -22.06950896460159939 ) ) ;
#1795 = CARTESIAN_POINT ( 'NONE',  ( 64.82269794120230699, -61.98013387073329739, -8.213574786066658362 ) ) ;
#1796 = CARTESIAN_POINT ( 'NONE',  ( 66.29306558947008909, -60.04690623083550349, -6.594179299417949558 ) ) ;
#1797 = B_SPLINE_CURVE_WITH_KNOTS ( 'NONE', 3,
 ( #3781, #3719, #2782, #328, #1033 ),
 .UNSPECIFIED., .F., .F.,
 ( 4, 1, 4 ),
 ( 0.000000000000000000, 0.2918641954812579709, 0.6810164561229340441 ),
 .UNSPECIFIED. ) ;
#1798 = CARTESIAN_POINT ( 'NONE',  ( 60.68100858553690102, -62.70367045464470124, -1.000000000000000000 ) ) ;
#1799 = CARTESIAN_POINT ( 'NONE',  ( 79.81430239138509819, -35.22745922325369605, -22.75025636256970074 ) ) ;
#1800 = CARTESIAN_POINT ( 'NONE',  ( 81.62065427846930277, -35.11616105987739900, -26.93959256985990081 ) ) ;
#1801 = EDGE_CURVE ( 'NONE', #3006, #1214, #2263, .T. ) ;
#1802 = CARTESIAN_POINT ( 'NONE',  ( 83.48988870234440185, -33.63140261291160016, -26.97740710679489951 ) ) ;
#1803 = CARTESIAN_POINT ( 'NONE',  ( 63.42996909307020559, -60.08033381541870455, -5.114314406962950699 ) ) ;
#1804 = CARTESIAN_POINT ( 'NONE',  ( 82.86539156532069228, -33.41836665948500240, -22.51369708574329920 ) ) ;
#1805 = CARTESIAN_POINT ( 'NONE',  ( 84.79003708205790701, -32.79888566627969482, -22.04916061436980002 ) ) ;
#1806 = B_SPLINE_SURFACE_WITH_KNOTS ( 'NONE', 3, 3, ( 
 ( #357, #733, #1714, #2457 ),
 ( #712, #3085, #23, #3458 ),
 ( #2770, #3104, #1082, #3810 ),
 ( #752, #2122, #1382, #4101 ) ),
 .UNSPECIFIED., .F., .F., .F.,
 ( 4, 4 ),
 ( 4, 4 ),
 ( -0.08300000000000200273, 0.000000000000000000 ),
 ( -1.957991609067750050, -1.639188761265319982 ),
 .UNSPECIFIED. ) ;
#1807 = ORIENTED_EDGE ( 'NONE', *, *, #2237, .F. ) ;
#1808 = ADVANCED_FACE ( 'NONE', ( #559 ), #1141, .T. ) ;
#1809 = EDGE_CURVE ( 'NONE', #3433, #99, #358, .T. ) ;
#1810 = CARTESIAN_POINT ( 'NONE',  ( 81.47097869632479217, -36.76494384907899615, -26.31730735425020029 ) ) ;
#1811 = CARTESIAN_POINT ( 'NONE',  ( 82.51642058695999538, -33.69687073239369823, -22.53706764423619902 ) ) ;
#1812 = CARTESIAN_POINT ( 'NONE',  ( 91.29213936837120968, -2.230016392194720254, -3.000000000000000000 ) ) ;
#1813 = CARTESIAN_POINT ( 'NONE',  ( 81.77543961366430381, -36.64162544343780326, -25.71748153988940189 ) ) ;
#1814 = ORIENTED_EDGE ( 'NONE', *, *, #2884, .T. ) ;
#1815 = ADVANCED_FACE ( 'NONE', ( #1356 ), #1579, .T. ) ;
#1816 = CARTESIAN_POINT ( 'NONE',  ( 84.23725423567809401, -30.81684179829919756, -25.30419116525940026 ) ) ;
#1817 = CARTESIAN_POINT ( 'NONE',  ( 62.40668560654629715, -64.41453239020189869, -1.000000000000000000 ) ) ;
#1818 = ORIENTED_EDGE ( 'NONE', *, *, #1801, .T. ) ;
#1819 = ORIENTED_EDGE ( 'NONE', *, *, #2931, .F. ) ;
#1820 = CARTESIAN_POINT ( 'NONE',  ( 85.25008526344049642, -32.97047121316094831, -22.04940924053468265 ) ) ;
#1821 = CARTESIAN_POINT ( 'NONE',  ( 90.94977937541389679, -3.728059547629620329, -6.062650068450300189 ) ) ;
#1822 = CARTESIAN_POINT ( 'NONE',  ( 84.38304098635239825, -32.68463007734379744, -22.06950896460159939 ) ) ;
#1823 = CARTESIAN_POINT ( 'NONE',  ( 89.69000000000001194, 1.425000000000000044, 0.000000000000000000 ) ) ;
#1824 = CARTESIAN_POINT ( 'NONE',  ( 60.69145557408820224, -63.84305332512908393, -2.000000000000000000 ) ) ;
#1825 = CARTESIAN_POINT ( 'NONE',  ( 85.12026444028460048, -30.74745148392580063, -26.00809312067080015 ) ) ;
#1826 = CARTESIAN_POINT ( 'NONE',  ( 80.36707727586370709, -35.58891408206919493, -26.64370959795150284 ) ) ;
#1827 = CARTESIAN_POINT ( 'NONE',  ( 84.97433760493140653, -31.29716915268230437, -26.32088891247049744 ) ) ;
#1828 = CARTESIAN_POINT ( 'NONE',  ( 82.51642058695999538, -33.69687073239369823, -22.53706764423619902 ) ) ;
#1829 = CARTESIAN_POINT ( 'NONE',  ( 83.35951844285199286, -34.03515210798290269, -22.54767913087249909 ) ) ;
#1830 = CARTESIAN_POINT ( 'NONE',  ( 84.67625036206131028, -33.93956574114690028, -22.49330428816350391 ) ) ;
#1831 = ORIENTED_EDGE ( 'NONE', *, *, #564, .T. ) ;
#1832 = FACE_OUTER_BOUND ( 'NONE', #2559, .T. ) ;
#1833 = CARTESIAN_POINT ( 'NONE',  ( 82.90978579818120409, -32.54828094777269598, -25.13774975005719980 ) ) ;
#1834 = LINE ( 'NONE', #895, #3147 ) ;
#1835 = CARTESIAN_POINT ( 'NONE',  ( 92.13384197070340065, 1.654195788802580003, -2.000000000000000000 ) ) ;
#1836 = VERTEX_POINT ( 'NONE', #1266 ) ;
#1837 = CARTESIAN_POINT ( 'NONE',  ( 90.35470668890349089, -4.490049741212110312, -6.471941303973379966 ) ) ;
#1838 = EDGE_LOOP ( 'NONE', ( #2848, #2432, #528, #3678 ) ) ;
#1839 = ADVANCED_FACE ( 'NONE', ( #2328 ), #431, .T. ) ;
#1840 = ORIENTED_EDGE ( 'NONE', *, *, #2852, .T. ) ;
#1841 = LINE ( 'NONE', #3252, #505 ) ;
#1842 = CARTESIAN_POINT ( 'NONE',  ( 83.77751568514680969, -32.03054002808860190, -22.76199223790200321 ) ) ;
#1843 = CARTESIAN_POINT ( 'NONE',  ( 91.52943951023929969, 2.224999999999999201, 0.000000000000000000 ) ) ;
#1844 = B_SPLINE_SURFACE_WITH_KNOTS ( 'NONE', 3, 3, ( 
 ( #59, #2057, #3145, #441, #2790 ),
 ( #83, #1440, #2809, #2478, #771 ),
 ( #3494, #4411, #1359, #691, #4083 ),
 ( #1022, #2401, #3414, #174, #816 ),
 ( #533, #466, #2875, #3210, #2189 ) ),
 .UNSPECIFIED., .F., .F., .F.,
 ( 4, 1, 4 ),
 ( 4, 1, 4 ),
 ( 1.471239981099070027E-15, 0.8975979010256640578, 1.570796326794909881 ),
 ( 0.000000000000000000, 0.1172198319751709961, 0.2735129412753989908 ),
 .UNSPECIFIED. ) ;
#1845 = CARTESIAN_POINT ( 'NONE',  ( 90.30120140988400124, -2.222522905597529963, -1.000000000000000000 ) ) ;
#1846 = CARTESIAN_POINT ( 'NONE',  ( 84.05389461355250091, -33.64750888279040453, -26.97014875999419914 ) ) ;
#1847 = CARTESIAN_POINT ( 'NONE',  ( 89.77621847711216674, -1.842589327010625055, -0.000000000000000000 ) ) ;
#1848 = CARTESIAN_POINT ( 'NONE',  ( 90.35470668890360457, -4.490049741212129852, -6.471941303973379966 ) ) ;
#1849 = CARTESIAN_POINT ( 'NONE',  ( 83.78666326088669791, -32.01230247825640163, -22.74866737753250234 ) ) ;
#1850 = CARTESIAN_POINT ( 'NONE',  ( 84.36527693271358430, -33.23190216259740026, -22.35252177860720124 ) ) ;
#1851 = VECTOR ( 'NONE', #307, 999.9999999999998863 ) ;
#1852 = CARTESIAN_POINT ( 'NONE',  ( 85.82131460200460538, -33.38702496251049467, -23.01754706526649841 ) ) ;
#1853 = ORIENTED_EDGE ( 'NONE', *, *, #3672, .F. ) ;
#1854 = VECTOR ( 'NONE', #3406, 999.9999999999998863 ) ;
#1855 = CARTESIAN_POINT ( 'NONE',  ( 81.45941689683330367, -35.54441630754980253, -22.05023031256990151 ) ) ;
#1856 = CARTESIAN_POINT ( 'NONE',  ( 91.35679862206259827, 2.217839553051209833, -4.352355746658949975 ) ) ;
#1857 = CARTESIAN_POINT ( 'NONE',  ( 89.22482328632038673, -21.80857544134429915, -20.61578865979119968 ) ) ;
#1858 =( LENGTH_UNIT ( ) NAMED_UNIT ( * ) SI_UNIT ( .MILLI., .METRE. ) );
#1859 =( GEOMETRIC_REPRESENTATION_CONTEXT ( 3 ) GLOBAL_UNCERTAINTY_ASSIGNED_CONTEXT ( ( #2025 ) ) GLOBAL_UNIT_ASSIGNED_CONTEXT ( ( #3370, #3749, #2752 ) ) REPRESENTATION_CONTEXT ( 'NONE', 'WORKASPACE' ) );
#1860 = DIRECTION ( 'NONE',  ( 0.8446649072427948601, 0.000000000000000000, -0.5352954272852709083 ) ) ;
#1861 = EDGE_LOOP ( 'NONE', ( #33, #1288, #3917, #3530 ) ) ;
#1862 = AXIS2_PLACEMENT_3D ( 'NONE', #2338, #1997, #1254 ) ;
#1863 = CARTESIAN_POINT ( 'NONE',  ( 61.20066548354849800, -62.23401836952759680, -7.008930255168449364 ) ) ;
#1864 = ADVANCED_FACE ( 'NONE', ( #2806 ), #2416, .T. ) ;
#1865 = ORIENTED_EDGE ( 'NONE', *, *, #2655, .T. ) ;
#1866 = ORIENTED_EDGE ( 'NONE', *, *, #1474, .F. ) ;
#1867 = CARTESIAN_POINT ( 'NONE',  ( 89.68415418690169361, -0.4597667894056909899, -3.000000000000000000 ) ) ;
#1868 = LINE ( 'NONE', #3512, #1775 ) ;
#1869 = CARTESIAN_POINT ( 'NONE',  ( 89.69198033352959953, 0.4800654847126830105, -1.000000000000000000 ) ) ;
#1870 = CARTESIAN_POINT ( 'NONE',  ( 60.68244496896949869, -62.71975276436340607, -3.000000000000000000 ) ) ;
#1871 = CARTESIAN_POINT ( 'NONE',  ( 82.13593197963339776, -32.85617821361140045, -26.15797423079130013 ) ) ;
#1872 = CARTESIAN_POINT ( 'NONE',  ( 60.53227232958494852, -62.84371885184386741, 0.000000000000000000 ) ) ;
#1873 = LINE ( 'NONE', #842, #1064 ) ;
#1874 = CARTESIAN_POINT ( 'NONE',  ( 84.12684639177351187, -31.21441038803859769, -25.55743135558829948 ) ) ;
#1875 = CARTESIAN_POINT ( 'NONE',  ( 83.75600368077799374, -33.37724744453910120, -22.45767548120660351 ) ) ;
#1876 = CARTESIAN_POINT ( 'NONE',  ( 83.82507808453490838, -34.18357800854689543, -22.55537846322090090 ) ) ;
#1877 = ORIENTED_EDGE ( 'NONE', *, *, #4124, .F. ) ;
#1878 = CARTESIAN_POINT ( 'NONE',  ( 81.56337993021230659, -37.21461082404520226, -25.42107022366599978 ) ) ;
#1879 = CARTESIAN_POINT ( 'NONE',  ( 82.13593197963339776, -32.85617821361140045, -26.15797423079130013 ) ) ;
#1880 = CARTESIAN_POINT ( 'NONE',  ( 91.05015557740100007, -12.17126651224990042, -15.35363048139300091 ) ) ;
#1881 = CARTESIAN_POINT ( 'NONE',  ( 92.13185032281759845, 1.414831876947119982, -2.000000000000000000 ) ) ;
#1882 = AXIS2_PLACEMENT_3D ( 'NONE', #4106, #65, #1026 ) ;
#1883 = ORIENTED_EDGE ( 'NONE', *, *, #692, .F. ) ;
#1884 = B_SPLINE_SURFACE_WITH_KNOTS ( 'NONE', 3, 3, ( 
 ( #1879, #114, #3243, #3550 ),
 ( #1786, #3909, #782, #1833 ),
 ( #828, #3154, #2577, #1472 ),
 ( #94, #2887, #2509, #3575 ) ),
 .UNSPECIFIED., .F., .F., .F.,
 ( 4, 4 ),
 ( 4, 4 ),
 ( 0.000000000000000000, 0.2849999999999999756 ),
 ( 1.561435541111820147, 1.655724346088029986 ),
 .UNSPECIFIED. ) ;
#1885 = CARTESIAN_POINT ( 'NONE',  ( 63.57777287799849830, -59.77169134862030120, -9.724022272780660003 ) ) ;
#1886 = VERTEX_POINT ( 'NONE', #1711 ) ;
#1887 = B_SPLINE_CURVE_WITH_KNOTS ( 'NONE', 3,
 ( #937, #3024, #2621, #2314, #3999 ),
 .UNSPECIFIED., .F., .F.,
 ( 4, 1, 4 ),
 ( 0.000000000000000000, 0.4285714285714298799, 1.000000000000000000 ),
 .UNSPECIFIED. ) ;
#1888 = B_SPLINE_CURVE_WITH_KNOTS ( 'NONE', 3,
 ( #118, #3580, #1863, #2207, #1885 ),
 .UNSPECIFIED., .F., .F.,
 ( 4, 1, 4 ),
 ( 0.000000000000000000, 0.2894265773048950163, 0.6753286803780890191 ),
 .UNSPECIFIED. ) ;
#1889 = ORIENTED_EDGE ( 'NONE', *, *, #2655, .F. ) ;
#1890 = CARTESIAN_POINT ( 'NONE',  ( 90.48999999999999488, -1.425000000000000044, 0.000000000000000000 ) ) ;
#1891 = CARTESIAN_POINT ( 'NONE',  ( 83.86503903169170826, -32.37859158660509706, -22.17648815977189969 ) ) ;
#1892 = CARTESIAN_POINT ( 'NONE',  ( 60.37015065415629778, -63.32817331170720365, -3.000000000000000000 ) ) ;
#1893 = CARTESIAN_POINT ( 'NONE',  ( 84.39240926681860344, -32.66933352194709528, -22.05923583465040139 ) ) ;
#1894 = EDGE_CURVE ( 'NONE', #2871, #3624, #1957, .T. ) ;
#1895 = CARTESIAN_POINT ( 'NONE',  ( 82.94037455883619714, -34.14954680332949977, -22.55992679015909985 ) ) ;
#1896 = CARTESIAN_POINT ( 'NONE',  ( 84.37363994136771339, -32.69999464220899910, -22.07965487212230116 ) ) ;
#1897 = LINE ( 'NONE', #865, #1782 ) ;
#1898 = CARTESIAN_POINT ( 'NONE',  ( 92.03378152288783554, -1.842589327010619948, -0.000000000000000000 ) ) ;
#1899 = CARTESIAN_POINT ( 'NONE',  ( 91.71084514307219138, -13.10902496109850013, -13.80274781398249928 ) ) ;
#1900 = CARTESIAN_POINT ( 'NONE',  ( 90.25064055972650578, 2.225000000000000089, 0.000000000000000000 ) ) ;
#1901 = ADVANCED_FACE ( 'NONE', ( #20 ), #3122, .T. ) ;
#1902 = ORIENTED_EDGE ( 'NONE', *, *, #2283, .T. ) ;
#1903 = DIRECTION ( 'NONE',  ( -0.1866600385634289427, -0.3169690057284428875, -0.9298863798395057279 ) ) ;
#1904 = CARTESIAN_POINT ( 'NONE',  ( 90.52690564647930671, 2.231586641341050115, -4.354135229394880291 ) ) ;
#1905 = CARTESIAN_POINT ( 'NONE',  ( 79.46023209151529443, -35.91956342853669781, -25.51602596066329909 ) ) ;
#1906 = CARTESIAN_POINT ( 'NONE',  ( 86.58379302264320643, -31.46245539861680030, -25.45478720407849949 ) ) ;
#1907 = FILL_AREA_STYLE_COLOUR ( '', #3002 ) ;
#1908 = CARTESIAN_POINT ( 'NONE',  ( 65.28283900453479305, -59.03176035532079879, -6.482456041883419395 ) ) ;
#1909 = EDGE_LOOP ( 'NONE', ( #3463, #971, #1710, #2390 ) ) ;
#1910 = ORIENTED_EDGE ( 'NONE', *, *, #2370, .T. ) ;
#1911 = CARTESIAN_POINT ( 'NONE',  ( 81.25291249700710239, -37.39339477901989994, -26.00433156314759842 ) ) ;
#1912 = VERTEX_POINT ( 'NONE', #1793 ) ;
#1913 = EDGE_LOOP ( 'NONE', ( #1910, #2209, #3738, #687 ) ) ;
#1914 = DIRECTION ( 'NONE',  ( 0.000000000000000000, 0.000000000000000000, 1.000000000000000000 ) ) ;
#1915 = LINE ( 'NONE', #1639, #1851 ) ;
#1916 = CARTESIAN_POINT ( 'NONE',  ( 85.13026669919290157, -30.71097103875030143, -25.98733776836860088 ) ) ;
#1917 = B_SPLINE_CURVE_WITH_KNOTS ( 'NONE', 3,
 ( #811, #1817, #434, #1586 ),
 .UNSPECIFIED., .F., .F.,
 ( 4, 4 ),
 ( 0.000000000000000000, 0.2999999999999999889 ),
 .UNSPECIFIED. ) ;
#1918 = CARTESIAN_POINT ( 'NONE',  ( 83.07680643812200572, -35.09514232618630558, -26.23979694136430041 ) ) ;
#1919 = CARTESIAN_POINT ( 'NONE',  ( 79.21158562012040250, -36.56421180798150061, -25.40125879706609879 ) ) ;
#1920 = CARTESIAN_POINT ( 'NONE',  ( 82.61425260185450270, -35.38426150925980096, -23.29071262395670061 ) ) ;
#1921 = FACE_OUTER_BOUND ( 'NONE', #4070, .T. ) ;
#1922 = CARTESIAN_POINT ( 'NONE',  ( 85.53944597331729938, -30.78368507598500159, -25.94529386492570211 ) ) ;
#1923 = EDGE_CURVE ( 'NONE', #2693, #47, #3101, .T. ) ;
#1924 = CARTESIAN_POINT ( 'NONE',  ( 91.92284388141759166, -2.429495074475410021, -5.078476704973510003 ) ) ;
#1925 = PRODUCT_DEFINITION_SHAPE ( 'NONE', 'NONE',  #4060 ) ;
#1926 = CARTESIAN_POINT ( 'NONE',  ( 85.31853206628140640, -33.05538172619019832, -22.07670942938089809 ) ) ;
#1927 = CARTESIAN_POINT ( 'NONE',  ( 91.04440783411591553, -2.490006761400019641, -10.42577718662899855 ) ) ;
#1928 = FACE_OUTER_BOUND ( 'NONE', #3602, .T. ) ;
#1929 = ADVANCED_FACE ( 'NONE', ( #1378 ), #1204, .T. ) ;
#1930 = CARTESIAN_POINT ( 'NONE',  ( 91.34779571224240158, 2.219635546034480544, -3.000000000000000000 ) ) ;
#1931 = ORIENTED_EDGE ( 'NONE', *, *, #3730, .F. ) ;
#1932 = VECTOR ( 'NONE', #3277, 1000.000000000000114 ) ;
#1933 = CARTESIAN_POINT ( 'NONE',  ( 82.25842954504319948, -35.65530098582049590, -26.37411622936119926 ) ) ;
#1934 = ORIENTED_EDGE ( 'NONE', *, *, #4176, .F. ) ;
#1935 = CARTESIAN_POINT ( 'NONE',  ( 86.03351518064640402, -32.92279408372370142, -22.78113516328539845 ) ) ;
#1936 = VERTEX_POINT ( 'NONE', #3455 ) ;
#1937 = AXIS2_PLACEMENT_3D ( 'NONE', #105, #2522, #3877 ) ;
#1938 = ORIENTED_EDGE ( 'NONE', *, *, #1180, .T. ) ;
#1939 = FACE_OUTER_BOUND ( 'NONE', #2863, .T. ) ;
#1940 = CARTESIAN_POINT ( 'NONE',  ( 85.89712947495679884, -31.03964123981399936, -26.00567145642240163 ) ) ;
#1941 = CARTESIAN_POINT ( 'NONE',  ( 81.73047143266950343, -35.15077342324300247, -22.29142869199300137 ) ) ;
#1942 = CARTESIAN_POINT ( 'NONE',  ( 84.38304098635239825, -32.68463007734390402, -22.06950896460159939 ) ) ;
#1943 = CARTESIAN_POINT ( 'NONE',  ( 82.43018117288849567, -33.57058218049270693, -26.98443922362100267 ) ) ;
#1944 = LINE ( 'NONE', #245, #2642 ) ;
#1945 = DIRECTION ( 'NONE',  ( 0.000000000000000000, 0.000000000000000000, 1.000000000000000000 ) ) ;
#1946 = CARTESIAN_POINT ( 'NONE',  ( 83.77751568514680969, -32.03054002808860190, -22.76199223790200321 ) ) ;
#1947 = CARTESIAN_POINT ( 'NONE',  ( 89.70791756967818742, 1.440084599950600230, -3.000000000000000000 ) ) ;
#1948 = EDGE_CURVE ( 'NONE', #332, #2485, #1418, .T. ) ;
#1949 = CARTESIAN_POINT ( 'NONE',  ( 91.96161882351080408, -1.086620137367799943, -9.518409672359590346 ) ) ;
#1950 = CARTESIAN_POINT ( 'NONE',  ( 92.11999999999999034, -1.425000000000000044, 0.000000000000000000 ) ) ;
#1951 = CARTESIAN_POINT ( 'NONE',  ( 79.90881546433300286, -35.06335318067149842, -22.83626114016430009 ) ) ;
#1952 = FACE_OUTER_BOUND ( 'NONE', #2186, .T. ) ;
#1953 = DIRECTION ( 'NONE',  ( 1.000000000000000000, 0.000000000000000000, 0.000000000000000000 ) ) ;
#1954 = ORIENTED_EDGE ( 'NONE', *, *, #4296, .F. ) ;
#1955 = EDGE_CURVE ( 'NONE', #2021, #1506, #3918, .T. ) ;
#1956 = CARTESIAN_POINT ( 'NONE',  ( 64.33251120070789852, -60.96492761721869869, -10.41544716577089957 ) ) ;
#1957 = B_SPLINE_CURVE_WITH_KNOTS ( 'NONE', 3,
 ( #1117, #768, #2139, #3767 ),
 .UNSPECIFIED., .F., .F.,
 ( 4, 4 ),
 ( 0.000000000000000000, 0.2999999999999999889 ),
 .UNSPECIFIED. ) ;
#1958 = ORIENTED_EDGE ( 'NONE', *, *, #2740, .T. ) ;
#1959 = VECTOR ( 'NONE', #3794, 999.9999999999998863 ) ;
#1960 = EDGE_CURVE ( 'NONE', #3624, #2607, #674, .T. ) ;
#1961 = ORIENTED_EDGE ( 'NONE', *, *, #4202, .T. ) ;
#1962 = CARTESIAN_POINT ( 'NONE',  ( 80.63395347129127799, -35.17224981064482847, -22.05022037025285542 ) ) ;
#1963 = CARTESIAN_POINT ( 'NONE',  ( 82.19116396392630008, -32.93705964572779266, -23.30965760129770104 ) ) ;
#1964 = CARTESIAN_POINT ( 'NONE',  ( 85.14019438962100139, -30.67464371666259737, -25.96629194758590131 ) ) ;
#1965 = B_SPLINE_SURFACE_WITH_KNOTS ( 'NONE', 3, 3, ( 
 ( #2461, #3834, #3814, #3481 ),
 ( #540, #1899, #2243, #867 ),
 ( #3261, #2572, #3593, #1539 ),
 ( #3929, #2904, #1198, #4256 ) ),
 .UNSPECIFIED., .F., .F., .F.,
 ( 4, 4 ),
 ( 4, 4 ),
 ( -0.2849999999999999756, 0.000000000000000000 ),
 ( -1.957991609067750050, -1.639188761265319982 ),
 .UNSPECIFIED. ) ;
#1966 = FACE_OUTER_BOUND ( 'NONE', #2073, .T. ) ;
#1967 = CARTESIAN_POINT ( 'NONE',  ( 84.12684639177351187, -31.21441038803859769, -25.55743135558829948 ) ) ;
#1968 = DIRECTION ( 'NONE',  ( -0.7071067811865474617, -0.7071067811865474617, 0.000000000000000000 ) ) ;
#1969 = CARTESIAN_POINT ( 'NONE',  ( 91.31999999999999318, 2.225000000000000089, 0.000000000000000000 ) ) ;
#1970 = B_SPLINE_CURVE_WITH_KNOTS ( 'NONE', 3,
 ( #3928, #224, #1583, #3858, #1828 ),
 .UNSPECIFIED., .F., .F.,
 ( 4, 1, 4 ),
 ( 0.000000000000000000, 0.5714285714285723961, 1.000000000000000000 ),
 .UNSPECIFIED. ) ;
#1971 = CARTESIAN_POINT ( 'NONE',  ( 91.32078122530380426, -2.502316892102869783, -10.42251317532199906 ) ) ;
#1972 = CARTESIAN_POINT ( 'NONE',  ( 89.86165282766370410, 2.037293644461720010, -3.000000000000000000 ) ) ;
#1973 = CARTESIAN_POINT ( 'NONE',  ( 81.20719939432061096, -35.43070273817630067, -22.05022698892449995 ) ) ;
#1974 = CARTESIAN_POINT ( 'NONE',  ( 90.50856341850651177, 2.228402360464549758, -2.000000000000000000 ) ) ;
#1975 = CARTESIAN_POINT ( 'NONE',  ( 92.11999999999999034, -1.425000000000000044, 122.3110000000000070 ) ) ;
#1976 = DIRECTION ( 'NONE',  ( 0.000000000000000000, 0.000000000000000000, 1.000000000000000000 ) ) ;
#1977 = ORIENTED_EDGE ( 'NONE', *, *, #4165, .F. ) ;
#1978 = AXIS2_PLACEMENT_3D ( 'NONE', #931, #2309, #2661 ) ;
#1979 = CARTESIAN_POINT ( 'NONE',  ( 87.53875391805250672, -21.76985539752680054, -19.92173561499690138 ) ) ;
#1980 = EDGE_LOOP ( 'NONE', ( #779, #2586, #3573, #4088 ) ) ;
#1981 = EDGE_CURVE ( 'NONE', #1037, #3938, #509, .T. ) ;
#1982 = B_SPLINE_CURVE_WITH_KNOTS ( 'NONE', 3,
 ( #845, #1445, #450, #2815 ),
 .UNSPECIFIED., .F., .F.,
 ( 4, 4 ),
 ( 0.1424675617029519947, 0.2849999999999999756 ),
 .UNSPECIFIED. ) ;
#1983 = CARTESIAN_POINT ( 'NONE',  ( 63.52651840223438739, -60.13638793094709456, -10.30027368622949879 ) ) ;
#1984 = CARTESIAN_POINT ( 'NONE',  ( 90.48999999999999488, -2.225000000000000089, 0.000000000000000000 ) ) ;
#1985 = CARTESIAN_POINT ( 'NONE',  ( 64.77674471797030264, -59.59654623071509860, -6.081693702972420290 ) ) ;
#1986 = CARTESIAN_POINT ( 'NONE',  ( 84.92575429948600174, -30.55489185643779848, -25.94479686840159971 ) ) ;
#1987 = CARTESIAN_POINT ( 'NONE',  ( 82.94287698037740597, -32.44579938368710259, -26.26212379135759889 ) ) ;
#1988 = ORIENTED_EDGE ( 'NONE', *, *, #391, .T. ) ;
#1989 = CARTESIAN_POINT ( 'NONE',  ( 84.26737417199639424, -30.73807332007280380, -25.46267017317870085 ) ) ;
#1990 = CARTESIAN_POINT ( 'NONE',  ( 82.34003275476399608, -35.33714802014520018, -22.52943946980770207 ) ) ;
#1991 = CARTESIAN_POINT ( 'NONE',  ( 84.37363994136771339, -32.69999464220899910, -22.07965487212230116 ) ) ;
#1992 = CARTESIAN_POINT ( 'NONE',  ( 81.73047143266960290, -35.15077342324300247, -22.29142869199300137 ) ) ;
#1993 = CARTESIAN_POINT ( 'NONE',  ( 89.83625391387079162, 2.024085106701240200, 0.000000000000000000 ) ) ;
#1994 = CARTESIAN_POINT ( 'NONE',  ( 85.99335526555539388, -33.02781872135890495, -22.56982981939290056 ) ) ;
#1995 = CARTESIAN_POINT ( 'NONE',  ( 64.71343592462281435, -61.31297635207550201, -10.40901475419620148 ) ) ;
#1996 = CARTESIAN_POINT ( 'NONE',  ( 66.02805511318598519, -59.71266003845330061, -6.469872094394570006 ) ) ;
#1997 = DIRECTION ( 'NONE',  ( -0.000000000000000000, 1.000000000000000000, 0.000000000000000000 ) ) ;
#1998 = VERTEX_POINT ( 'NONE', #215 ) ;
#1999 = EDGE_CURVE ( 'NONE', #834, #724, #3126, .T. ) ;
#2000 = CARTESIAN_POINT ( 'NONE',  ( 92.09531219077381081, -2.901896853677259802, -9.701099536806470525 ) ) ;
#2001 = EDGE_LOOP ( 'NONE', ( #3759, #4237, #2473, #3451 ) ) ;
#2002 = MECHANICAL_DESIGN_GEOMETRIC_PRESENTATION_REPRESENTATION (  '', ( #1206 ), #3560 ) ;
#2003 = B_SPLINE_CURVE_WITH_KNOTS ( 'NONE', 3,
 ( #377, #3435, #1419, #1438 ),
 .UNSPECIFIED., .F., .F.,
 ( 4, 4 ),
 ( 0.000000000000000000, 0.2999999999999999889 ),
 .UNSPECIFIED. ) ;
#2004 = EDGE_CURVE ( 'NONE', #2010, #4191, #3542, .T. ) ;
#2005 = CARTESIAN_POINT ( 'NONE',  ( 91.18382686246741287, -4.526980133320670063, -6.462149270052520045 ) ) ;
#2006 = CARTESIAN_POINT ( 'NONE',  ( 91.30143658149360419, -2.228402360464549758, -2.000000000000000000 ) ) ;
#2007 = CARTESIAN_POINT ( 'NONE',  ( 91.37299265307309781, -14.25530943198539902, -11.59997513967890015 ) ) ;
#2008 = CARTESIAN_POINT ( 'NONE',  ( 85.15003419276379759, -30.63850667647010084, -25.94497850085999957 ) ) ;
#2009 = CARTESIAN_POINT ( 'NONE',  ( 61.45409440130899981, -64.59265945696850508, -2.000000000000000000 ) ) ;
#2010 = VERTEX_POINT ( 'NONE', #2187 ) ;
#2011 = ADVANCED_FACE ( 'NONE', ( #1144 ), #3279, .T. ) ;
#2012 = CARTESIAN_POINT ( 'NONE',  ( 84.23725423567809401, -30.81684179829919756, -25.30419116525940026 ) ) ;
#2013 = CARTESIAN_POINT ( 'NONE',  ( 82.13559030011320772, -34.72379246078140369, -22.50179959535989838 ) ) ;
#2014 = DIRECTION ( 'NONE',  ( 0.7071067811865580088, -0.7071067811865370256, 0.000000000000000000 ) ) ;
#2015 = CARTESIAN_POINT ( 'NONE',  ( 76.54310068574879722, -46.19563913090869534, -20.66923592240269869 ) ) ;
#2016 = CARTESIAN_POINT ( 'NONE',  ( 89.63865061992549954, -3.226006822713280542, -8.884296834626479011 ) ) ;
#2017 = CARTESIAN_POINT ( 'NONE',  ( 86.02332444809420053, -32.96958537183100191, -22.54094367412499977 ) ) ;
#2018 = CARTESIAN_POINT ( 'NONE',  ( 63.49492302682958922, -62.25877399062980544, -9.616894077948719755 ) ) ;
#2019 = CARTESIAN_POINT ( 'NONE',  ( 92.05120493314019825, -3.268269293167959777, -6.694951903009219940 ) ) ;
#2020 = CARTESIAN_POINT ( 'NONE',  ( 79.81430239138509819, -35.22745922325369605, -22.75025636256970074 ) ) ;
#2021 = VERTEX_POINT ( 'NONE', #3607 ) ;
#2022 = FACE_OUTER_BOUND ( 'NONE', #3008, .T. ) ;
#2023 = CARTESIAN_POINT ( 'NONE',  ( 63.49492302682958922, -62.25877399062980544, -9.616894077948719755 ) ) ;
#2024 = VERTEX_POINT ( 'NONE', #1215 ) ;
#2025 = UNCERTAINTY_MEASURE_WITH_UNIT (LENGTH_MEASURE( 1.000000000000000082E-05 ), #3370, 'distance_accuracy_value', 'NONE');
#2026 = CARTESIAN_POINT ( 'NONE',  ( 80.21927971966130144, -34.88456478444449971, -22.25299484224169788 ) ) ;
#2027 = CARTESIAN_POINT ( 'NONE',  ( 84.93564856873369706, -30.57494654388809963, -25.91702039979540118 ) ) ;
#2028 = CARTESIAN_POINT ( 'NONE',  ( 83.38603490356680936, -34.20029218196690124, -27.02462268660589828 ) ) ;
#2029 = CARTESIAN_POINT ( 'NONE',  ( 92.00759984603590169, -4.198591289063940302, -7.164686698600159609 ) ) ;
#2030 = DIRECTION ( 'NONE',  ( 0.000000000000000000, 0.000000000000000000, 1.000000000000000000 ) ) ;
#2031 = EDGE_LOOP ( 'NONE', ( #4292, #1561, #543, #1931 ) ) ;
#2032 = CARTESIAN_POINT ( 'NONE',  ( 89.71311119860079941, -1.416164903641569994, -9.016542754561859496 ) ) ;
#2033 = CARTESIAN_POINT ( 'NONE',  ( 83.94054210157810303, -33.21447580680010248, -22.39422022046849747 ) ) ;
#2034 = DIRECTION ( 'NONE',  ( 0.000000000000000000, 0.000000000000000000, 1.000000000000000000 ) ) ;
#2035 = CARTESIAN_POINT ( 'NONE',  ( 84.08735866829688632, -31.20620913599699975, -24.44796332330120237 ) ) ;
#2036 = EDGE_CURVE ( 'NONE', #4012, #1645, #2918, .T. ) ;
#2037 = CARTESIAN_POINT ( 'NONE',  ( 84.10650718740870957, -31.15149738764640119, -24.41275271130629676 ) ) ;
#2038 = CARTESIAN_POINT ( 'NONE',  ( 85.73574279119000607, -33.13887123031099691, -22.20464615126419972 ) ) ;
#2039 = CARTESIAN_POINT ( 'NONE',  ( 61.47148157549340652, -64.60185148347349582, -4.330723819790800455 ) ) ;
#2040 = LINE ( 'NONE', #3706, #385 ) ;
#2041 = PLANE ( 'NONE',  #1862 ) ;
#2042 = EDGE_CURVE ( 'NONE', #2350, #1768, #2539, .T. ) ;
#2043 = ORIENTED_EDGE ( 'NONE', *, *, #2467, .T. ) ;
#2044 = CARTESIAN_POINT ( 'NONE',  ( 90.43424970649959960, -2.573938897843059959, -4.981120924338259925 ) ) ;
#2045 = B_SPLINE_SURFACE_WITH_KNOTS ( 'NONE', 3, 3, ( 
 ( #2580, #1475, #852, #1160 ),
 ( #2889, #2229, #3578, #807 ),
 ( #1523, #1136, #3937, #142 ),
 ( #2250, #2841, #1835, #4195 ),
 ( #3890, #525, #1881, #2939 ) ),
 .UNSPECIFIED., .F., .F., .F.,
 ( 4, 1, 4 ),
 ( 4, 4 ),
 ( -1.570796326794869913, -0.8975979010256430746, 0.000000000000000000 ),
 ( 0.000000000000000000, 0.2999999999999999889 ),
 .UNSPECIFIED. ) ;
#2046 = CARTESIAN_POINT ( 'NONE',  ( 81.40336505974229908, -33.41828617052879480, -22.69460698982890179 ) ) ;
#2047 = VERTEX_POINT ( 'NONE', #531 ) ;
#2048 = CARTESIAN_POINT ( 'NONE',  ( 85.92828215377861056, -30.92870705364465067, -25.94551205658265047 ) ) ;
#2049 = CARTESIAN_POINT ( 'NONE',  ( 79.92402632211540947, -35.02511706659750246, -23.85359595019210133 ) ) ;
#2050 = ADVANCED_BREP_SHAPE_REPRESENTATION ( 'PEM-Referenzstator-205-130-160-6-48_Draht-5-6-nicht separiert_20211018_A', ( #541, #713 ), #2071 ) ;
#2051 = CARTESIAN_POINT ( 'NONE',  ( 92.14167517266129437, -1.499200021041079856, -8.989776418366240307 ) ) ;
#2052 = CARTESIAN_POINT ( 'NONE',  ( 61.89047628382859756, -64.73979991086619634, -2.000000000000000000 ) ) ;
#2053 = ORIENTED_EDGE ( 'NONE', *, *, #4364, .F. ) ;
#2054 = CARTESIAN_POINT ( 'NONE',  ( 76.54310068574879722, -46.19563913090869534, -20.66923592240269869 ) ) ;
#2055 = DIRECTION ( 'NONE',  ( 0.1677807862734569944, 0.4387737434344170517, -0.8827951120333691337 ) ) ;
#2056 = CARTESIAN_POINT ( 'NONE',  ( 80.81398246146099495, -34.72940607157879356, -22.25108884293339884 ) ) ;
#2057 = CARTESIAN_POINT ( 'NONE',  ( 84.41680069121659358, -34.43837755630469388, -26.24306755272290204 ) ) ;
#2058 = CARTESIAN_POINT ( 'NONE',  ( 91.28309435352070977, -2.231586641341039901, -3.589597231337199545 ) ) ;
#2059 = ADVANCED_FACE ( 'NONE', ( #790 ), #2850, .T. ) ;
#2060 = CARTESIAN_POINT ( 'NONE',  ( 85.17944886233709667, -32.94406406569230228, -22.04947597843530005 ) ) ;
#2061 = CARTESIAN_POINT ( 'NONE',  ( 63.06583964635960626, -60.25358829630989987, -5.346155285660490364 ) ) ;
#2062 = CARTESIAN_POINT ( 'NONE',  ( 63.22266190398510588, -60.36022207259019723, 0.000000000000000000 ) ) ;
#2063 = EDGE_LOOP ( 'NONE', ( #203, #461, #3202, #2342 ) ) ;
#2064 = CARTESIAN_POINT ( 'NONE',  ( 90.39677303838500677, -3.709151688249209933, -6.068745009202670460 ) ) ;
#2065 = CARTESIAN_POINT ( 'NONE',  ( 82.90729761920650276, -34.62702633363700500, -22.57106008391890128 ) ) ;
#2066 = CARTESIAN_POINT ( 'NONE',  ( 91.53148008687600168, -2.233010071142289554, -3.000000000000000000 ) ) ;
#2067 = EDGE_LOOP ( 'NONE', ( #3893, #112, #3603, #1988 ) ) ;
#2068 = CARTESIAN_POINT ( 'NONE',  ( 60.94364128391529789, -62.80001833463999361, -7.365369394999880193 ) ) ;
#2069 = CARTESIAN_POINT ( 'NONE',  ( 86.03351518064640402, -32.92279408372370142, -22.78113516328539845 ) ) ;
#2070 = CARTESIAN_POINT ( 'NONE',  ( 90.70752914046690307, -14.25149896048259990, -11.42878771054770226 ) ) ;
#2071 =( GEOMETRIC_REPRESENTATION_CONTEXT ( 3 ) GLOBAL_UNCERTAINTY_ASSIGNED_CONTEXT ( ( #411 ) ) GLOBAL_UNIT_ASSIGNED_CONTEXT ( ( #255, #2601, #3936 ) ) REPRESENTATION_CONTEXT ( 'NONE', 'WORKASPACE' ) );
#2072 = CARTESIAN_POINT ( 'NONE',  ( 64.41181569074259983, -62.37450789534869955, -3.000000000000000000 ) ) ;
#2073 = EDGE_LOOP ( 'NONE', ( #2327, #4177, #3274, #2153 ) ) ;
#2074 = CARTESIAN_POINT ( 'NONE',  ( 65.37157180922329758, -61.41067514096609870, -9.693731634542860576 ) ) ;
#2075 = CARTESIAN_POINT ( 'NONE',  ( 81.46256042720409596, -37.48376150225709580, -25.24419811672559888 ) ) ;
#2076 = VECTOR ( 'NONE', #992, 1000.000000000000114 ) ;
#2077 = CARTESIAN_POINT ( 'NONE',  ( 92.09531219077391029, -2.901896853677259802, -9.701099536806470525 ) ) ;
#2078 = PLANE ( 'NONE',  #3140 ) ;
#2079 = EDGE_CURVE ( 'NONE', #2693, #2138, #3333, .T. ) ;
#2080 = CARTESIAN_POINT ( 'NONE',  ( 87.53875391805250672, -21.76985539752690002, -19.92173561499690138 ) ) ;
#2081 = B_SPLINE_SURFACE_WITH_KNOTS ( 'NONE', 3, 3, ( 
 ( #4038, #935, #2312, #360 ),
 ( #3704, #611, #694, #3395 ),
 ( #3372, #3087, #1695, #1973 ),
 ( #3327, #653, #4061, #273 ) ),
 .UNSPECIFIED., .F., .F., .F.,
 ( 4, 4 ),
 ( 4, 4 ),
 ( -0.08300000000000000433, 0.000000000000000000 ),
 ( 1.249588320032499977, 1.572902615616140087 ),
 .UNSPECIFIED. ) ;
#2082 = VECTOR ( 'NONE', #2973, 1000.000000000000114 ) ;
#2083 = CARTESIAN_POINT ( 'NONE',  ( 83.59800002545370035, -33.88528848282809491, -26.99736584715479992 ) ) ;
#2084 = CARTESIAN_POINT ( 'NONE',  ( 61.26726705590840538, -64.41389223218850191, 0.000000000000000000 ) ) ;
#2085 = CARTESIAN_POINT ( 'NONE',  ( 84.19698728953881073, -32.56124623033939258, -22.07676335972499970 ) ) ;
#2086 = ORIENTED_EDGE ( 'NONE', *, *, #391, .F. ) ;
#2087 = CARTESIAN_POINT ( 'NONE',  ( 82.75154981508840990, -34.33533123952040000, -27.01238689842579888 ) ) ;
#2088 = CARTESIAN_POINT ( 'NONE',  ( 83.06689639911469669, -35.00941281132789840, -22.73140891465470048 ) ) ;
#2089 = ORIENTED_EDGE ( 'NONE', *, *, #2596, .T. ) ;
#2090 = ORIENTED_EDGE ( 'NONE', *, *, #3988, .F. ) ;
#2091 = EDGE_CURVE ( 'NONE', #4269, #3743, #1841, .T. ) ;
#2092 = DIRECTION ( 'NONE',  ( 0.000000000000000000, 0.000000000000000000, 1.000000000000000000 ) ) ;
#2093 = CARTESIAN_POINT ( 'NONE',  ( 79.82319440066889626, -34.97374952005069559, -25.86419921749710227 ) ) ;
#2094 = ORIENTED_EDGE ( 'NONE', *, *, #2615, .F. ) ;
#2095 = B_SPLINE_CURVE_WITH_KNOTS ( 'NONE', 3,
 ( #3635, #3902, #3302, #1492 ),
 .UNSPECIFIED., .F., .F.,
 ( 4, 4 ),
 ( 0.000000000000000000, 0.2999999999999999889 ),
 .UNSPECIFIED. ) ;
#2096 = EDGE_CURVE ( 'NONE', #3081, #879, #2912, .T. ) ;
#2097 = ORIENTED_EDGE ( 'NONE', *, *, #4048, .F. ) ;
#2098 = CARTESIAN_POINT ( 'NONE',  ( 83.75907899479879859, -32.06734696708730326, -22.78822509596429668 ) ) ;
#2099 = CARTESIAN_POINT ( 'NONE',  ( 83.75907899479879859, -32.06734696708730326, -22.78822509596429668 ) ) ;
#2100 = CARTESIAN_POINT ( 'NONE',  ( 61.27531475664790150, -64.41940978458940492, -1.000000000000000000 ) ) ;
#2101 = CARTESIAN_POINT ( 'NONE',  ( 72.83441193659741941, -53.16959687161550363, -11.97680535281090108 ) ) ;
#2102 = CARTESIAN_POINT ( 'NONE',  ( 89.69000000000001194, 1.425000000000000044, 0.000000000000000000 ) ) ;
#2103 = CARTESIAN_POINT ( 'NONE',  ( 82.40890761439671053, -34.52111135114909501, -27.00388514336640000 ) ) ;
#2104 = CARTESIAN_POINT ( 'NONE',  ( 64.73892390326530233, -58.66129675113129593, -6.668521308640779743 ) ) ;
#2105 = LINE ( 'NONE', #1340, #1959 ) ;
#2106 = VERTEX_POINT ( 'NONE', #3511 ) ;
#2107 = CARTESIAN_POINT ( 'NONE',  ( 82.11978192645560171, -36.07163617910860154, -22.86697838660119686 ) ) ;
#2108 = CARTESIAN_POINT ( 'NONE',  ( 83.85934187705609588, -34.77819419077430041, -25.31305001177300085 ) ) ;
#2109 = CARTESIAN_POINT ( 'NONE',  ( 91.97374427193759061, -2.024083594697219990, 0.000000000000000000 ) ) ;
#2110 = B_SPLINE_CURVE_WITH_KNOTS ( 'NONE', 3,
 ( #1220, #1846, #3234, #3589, #1512 ),
 .UNSPECIFIED., .F., .F.,
 ( 4, 1, 4 ),
 ( 0.000000000000000000, 0.1172198319751709961, 0.2735129412753989908 ),
 .UNSPECIFIED. ) ;
#2111 = CARTESIAN_POINT ( 'NONE',  ( 63.57777287799849830, -59.77169134862030120, -9.724022272780660003 ) ) ;
#2112 = CARTESIAN_POINT ( 'NONE',  ( 80.15948676120110861, -34.52093393840080182, -24.04279481042009792 ) ) ;
#2113 = EDGE_CURVE ( 'NONE', #4191, #435, #2699, .T. ) ;
#2114 = ORIENTED_EDGE ( 'NONE', *, *, #3907, .T. ) ;
#2115 = B_SPLINE_SURFACE_WITH_KNOTS ( 'NONE', 3, 3, ( 
 ( #561, #2858, #2265, #4210 ),
 ( #3880, #2616, #223, #1196 ),
 ( #909, #1151, #3543, #2880 ),
 ( #179, #3927, #2549, #3259 ) ),
 .UNSPECIFIED., .F., .F., .F.,
 ( 4, 4 ),
 ( 4, 4 ),
 ( -0.2849999999999999756, 0.000000000000000000 ),
 ( 1.249588320032499977, 1.572902615616140087 ),
 .UNSPECIFIED. ) ;
#2116 = VERTEX_POINT ( 'NONE', #3965 ) ;
#2117 = CARTESIAN_POINT ( 'NONE',  ( 89.86500256660445984, -2.065891601447454207, -3.000005279847257178 ) ) ;
#2118 = VECTOR ( 'NONE', #2436, 1000.000000000000227 ) ;
#2119 = CARTESIAN_POINT ( 'NONE',  ( 83.39666191389980554, -32.54406597499789910, -22.87047377104750367 ) ) ;
#2120 = ADVANCED_FACE ( 'NONE', ( #4006 ), #3359, .T. ) ;
#2121 = CARTESIAN_POINT ( 'NONE',  ( 64.12876913127058742, -62.66905394914809335, -5.938606129330279870 ) ) ;
#2122 = CARTESIAN_POINT ( 'NONE',  ( 89.88227020494640840, -14.12732109538019998, -11.43647057780269805 ) ) ;
#2123 = CARTESIAN_POINT ( 'NONE',  ( 82.98632708174589823, -34.89142679433270189, -26.88633233888480234 ) ) ;
#2124 = CARTESIAN_POINT ( 'NONE',  ( 83.27366605612600381, -33.12363087307859644, -26.93748962607499919 ) ) ;
#2125 = CARTESIAN_POINT ( 'NONE',  ( 63.80274413716880133, -60.66397235271089983, -3.000000000000000000 ) ) ;
#2126 = CARTESIAN_POINT ( 'NONE',  ( 82.49319738569211324, -33.08133062583849693, -22.65246333032530401 ) ) ;
#2127 = CARTESIAN_POINT ( 'NONE',  ( 83.46762976596119188, -34.28903797789940455, -22.56763787123239595 ) ) ;
#2128 = ORIENTED_EDGE ( 'NONE', *, *, #1592, .T. ) ;
#2129 = CARTESIAN_POINT ( 'NONE',  ( 82.83778922915969645, -34.46161979142139842, -22.56501531904100233 ) ) ;
#2130 = CARTESIAN_POINT ( 'NONE',  ( 63.92404669785010896, -60.59171594433880870, -10.42234462248899973 ) ) ;
#2131 = ORIENTED_EDGE ( 'NONE', *, *, #3883, .T. ) ;
#2132 = B_SPLINE_CURVE_WITH_KNOTS ( 'NONE', 3,
 ( #2084, #64, #4143, #2460, #1152, #890 ),
 .UNSPECIFIED., .F., .F.,
 ( 4, 2, 4 ),
 ( 0.000000000000000000, 0.5000000000000000000, 1.000000000000000000 ),
 .UNSPECIFIED. ) ;
#2133 = B_SPLINE_SURFACE_WITH_KNOTS ( 'NONE', 3, 3, ( 
 ( #4405, #1352, #1014, #664 ),
 ( #4241, #2938, #165, #1590 ),
 ( #2249, #1230, #3577, #2227 ),
 ( #850, #3978, #524, #4287 ) ),
 .UNSPECIFIED., .F., .F., .F.,
 ( 4, 4 ),
 ( 4, 4 ),
 ( -0.08300000000000200273, 0.000000000000000000 ),
 ( 0.000000000000000000, 0.2999999999999999889 ),
 .UNSPECIFIED. ) ;
#2134 = LINE ( 'NONE', #726, #1637 ) ;
#2135 = CARTESIAN_POINT ( 'NONE',  ( 71.47629473654629351, -51.83667148098650301, -11.50190606043240216 ) ) ;
#2136 = VERTEX_POINT ( 'NONE', #3030 ) ;
#2137 = EDGE_CURVE ( 'NONE', #2531, #484, #1301, .T. ) ;
#2138 = VERTEX_POINT ( 'NONE', #1660 ) ;
#2139 = CARTESIAN_POINT ( 'NONE',  ( 90.47145822185319730, -2.221481615920239960, -2.000000000000000000 ) ) ;
#2140 = CARTESIAN_POINT ( 'NONE',  ( 90.98741460880899012, -2.586651254871199956, -4.974884629867410091 ) ) ;
#2141 = CARTESIAN_POINT ( 'NONE',  ( 61.07883849774010088, -64.22462029124069716, -1.000000000000000000 ) ) ;
#2142 = DIRECTION ( 'NONE',  ( 0.000000000000000000, -1.000000000000000000, 0.000000000000000000 ) ) ;
#2143 = AXIS2_PLACEMENT_3D ( 'NONE', #2399, #1357, #3787 ) ;
#2144 = ADVANCED_FACE ( 'NONE', ( #1939 ), #1241, .T. ) ;
#2145 = CARTESIAN_POINT ( 'NONE',  ( 82.75154981508840990, -34.33533123952029342, -27.01238689842579888 ) ) ;
#2146 = EDGE_CURVE ( 'NONE', #3433, #1435, #4117, .T. ) ;
#2147 = CARTESIAN_POINT ( 'NONE',  ( 92.00759984603590169, -4.198591289063940302, -7.164686698600159609 ) ) ;
#2148 = CARTESIAN_POINT ( 'NONE',  ( 63.84820680723930764, -61.83295248085759965, 121.3619999999999948 ) ) ;
#2149 = CARTESIAN_POINT ( 'NONE',  ( 63.19432305005619099, -60.35167284315590308, -3.000000000000000000 ) ) ;
#2150 = CARTESIAN_POINT ( 'NONE',  ( 82.19580266457390394, -32.94385253496290034, -23.07043954018990206 ) ) ;
#2151 = CARTESIAN_POINT ( 'NONE',  ( 89.83921964789790593, -2.430218277870669574, -5.070884600038169765 ) ) ;
#2152 = ADVANCED_FACE ( 'NONE', ( #1684 ), #1601, .T. ) ;
#2153 = ORIENTED_EDGE ( 'NONE', *, *, #2771, .F. ) ;
#2154 = CARTESIAN_POINT ( 'NONE',  ( 83.32774810546020205, -34.51165839050329964, -22.58435292457129862 ) ) ;
#2155 = CARTESIAN_POINT ( 'NONE',  ( 85.89712947495679884, -31.03964123981399936, -26.00567145642240163 ) ) ;
#2156 = CARTESIAN_POINT ( 'NONE',  ( 91.55935944027351070, -2.225000000000000089, 0.000000000000000000 ) ) ;
#2157 = VERTEX_POINT ( 'NONE', #1598 ) ;
#2158 = CARTESIAN_POINT ( 'NONE',  ( 64.41389223218850191, -62.39863790580689340, 0.000000000000000000 ) ) ;
#2159 = CARTESIAN_POINT ( 'NONE',  ( 81.56337993021230659, -37.21461082404520226, -25.42107022366599978 ) ) ;
#2160 = CARTESIAN_POINT ( 'NONE',  ( 90.51786063162879259, 2.230016392194730468, -3.000000000000000000 ) ) ;
#2161 = ORIENTED_EDGE ( 'NONE', *, *, #3398, .F. ) ;
#2162 = ORIENTED_EDGE ( 'NONE', *, *, #2220, .T. ) ;
#2163 = DIRECTION ( 'NONE',  ( 0.000000000000000000, 0.000000000000000000, 1.000000000000000000 ) ) ;
#2164 = CARTESIAN_POINT ( 'NONE',  ( 85.92828215377861056, -30.92870705364465067, -25.94551205658265047 ) ) ;
#2165 = CARTESIAN_POINT ( 'NONE',  ( 86.03351518064640402, -32.92279408372370142, -22.78113516328539845 ) ) ;
#2166 = CARTESIAN_POINT ( 'NONE',  ( 81.46256042720419543, -37.48376150225709580, -25.24419811672559888 ) ) ;
#2167 = CARTESIAN_POINT ( 'NONE',  ( 64.41389223218860138, -61.26726705590840538, 0.000000000000000000 ) ) ;
#2168 = CARTESIAN_POINT ( 'NONE',  ( 90.35470668890360457, -4.490049741212129852, -6.471941303973379966 ) ) ;
#2169 = CARTESIAN_POINT ( 'NONE',  ( 60.53227232958495563, -63.67889750586512321, 0.000000000000000000 ) ) ;
#2170 = CARTESIAN_POINT ( 'NONE',  ( 83.77443248375479357, -33.16714866816069929, -26.92409388396420056 ) ) ;
#2171 = CARTESIAN_POINT ( 'NONE',  ( 89.69000000000001194, -1.425000000000000044, 0.000000000000000000 ) ) ;
#2172 = CARTESIAN_POINT ( 'NONE',  ( 60.68170078531539957, -62.71171401569450410, -2.000000000000000000 ) ) ;
#2173 = CARTESIAN_POINT ( 'NONE',  ( 89.76076532768630045, -4.396847447074049064, -6.609178294089370631 ) ) ;
#2174 = B_SPLINE_SURFACE_WITH_KNOTS ( 'NONE', 3, 3, ( 
 ( #947, #1307, #4030, #969 ),
 ( #3362, #309, #1663, #2698 ),
 ( #3033, #4052, #217, #1577 ),
 ( #2611, #1687, #3385, #2721 ) ),
 .UNSPECIFIED., .F., .F., .F.,
 ( 4, 4 ),
 ( 4, 4 ),
 ( 0.000000000000000000, 0.08300000000000230804 ),
 ( 0.000000000000000000, 0.08146959963896649448 ),
 .UNSPECIFIED. ) ;
#2175 = VERTEX_POINT ( 'NONE', #1726 ) ;
#2176 = CARTESIAN_POINT ( 'NONE',  ( 91.31999999999999318, -2.225000000000000089, 0.000000000000000000 ) ) ;
#2177 = CARTESIAN_POINT ( 'NONE',  ( 70.42929591953348734, -53.71847757862389727, -15.40919129574780122 ) ) ;
#2178 = ADVANCED_FACE ( 'NONE', ( #1788 ), #3987, .T. ) ;
#2179 = CARTESIAN_POINT ( 'NONE',  ( 86.05359602900500704, -32.88164015852849786, -22.76088569772939962 ) ) ;
#2180 = FACE_OUTER_BOUND ( 'NONE', #1277, .T. ) ;
#2181 = ORIENTED_EDGE ( 'NONE', *, *, #2736, .T. ) ;
#2182 = B_SPLINE_CURVE_WITH_KNOTS ( 'NONE', 3,
 ( #3843, #1093, #2184, #3182, #3955 ),
 .UNSPECIFIED., .F., .F.,
 ( 4, 1, 4 ),
 ( 0.000000000000000000, 0.5714285714285718409, 1.000000000000000000 ),
 .UNSPECIFIED. ) ;
#2183 = CARTESIAN_POINT ( 'NONE',  ( 81.66812253825848700, -36.93309145950889416, -25.57943010403790041 ) ) ;
#2184 = CARTESIAN_POINT ( 'NONE',  ( 81.47097869632479217, -36.76494384907899615, -26.31730735425020029 ) ) ;
#2185 = VERTEX_POINT ( 'NONE', #2802 ) ;
#2186 = EDGE_LOOP ( 'NONE', ( #169, #2648, #1589, #483 ) ) ;
#2187 = CARTESIAN_POINT ( 'NONE',  ( 92.10208243032180064, -1.440084599950590238, -3.000000000000000000 ) ) ;
#2188 = CARTESIAN_POINT ( 'NONE',  ( 85.66887844653319917, -30.83194092095947880, -25.94539946698088428 ) ) ;
#2189 = CARTESIAN_POINT ( 'NONE',  ( 85.89712947495679884, -31.03964123981399936, -26.00567145642249756 ) ) ;
#2190 = CARTESIAN_POINT ( 'NONE',  ( 90.31048041979489938, -2.225000000000000089, 0.000000000000000000 ) ) ;
#2191 = EDGE_CURVE ( 'NONE', #2185, #504, #3326, .T. ) ;
#2192 = CARTESIAN_POINT ( 'NONE',  ( 82.62354346769329538, -33.95178708540289847, -22.54638353583780130 ) ) ;
#2193 = CARTESIAN_POINT ( 'NONE',  ( 81.77543961366430381, -36.64162544343780326, -25.71748153988940189 ) ) ;
#2194 = CARTESIAN_POINT ( 'NONE',  ( 76.89756976287509360, -43.89662002664630336, -16.77933891162010127 ) ) ;
#2195 = CARTESIAN_POINT ( 'NONE',  ( 83.14067575714798863, -32.44328556613590564, -25.09833546068740162 ) ) ;
#2196 = CARTESIAN_POINT ( 'NONE',  ( 61.34986407474659131, -62.02902305959990059, -1.000000000000000000 ) ) ;
#2197 = B_SPLINE_CURVE_WITH_KNOTS ( 'NONE', 3,
 ( #1737, #3703, #40, #1403, #734, #2102 ),
 .UNSPECIFIED., .F., .F.,
 ( 4, 2, 4 ),
 ( 0.000000000000000000, 0.5000000000000000000, 1.000000000000000000 ),
 .UNSPECIFIED. ) ;
#2198 = CARTESIAN_POINT ( 'NONE',  ( 85.99335526555529441, -33.02781872135890495, -22.56982981939290056 ) ) ;
#2199 = VERTEX_POINT ( 'NONE', #1050 ) ;
#2200 = ADVANCED_FACE ( 'NONE', ( #2430 ), #3449, .T. ) ;
#2201 = CARTESIAN_POINT ( 'NONE',  ( 92.14167517266129437, -1.499200021041079856, -8.989776418366240307 ) ) ;
#2202 = CARTESIAN_POINT ( 'NONE',  ( 85.40927097240609100, -30.73515393431719644, -25.94518844305709848 ) ) ;
#2203 = CARTESIAN_POINT ( 'NONE',  ( 91.22868147853689891, -12.19807805466800055, -15.35196264119209886 ) ) ;
#2204 = CARTESIAN_POINT ( 'NONE',  ( 82.25838721142959287, -35.82249956599590490, -22.75414839755789842 ) ) ;
#2205 = VERTEX_POINT ( 'NONE', #3820 ) ;
#2206 = EDGE_CURVE ( 'NONE', #3443, #3670, #2134, .T. ) ;
#2207 = CARTESIAN_POINT ( 'NONE',  ( 62.64253189626599294, -60.77014927612719930, -8.998537003485308716 ) ) ;
#2208 = VERTEX_POINT ( 'NONE', #1032 ) ;
#2209 = ORIENTED_EDGE ( 'NONE', *, *, #3822, .T. ) ;
#2210 = CARTESIAN_POINT ( 'NONE',  ( 89.71375859696310329, 1.444940002985940053, -4.218725267127720890 ) ) ;
#2211 = CARTESIAN_POINT ( 'NONE',  ( 90.22489664188050540, -12.04708864714750050, -15.36131334864800024 ) ) ;
#2212 = CARTESIAN_POINT ( 'NONE',  ( 85.12026444028460048, -30.74745148392580063, -26.00809312067080015 ) ) ;
#2213 = B_SPLINE_SURFACE_WITH_KNOTS ( 'NONE', 3, 3, ( 
 ( #1621, #1916, #1964, #2008 ),
 ( #4343, #1286, #3986, #1986 ),
 ( #3339, #3278, #2676, #2347 ),
 ( #3630, #1330, #582, #3298 ),
 ( #1600, #2372, #4300, #926 ) ),
 .UNSPECIFIED., .F., .F., .F.,
 ( 4, 1, 4 ),
 ( 4, 4 ),
 ( 1.678026862431189977E-15, 0.8975979010256500690, 1.570796326794889897 ),
 ( 0.000000000000000000, 0.009536135058319140587 ),
 .UNSPECIFIED. ) ;
#2214 = CARTESIAN_POINT ( 'NONE',  ( 60.55840232649499910, -63.70864989701059500, -1.000000000000000000 ) ) ;
#2215 = CARTESIAN_POINT ( 'NONE',  ( 79.81676698959350347, -36.44108971741509606, -26.26224053958310023 ) ) ;
#2216 = CARTESIAN_POINT ( 'NONE',  ( 90.48999999999999488, -2.225000000000000089, 0.000000000000000000 ) ) ;
#2217 = CARTESIAN_POINT ( 'NONE',  ( 63.81086252217879462, -60.66938536448969899, -2.000000000000000000 ) ) ;
#2218 = CARTESIAN_POINT ( 'NONE',  ( 92.11999999999996191, -1.634439510239315663, 0.000000000000000000 ) ) ;
#2219 = CARTESIAN_POINT ( 'NONE',  ( 60.68036842752359661, -62.69562275390519801, 0.000000000000000000 ) ) ;
#2220 = EDGE_CURVE ( 'NONE', #2607, #2937, #297, .T. ) ;
#2221 = CARTESIAN_POINT ( 'NONE',  ( 90.39677303838500677, -3.709151688249209933, -6.068745009202670460 ) ) ;
#2222 = ORIENTED_EDGE ( 'NONE', *, *, #3205, .F. ) ;
#2223 = B_SPLINE_CURVE_WITH_KNOTS ( 'NONE', 3,
 ( #4366, #2434, #3784, #1987, #1309 ),
 .UNSPECIFIED., .F., .F.,
 ( 4, 1, 4 ),
 ( 0.000000000000000000, 0.5714285714285701756, 1.000000000000000000 ),
 .UNSPECIFIED. ) ;
#2224 = CARTESIAN_POINT ( 'NONE',  ( 81.84963112975840716, -36.59159034836309843, -24.71064188520679750 ) ) ;
#2225 = CARTESIAN_POINT ( 'NONE',  ( 75.82232444834970408, -45.77492448716050433, -20.67313594130380139 ) ) ;
#2226 = CARTESIAN_POINT ( 'NONE',  ( 92.09531219077381081, -2.901896853677239818, -9.701099536806470525 ) ) ;
#2227 = CARTESIAN_POINT ( 'NONE',  ( 91.07115068537119384, 2.223095828087900294, -3.000000000000000000 ) ) ;
#2228 = CIRCLE ( 'NONE', #1937, 0.8000000000000011546 ) ;
#2229 = CARTESIAN_POINT ( 'NONE',  ( 91.50879859011600104, 2.222522905597529963, -1.000000000000000000 ) ) ;
#2230 = ORIENTED_EDGE ( 'NONE', *, *, #1960, .T. ) ;
#2231 = CARTESIAN_POINT ( 'NONE',  ( 87.15290755830649516, -23.21033870807239907, -17.21230111394450191 ) ) ;
#2232 = ORIENTED_EDGE ( 'NONE', *, *, #1480, .T. ) ;
#2233 = ORIENTED_EDGE ( 'NONE', *, *, #1608, .F. ) ;
#2234 = CARTESIAN_POINT ( 'NONE',  ( 83.07680643812200572, -35.09514232618630558, -26.23979694136430041 ) ) ;
#2235 = CARTESIAN_POINT ( 'NONE',  ( 84.22426066122059751, -32.60645461358690511, -22.05931553986010130 ) ) ;
#2236 = CARTESIAN_POINT ( 'NONE',  ( 92.11999999999999034, 1.425000000000000044, 0.000000000000000000 ) ) ;
#2237 = EDGE_CURVE ( 'NONE', #4154, #4258, #762, .T. ) ;
#2238 = CARTESIAN_POINT ( 'NONE',  ( 82.37162651512790035, -35.57802909629479871, -25.18055946511400123 ) ) ;
#2239 = CARTESIAN_POINT ( 'NONE',  ( 79.81744592175590469, -37.16680441796089696, -25.94422416672539811 ) ) ;
#2240 = LINE ( 'NONE', #3879, #2899 ) ;
#2241 = DIRECTION ( 'NONE',  ( 0.7071067811865489050, 0.7071067811865460184, 0.000000000000000000 ) ) ;
#2242 = CARTESIAN_POINT ( 'NONE',  ( 82.85412209188100974, -32.72066837263459860, -23.24640522101159945 ) ) ;
#2243 = CARTESIAN_POINT ( 'NONE',  ( 89.78476935035330087, -22.82645063415739983, -19.07728099251690068 ) ) ;
#2244 = CARTESIAN_POINT ( 'NONE',  ( 90.26919950665099179, 2.230394008350339963, -2.000000000000000000 ) ) ;
#2245 = ORIENTED_EDGE ( 'NONE', *, *, #3315, .T. ) ;
#2246 = CARTESIAN_POINT ( 'NONE',  ( 81.65699052833939220, -35.65043541194209809, -22.07815564020170029 ) ) ;
#2247 = CARTESIAN_POINT ( 'NONE',  ( 83.07314603998290181, -33.36264247132780270, -22.49481110307720400 ) ) ;
#2248 = CARTESIAN_POINT ( 'NONE',  ( 64.15793139096500397, -59.10564289488230116, -8.041822654095160061 ) ) ;
#2249 = CARTESIAN_POINT ( 'NONE',  ( 91.04333333333340761, 2.225000000000000089, 0.000000000000000000 ) ) ;
#2250 = CARTESIAN_POINT ( 'NONE',  ( 92.11999999999999034, 1.664359440273510016, 0.000000000000000000 ) ) ;
#2251 = ORIENTED_EDGE ( 'NONE', *, *, #692, .T. ) ;
#2252 = B_SPLINE_SURFACE_WITH_KNOTS ( 'NONE', 3, 3, ( 
 ( #2288, #3303, #247, #420 ),
 ( #3747, #3437, #1773, #2419 ),
 ( #1796, #4119, #2729, #4159 ),
 ( #1402, #2101, #1100, #1755 ),
 ( #1421, #3770, #2751, #4139 ) ),
 .UNSPECIFIED., .F., .F., .F.,
 ( 4, 1, 4 ),
 ( 4, 4 ),
 ( -1.570796326794899889, -0.8975979010256550650, 0.000000000000000000 ),
 ( 1.249588320032499977, 1.572902615616140087 ),
 .UNSPECIFIED. ) ;
#2253 = CARTESIAN_POINT ( 'NONE',  ( 79.92901987322321133, -36.11494135231030356, -26.38669206521189992 ) ) ;
#2254 = EDGE_LOOP ( 'NONE', ( #579, #1596, #384, #1657 ) ) ;
#2255 = ORIENTED_EDGE ( 'NONE', *, *, #176, .F. ) ;
#2256 = EDGE_CURVE ( 'NONE', #1416, #3490, #3911, .T. ) ;
#2257 = CARTESIAN_POINT ( 'NONE',  ( 89.70791756967818742, 1.440084599950600230, -3.000000000000000000 ) ) ;
#2258 = CARTESIAN_POINT ( 'NONE',  ( 86.53251459079990582, -31.60414219334630559, -25.26315759028360119 ) ) ;
#2259 = B_SPLINE_CURVE_WITH_KNOTS ( 'NONE', 3,
 ( #3368, #1605, #2998, #2056, #4035 ),
 .UNSPECIFIED., .F., .F.,
 ( 4, 1, 4 ),
 ( 0.000000000000000000, 0.5714285714285723961, 1.000000000000000000 ),
 .UNSPECIFIED. ) ;
#2260 = CARTESIAN_POINT ( 'NONE',  ( 89.68415418690169361, -0.4597667894056909899, -3.000000000000000000 ) ) ;
#2261 = CARTESIAN_POINT ( 'NONE',  ( 83.09521709955299684, -35.12210280355839842, -25.29035806486639970 ) ) ;
#2262 = EDGE_CURVE ( 'NONE', #1214, #4258, #2854, .T. ) ;
#2263 = LINE ( 'NONE', #3612, #2760 ) ;
#2264 = CARTESIAN_POINT ( 'NONE',  ( 89.69000000000004036, -1.634439510239320104, 0.000000000000000000 ) ) ;
#2265 = CARTESIAN_POINT ( 'NONE',  ( 75.32090289256359483, -45.03174368479820089, -19.97688654089180105 ) ) ;
#2266 = CARTESIAN_POINT ( 'NONE',  ( 83.75907899479879859, -32.06734696708730326, -22.78822509596429668 ) ) ;
#2267 = CARTESIAN_POINT ( 'NONE',  ( 90.27851991312401481, 2.233010071142299768, -3.000000000000000000 ) ) ;
#2268 = CARTESIAN_POINT ( 'NONE',  ( 91.50011050903599141, -2.510304516787369877, -10.42039526951620054 ) ) ;
#2269 = CARTESIAN_POINT ( 'NONE',  ( 65.10614653204869740, -58.87031745690379836, -6.485439725099110042 ) ) ;
#2270 = CARTESIAN_POINT ( 'NONE',  ( 65.51503987690099962, -60.28504305947799935, -6.070035608306049824 ) ) ;
#2271 = CARTESIAN_POINT ( 'NONE',  ( 77.61834600027430042, -44.31733467039450147, -16.77543889271899857 ) ) ;
#2272 = ORIENTED_EDGE ( 'NONE', *, *, #1999, .F. ) ;
#2273 = CARTESIAN_POINT ( 'NONE',  ( 81.74221504134111171, -35.70453460513969901, -22.10399182389685535 ) ) ;
#2274 = CARTESIAN_POINT ( 'NONE',  ( 81.73076077131230477, -36.71749496723300155, -25.94005862328570089 ) ) ;
#2275 = ORIENTED_EDGE ( 'NONE', *, *, #233, .F. ) ;
#2276 = CARTESIAN_POINT ( 'NONE',  ( 86.54342346593189461, -31.57082795509255035, -25.24521948342029987 ) ) ;
#2277 = ORIENTED_EDGE ( 'NONE', *, *, #3692, .T. ) ;
#2278 = EDGE_CURVE ( 'NONE', #764, #1237, #3739, .T. ) ;
#2279 = VERTEX_POINT ( 'NONE', #2411 ) ;
#2280 = CARTESIAN_POINT ( 'NONE',  ( 70.00440513483080451, -52.92906618223779702, -14.71390396320430050 ) ) ;
#2281 = CARTESIAN_POINT ( 'NONE',  ( 80.10135335875060036, -34.72399651115549801, -22.97020388934459945 ) ) ;
#2282 = CARTESIAN_POINT ( 'NONE',  ( 79.46023209151529443, -35.91956342853669781, -25.51602596066329909 ) ) ;
#2283 = EDGE_CURVE ( 'NONE', #3895, #2937, #3116, .T. ) ;
#2284 = CARTESIAN_POINT ( 'NONE',  ( 82.73668681690439541, -32.68504710626130105, -26.72526875685949932 ) ) ;
#2285 = CARTESIAN_POINT ( 'NONE',  ( 79.56937224884489979, -35.62735817748149714, -25.62038007188720101 ) ) ;
#2286 = CARTESIAN_POINT ( 'NONE',  ( 80.32188092678120483, -37.39423155670800014, -25.94423081401620124 ) ) ;
#2287 = CARTESIAN_POINT ( 'NONE',  ( 81.78813286056849563, -33.90581767386400003, -22.54552231721019595 ) ) ;
#2288 = CARTESIAN_POINT ( 'NONE',  ( 65.89553575882139569, -59.59157786464049877, -6.472109856806320671 ) ) ;
#2289 = EDGE_CURVE ( 'NONE', #3314, #1615, #507, .T. ) ;
#2290 = CARTESIAN_POINT ( 'NONE',  ( 89.70191367953330541, 1.435093815793709870, -2.000000000000000000 ) ) ;
#2291 = CARTESIAN_POINT ( 'NONE',  ( 86.43327014904980388, -31.31472127099799962, -25.87476151331969731 ) ) ;
#2292 = CARTESIAN_POINT ( 'NONE',  ( 91.32078122530380426, -2.502316892102869783, -10.42251317532199906 ) ) ;
#2293 = CARTESIAN_POINT ( 'NONE',  ( 64.52575449315230571, -61.36851887917890025, -3.000000000000000000 ) ) ;
#2294 = CARTESIAN_POINT ( 'NONE',  ( 63.80274413716880133, -60.66397235271089983, -3.000000000000000000 ) ) ;
#2295 =( NAMED_UNIT ( * ) PLANE_ANGLE_UNIT ( ) SI_UNIT ( $, .RADIAN. ) );
#2296 = ADVANCED_FACE ( 'NONE', ( #4244 ), #2530, .T. ) ;
#2297 = EDGE_LOOP ( 'NONE', ( #3871, #3795, #35, #3121 ) ) ;
#2298 = CARTESIAN_POINT ( 'NONE',  ( 84.31910374624280280, -34.66726100325679738, -24.35810944848250159 ) ) ;
#2299 = EDGE_LOOP ( 'NONE', ( #437, #2689, #4367, #3098, #3548 ) ) ;
#2300 = B_SPLINE_CURVE_WITH_KNOTS ( 'NONE', 3,
 ( #3260, #2954, #3570, #1515 ),
 .UNSPECIFIED., .F., .F.,
 ( 4, 4 ),
 ( 0.000000000000000000, 0.2999999999999999889 ),
 .UNSPECIFIED. ) ;
#2301 = CIRCLE ( 'NONE', #367, 0.8000000000000011546 ) ;
#2302 = EDGE_LOOP ( 'NONE', ( #462, #3376, #4360, #1303 ) ) ;
#2303 = CARTESIAN_POINT ( 'NONE',  ( 90.51786063162879259, 2.230016392194730468, -3.000000000000000000 ) ) ;
#2304 = CARTESIAN_POINT ( 'NONE',  ( 91.30143658149360419, -2.228402360464549758, -2.000000000000000000 ) ) ;
#2305 = PLANE ( 'NONE',  #2573 ) ;
#2306 = CARTESIAN_POINT ( 'NONE',  ( 82.18097285747960257, -32.97398580475120156, -26.76158511909779847 ) ) ;
#2307 = CARTESIAN_POINT ( 'NONE',  ( 81.69351532821170281, -33.21597416389869295, -26.77736694110189930 ) ) ;
#2308 = CARTESIAN_POINT ( 'NONE',  ( 80.57409842929389754, -37.50794512608160147, -25.94423413766170228 ) ) ;
#2309 = DIRECTION ( 'NONE',  ( 0.000000000000000000, 0.000000000000000000, 1.000000000000000000 ) ) ;
#2310 = CARTESIAN_POINT ( 'NONE',  ( 84.26590880193349165, -30.72140258956200043, -25.24394315162149738 ) ) ;
#2311 = CARTESIAN_POINT ( 'NONE',  ( 89.69668790885499732, 1.609587775663499976, -1.000000000000000000 ) ) ;
#2312 = CARTESIAN_POINT ( 'NONE',  ( 76.89756976287509360, -43.89662002664630336, -16.77933891162020075 ) ) ;
#2313 = CARTESIAN_POINT ( 'NONE',  ( 63.66964388449598999, -62.42235334536670166, -9.613890224644380922 ) ) ;
#2314 = CARTESIAN_POINT ( 'NONE',  ( 61.46294396612601219, -64.59733793050837392, -3.000001043875452300 ) ) ;
#2315 = CARTESIAN_POINT ( 'NONE',  ( 63.74439658496559957, -63.06523760011220503, -1.000000000000000000 ) ) ;
#2316 = B_SPLINE_CURVE_WITH_KNOTS ( 'NONE', 3,
 ( #3413, #1099, #2750, #440 ),
 .UNSPECIFIED., .F., .F.,
 ( 4, 4 ),
 ( 0.000000000000000000, 0.08146959963896649448 ),
 .UNSPECIFIED. ) ;
#2317 = EDGE_LOOP ( 'NONE', ( #148, #90, #3535, #3962 ) ) ;
#2318 = EDGE_CURVE ( 'NONE', #1680, #575, #1080, .T. ) ;
#2319 = CARTESIAN_POINT ( 'NONE',  ( 60.90144942711920351, -64.05098585629380636, -4.331998843272829802 ) ) ;
#2320 = ORIENTED_EDGE ( 'NONE', *, *, #1488, .T. ) ;
#2321 = CARTESIAN_POINT ( 'NONE',  ( 75.66638510506469117, -45.68395143839089911, -20.67397771100490189 ) ) ;
#2322 = CARTESIAN_POINT ( 'NONE',  ( 86.06515656519830770, -31.10283856790709933, -26.00514767792940063 ) ) ;
#2323 = B_SPLINE_CURVE_WITH_KNOTS ( 'NONE', 3,
 ( #2171, #3521, #517, #180 ),
 .UNSPECIFIED., .F., .F.,
 ( 4, 4 ),
 ( 0.000000000000000000, 0.2999999999999999889 ),
 .UNSPECIFIED. ) ;
#2324 = FACE_OUTER_BOUND ( 'NONE', #3229, .T. ) ;
#2325 = CARTESIAN_POINT ( 'NONE',  ( 81.63862013963769471, -35.28733646325769513, -22.22058052383999893 ) ) ;
#2326 = CARTESIAN_POINT ( 'NONE',  ( 82.49293906001510379, -35.48114576456379865, -24.23563572444519920 ) ) ;
#2327 = ORIENTED_EDGE ( 'NONE', *, *, #1155, .T. ) ;
#2328 = FACE_OUTER_BOUND ( 'NONE', #258, .T. ) ;
#2329 = CARTESIAN_POINT ( 'NONE',  ( 82.43951477102228864, -35.54417556899379349, -22.92881312080940148 ) ) ;
#2330 = CARTESIAN_POINT ( 'NONE',  ( 83.88717373020620016, -34.69200047834340239, -26.25872227629569977 ) ) ;
#2331 = CARTESIAN_POINT ( 'NONE',  ( 83.27366605612600381, -33.12363087307859644, -26.93748962607499919 ) ) ;
#2332 = EDGE_CURVE ( 'NONE', #4154, #3785, #833, .T. ) ;
#2333 = FACE_OUTER_BOUND ( 'NONE', #3760, .T. ) ;
#2334 = B_SPLINE_CURVE_WITH_KNOTS ( 'NONE', 3,
 ( #2371, #16, #1686, #2051, #3338 ),
 .UNSPECIFIED., .F., .F.,
 ( 4, 1, 4 ),
 ( 0.000000000000000000, 0.2918641954812579709, 0.6810164561229340441 ),
 .UNSPECIFIED. ) ;
#2335 = CARTESIAN_POINT ( 'NONE',  ( 89.73090991750740386, 0.6867169100033769791, -7.059429155545470458 ) ) ;
#2336 = CARTESIAN_POINT ( 'NONE',  ( 64.53674345213678976, -61.15153345365860105, -10.41199843741179976 ) ) ;
#2337 = CARTESIAN_POINT ( 'NONE',  ( 65.38368549400099994, -60.16267661244850018, -6.072061531418649238 ) ) ;
#2338 = CARTESIAN_POINT ( 'NONE',  ( 91.31999999999999318, 2.225000000000000089, 0.000000000000000000 ) ) ;
#2339 = EDGE_CURVE ( 'NONE', #2175, #3490, #1888, .T. ) ;
#2340 = ORIENTED_EDGE ( 'NONE', *, *, #2146, .T. ) ;
#2341 = CARTESIAN_POINT ( 'NONE',  ( 83.13203842241499331, -35.17602375830260542, -23.39148031187069776 ) ) ;
#2342 = ORIENTED_EDGE ( 'NONE', *, *, #2972, .F. ) ;
#2343 = EDGE_CURVE ( 'NONE', #1936, #3443, #73, .T. ) ;
#2344 = CARTESIAN_POINT ( 'NONE',  ( 80.88448471955659613, -34.94115199177340259, -22.19892396458040196 ) ) ;
#2345 = CARTESIAN_POINT ( 'NONE',  ( 91.02477712828009260, -2.226095445616449897, -2.000000000000000000 ) ) ;
#2346 = CARTESIAN_POINT ( 'NONE',  ( 65.89553575882149516, -59.59157786464049877, -6.472109856806310013 ) ) ;
#2347 = CARTESIAN_POINT ( 'NONE',  ( 84.50373260697280386, -30.50117911481400057, -25.76853419159400005 ) ) ;
#2348 = B_SPLINE_SURFACE_WITH_KNOTS ( 'NONE', 3, 3, ( 
 ( #703, #1723, #388, #761 ),
 ( #2801, #3113, #4129, #3178 ),
 ( #2109, #2429, #1070, #2410 ),
 ( #2156, #409, #1765, #2066 ),
 ( #3486, #4149, #3136, #1812 ) ),
 .UNSPECIFIED., .F., .F., .F.,
 ( 4, 1, 4 ),
 ( 4, 4 ),
 ( -1.570796326794869913, -0.8975979010256430746, -7.703719777548940610E-30 ),
 ( 0.000000000000000000, 0.2999999999999999889 ),
 .UNSPECIFIED. ) ;
#2349 = CARTESIAN_POINT ( 'NONE',  ( 62.29750553871310359, -64.54422710941091168, -3.000000000000000000 ) ) ;
#2350 = VERTEX_POINT ( 'NONE', #503 ) ;
#2351 = CARTESIAN_POINT ( 'NONE',  ( 83.01234025697330310, -32.54199945446679720, -26.69028602777359893 ) ) ;
#2352 = CARTESIAN_POINT ( 'NONE',  ( 81.84896664213320605, -34.99154374329300055, -22.37843514107040122 ) ) ;
#2353 = CARTESIAN_POINT ( 'NONE',  ( 64.19903732271519914, -61.05014522703960012, -3.000000000000000000 ) ) ;
#2354 = CARTESIAN_POINT ( 'NONE',  ( 83.91847074175849741, -31.65051191082459425, -23.62688045239600143 ) ) ;
#2355 = CARTESIAN_POINT ( 'NONE',  ( 63.63131667277781389, -60.49692271820243406, -3.000001922440021840 ) ) ;
#2356 = ADVANCED_FACE ( 'NONE', ( #3227 ), #1525, .T. ) ;
#2357 = CARTESIAN_POINT ( 'NONE',  ( 89.67341300968239182, -2.712097435235290011, -9.889534716815148840 ) ) ;
#2358 = B_SPLINE_CURVE_WITH_KNOTS ( 'NONE', 3,
 ( #4404, #3055, #2697, #3763 ),
 .UNSPECIFIED., .F., .F.,
 ( 4, 4 ),
 ( -1.957991609067750050, -1.639188761265319982 ),
 .UNSPECIFIED. ) ;
#2359 = CARTESIAN_POINT ( 'NONE',  ( 78.11976755606040967, -45.06051547275680491, -17.47168829313109839 ) ) ;
#2360 = CARTESIAN_POINT ( 'NONE',  ( 63.64016625840310581, -60.50160120274359343, -2.000000000000000000 ) ) ;
#2361 = CARTESIAN_POINT ( 'NONE',  ( 64.41325207417520460, -62.39059020506739728, -1.000000000000000000 ) ) ;
#2362 = ORIENTED_EDGE ( 'NONE', *, *, #3519, .T. ) ;
#2363 = CARTESIAN_POINT ( 'NONE',  ( 86.06316316086991947, -32.86118210341404478, -22.75022711897364758 ) ) ;
#2364 = CARTESIAN_POINT ( 'NONE',  ( 89.67341300968239182, -2.712097435235270471, -9.889534716815148840 ) ) ;
#2365 = VERTEX_POINT ( 'NONE', #942 ) ;
#2366 = PRODUCT_DEFINITION_FORMATION_WITH_SPECIFIED_SOURCE ( 'ANY', '', #133, .NOT_KNOWN. ) ;
#2367 = VECTOR ( 'NONE', #2533, 1000.000000000000000 ) ;
#2368 = CARTESIAN_POINT ( 'NONE',  ( 80.14603220110259940, -34.64812698736020025, -22.74762680594830044 ) ) ;
#2369 = CARTESIAN_POINT ( 'NONE',  ( 79.56937224884480031, -35.62735817748149714, -25.62038007188720101 ) ) ;
#2370 = EDGE_CURVE ( 'NONE', #3174, #1768, #1614, .T. ) ;
#2371 = CARTESIAN_POINT ( 'NONE',  ( 92.13772750448649163, 1.409692484083840069, -3.000000000000000000 ) ) ;
#2372 = CARTESIAN_POINT ( 'NONE',  ( 84.24687876429659639, -30.78486619517359912, -25.28435374208289943 ) ) ;
#2373 = B_SPLINE_SURFACE_WITH_KNOTS ( 'NONE', 3, 3, ( 
 ( #1243, #1192, #2994, #4323, #584 ),
 ( #948, #243, #2326, #2922, #2567 ),
 ( #3923, #4344, #2238, #4276, #2261 ),
 ( #535, #1219, #1264, #3588, #1918 ) ),
 .UNSPECIFIED., .F., .F., .F.,
 ( 4, 4 ),
 ( 4, 1, 4 ),
 ( 0.000000000000000000, 0.2849999999999999756 ),
 ( 0.000000000000000000, 0.1243887705051129888, 0.2487775410102249785 ),
 .UNSPECIFIED. ) ;
#2374 = CARTESIAN_POINT ( 'NONE',  ( 64.77674471797030264, -59.59654623071509860, -6.081693702972429172 ) ) ;
#2375 = ORIENTED_EDGE ( 'NONE', *, *, #1348, .F. ) ;
#2376 = MECHANICAL_DESIGN_GEOMETRIC_PRESENTATION_REPRESENTATION (  '', ( #1217 ), #1859 ) ;
#2377 = CARTESIAN_POINT ( 'NONE',  ( 84.89622831996260288, -30.66318837980170287, -26.00879149199490215 ) ) ;
#2378 = CARTESIAN_POINT ( 'NONE',  ( 83.80230145668309660, -33.09246479985679912, -22.37856325993559992 ) ) ;
#2379 = EDGE_CURVE ( 'NONE', #1346, #2650, #1673, .T. ) ;
#2380 = CARTESIAN_POINT ( 'NONE',  ( 92.14072119977949171, 1.649033190321399722, -3.000003064398338637 ) ) ;
#2381 = CARTESIAN_POINT ( 'NONE',  ( 84.25643424694159478, -30.75304206290639897, -25.26426413045620123 ) ) ;
#2382 = CARTESIAN_POINT ( 'NONE',  ( 63.80274413716880133, -60.66397235271089983, -3.000000000000000000 ) ) ;
#2383 = CARTESIAN_POINT ( 'NONE',  ( 82.13593197963339776, -32.85617821361140045, -26.15797423079130013 ) ) ;
#2384 = CARTESIAN_POINT ( 'NONE',  ( 61.46294395942869215, -64.59733792696779631, -3.000000000000000000 ) ) ;
#2385 = CARTESIAN_POINT ( 'NONE',  ( 62.80536552412330309, -60.55110658247789956, -2.000000000000000000 ) ) ;
#2386 = CARTESIAN_POINT ( 'NONE',  ( 62.42279275368800029, -64.41565653174690453, -3.000000000000000000 ) ) ;
#2387 = ORIENTED_EDGE ( 'NONE', *, *, #415, .F. ) ;
#2388 = CARTESIAN_POINT ( 'NONE',  ( 90.46220428775760070, -2.219635546034469886, -3.000000000000000000 ) ) ;
#2389 = CARTESIAN_POINT ( 'NONE',  ( 83.35228298696679872, -35.05477413982279700, -24.35853795145260037 ) ) ;
#2390 = ORIENTED_EDGE ( 'NONE', *, *, #151, .F. ) ;
#2391 = DIRECTION ( 'NONE',  ( 0.000000000000000000, 1.000000000000000000, 0.000000000000000000 ) ) ;
#2392 = CARTESIAN_POINT ( 'NONE',  ( 64.44801064744818575, -58.77261866801330115, -7.200722844752399432 ) ) ;
#2393 = CARTESIAN_POINT ( 'NONE',  ( 91.18382686246729918, -4.526980133320650523, -6.462149270052520045 ) ) ;
#2394 = CARTESIAN_POINT ( 'NONE',  ( 86.06316316086991947, -32.86118210341404478, -22.75022711897364758 ) ) ;
#2395 = CARTESIAN_POINT ( 'NONE',  ( 82.67193490596528704, -32.59245018565920304, -26.11885408695919963 ) ) ;
#2396 = ADVANCED_FACE ( 'NONE', ( #3332 ), #2639, .T. ) ;
#2397 = ORIENTED_EDGE ( 'NONE', *, *, #2746, .T. ) ;
#2398 = CARTESIAN_POINT ( 'NONE',  ( 80.36707727586370709, -35.58891408206919493, -26.64370959795150284 ) ) ;
#2399 = CARTESIAN_POINT ( 'NONE',  ( 61.83295248085759965, -63.84820680723930764, 121.3619999999999948 ) ) ;
#2400 = CARTESIAN_POINT ( 'NONE',  ( 81.54807474965360825, -35.41885617099460148, -22.13992765335009949 ) ) ;
#2401 = CARTESIAN_POINT ( 'NONE',  ( 84.14453375930828827, -33.80335243516489641, -26.98508422192649903 ) ) ;
#2402 = CARTESIAN_POINT ( 'NONE',  ( 64.62732711943280606, -60.97293225609249845, -4.987109556545929578 ) ) ;
#2403 = B_SPLINE_CURVE_WITH_KNOTS ( 'NONE', 3,
 ( #446, #1085, #2482, #1126, #1443 ),
 .UNSPECIFIED., .F., .F.,
 ( 4, 1, 4 ),
 ( 0.000000000000000000, 0.0004894058616935620387, 0.001025267255526382017 ),
 .UNSPECIFIED. ) ;
#2404 = CARTESIAN_POINT ( 'NONE',  ( 85.15050497603989754, -32.99218439809709480, -22.07723320787389909 ) ) ;
#2405 = CARTESIAN_POINT ( 'NONE',  ( 92.10208243032180064, -1.440084599950590238, -3.000000000000000000 ) ) ;
#2406 = CARTESIAN_POINT ( 'NONE',  ( 62.68757505316580136, -60.67972826951019982, -1.000000000000000000 ) ) ;
#2407 = ORIENTED_EDGE ( 'NONE', *, *, #3611, .T. ) ;
#2408 = CARTESIAN_POINT ( 'NONE',  ( 84.89623032849414130, -30.66318103532944050, -26.00878722883900807 ) ) ;
#2409 = CARTESIAN_POINT ( 'NONE',  ( 83.34634511883319874, -34.96131728216820278, -26.25689189823050285 ) ) ;
#2410 = CARTESIAN_POINT ( 'NONE',  ( 91.94834537719729894, -2.037292109885790126, -3.000000000000000000 ) ) ;
#2411 = CARTESIAN_POINT ( 'NONE',  ( 90.48999999999999488, 2.225000000000000089, 0.000000000000000000 ) ) ;
#2412 = CARTESIAN_POINT ( 'NONE',  ( 64.50282633834309820, -58.70968775284939767, -7.041781913506260260 ) ) ;
#2413 = CARTESIAN_POINT ( 'NONE',  ( 82.75154981508831042, -34.33533123952040000, -27.01238689842579888 ) ) ;
#2414 = CARTESIAN_POINT ( 'NONE',  ( 62.28029419901379526, -64.54201604363130684, -1.000000000000000000 ) ) ;
#2415 = ORIENTED_EDGE ( 'NONE', *, *, #145, .F. ) ;
#2416 = CYLINDRICAL_SURFACE ( 'NONE', #3683, 0.8000000000000011546 ) ;
#2417 = CARTESIAN_POINT ( 'NONE',  ( 83.13203842241489383, -35.17602375830270489, -23.39148031187069776 ) ) ;
#2418 = CARTESIAN_POINT ( 'NONE',  ( 60.88236223883229314, -64.02983079789190413, -1.000000000000000000 ) ) ;
#2419 = CARTESIAN_POINT ( 'NONE',  ( 81.62307224685059737, -35.61820117105910555, -22.05023246917030377 ) ) ;
#2420 = CARTESIAN_POINT ( 'NONE',  ( 89.14843566959281418, -13.63365721413180154, -12.14946546267320038 ) ) ;
#2421 = CARTESIAN_POINT ( 'NONE',  ( 83.03371925445419777, -34.18539289293289585, -27.01895255970069698 ) ) ;
#2422 = CARTESIAN_POINT ( 'NONE',  ( 63.62277908421870620, -60.49240917623859559, -3.596708780702730035 ) ) ;
#2423 = CARTESIAN_POINT ( 'NONE',  ( 63.20378404984359832, -60.35445761103380136, -2.000000000000000000 ) ) ;
#2424 = EDGE_CURVE ( 'NONE', #4167, #1836, #577, .T. ) ;
#2425 = EDGE_LOOP ( 'NONE', ( #3029, #3152, #667, #4387 ) ) ;
#2426 = B_SPLINE_CURVE_WITH_KNOTS ( 'NONE', 3,
 ( #152, #838, #1510, #1168, #2212 ),
 .UNSPECIFIED., .F., .F.,
 ( 4, 1, 4 ),
 ( 0.000000000000000000, 0.1172198319751709961, 0.2735129412753989908 ),
 .UNSPECIFIED. ) ;
#2427 = FACE_OUTER_BOUND ( 'NONE', #1913, .T. ) ;
#2428 = ADVANCED_FACE ( 'NONE', ( #2986 ), #1446, .T. ) ;
#2429 = CARTESIAN_POINT ( 'NONE',  ( 91.96530865998150261, -2.028537581634979770, -1.000000000000000000 ) ) ;
#2430 = FACE_OUTER_BOUND ( 'NONE', #747, .T. ) ;
#2431 = FACE_OUTER_BOUND ( 'NONE', #3691, .T. ) ;
#2432 = ORIENTED_EDGE ( 'NONE', *, *, #1894, .T. ) ;
#2433 = VECTOR ( 'NONE', #3721, 1000.000000000000114 ) ;
#2434 = CARTESIAN_POINT ( 'NONE',  ( 83.18013304725860735, -32.90398034398260307, -26.92022222997449887 ) ) ;
#2435 = ORIENTED_EDGE ( 'NONE', *, *, #2462, .T. ) ;
#2436 = DIRECTION ( 'NONE',  ( -0.9116295271542300682, 0.4110129013501139794, 1.201317629657280096E-05 ) ) ;
#2437 = CARTESIAN_POINT ( 'NONE',  ( 81.65156099892601560, -37.06458119268290119, -24.41289392934639935 ) ) ;
#2438 = CARTESIAN_POINT ( 'NONE',  ( 92.14167517266129437, -1.499200021041079856, -8.989776418366240307 ) ) ;
#2439 = CARTESIAN_POINT ( 'NONE',  ( 62.39863790580689340, -64.41389223218850191, 0.000000000000000000 ) ) ;
#2440 = CARTESIAN_POINT ( 'NONE',  ( 89.58017572343349855, -4.090469779637729175, -7.193354942488939585 ) ) ;
#2441 = B_SPLINE_SURFACE_WITH_KNOTS ( 'NONE', 3, 3, ( 
 ( #157, #4233, #2217, #3569 ),
 ( #516, #3236, #2902, #4254 ),
 ( #315, #629, #2682, #2353 ),
 ( #1668, #270, #607, #974 ) ),
 .UNSPECIFIED., .F., .F., .F.,
 ( 4, 4 ),
 ( 4, 4 ),
 ( -0.08300000000000000433, 0.000000000000000000 ),
 ( 0.000000000000000000, 0.2999999999999999889 ),
 .UNSPECIFIED. ) ;
#2442 = CARTESIAN_POINT ( 'NONE',  ( 83.38177737923520283, -33.37751674299509830, -26.95744836643489961 ) ) ;
#2443 = CARTESIAN_POINT ( 'NONE',  ( 81.96053756421849812, -34.13368810370189976, -22.54424031480569823 ) ) ;
#2444 = CARTESIAN_POINT ( 'NONE',  ( 63.81086252217879462, -60.66938536448969899, -2.000000000000000000 ) ) ;
#2445 = ORIENTED_EDGE ( 'NONE', *, *, #856, .F. ) ;
#2446 = CARTESIAN_POINT ( 'NONE',  ( 83.84281171164020918, -32.33161978940164261, -22.24214588358524480 ) ) ;
#2447 = CARTESIAN_POINT ( 'NONE',  ( 87.56116486419938383, -21.68623358466379969, -20.07918144194379906 ) ) ;
#2448 = ORIENTED_EDGE ( 'NONE', *, *, #4326, .T. ) ;
#2449 = ADVANCED_FACE ( 'NONE', ( #3961 ), #918, .T. ) ;
#2450 = CARTESIAN_POINT ( 'NONE',  ( 62.51206480390120390, -61.21509171881699984, -9.516968150193479303 ) ) ;
#2451 = DIRECTION ( 'NONE',  ( -0.7071067811865580088, 0.7071067811865370256, 0.000000000000000000 ) ) ;
#2452 = EDGE_LOOP ( 'NONE', ( #1527, #1447, #549, #3206 ) ) ;
#2453 = ORIENTED_EDGE ( 'NONE', *, *, #3581, .F. ) ;
#2454 = CARTESIAN_POINT ( 'NONE',  ( 84.37363994136771339, -32.69999464220899910, -22.07965487212230116 ) ) ;
#2455 = CARTESIAN_POINT ( 'NONE',  ( 83.44964973870570191, -33.45231390634450719, -22.48271856567959759 ) ) ;
#2456 = CARTESIAN_POINT ( 'NONE',  ( 65.37157180922329758, -61.41067514096609870, -9.693731634542880116 ) ) ;
#2457 = CARTESIAN_POINT ( 'NONE',  ( 85.17829837576960017, -32.94374924686339767, -22.04928134027490216 ) ) ;
#2458 = CARTESIAN_POINT ( 'NONE',  ( 84.84131219845158967, -33.53832754769379676, -22.38673173376709968 ) ) ;
#2459 = CARTESIAN_POINT ( 'NONE',  ( 83.10107656528289510, -33.52643863122410295, -26.98107418364099885 ) ) ;
#2460 = CARTESIAN_POINT ( 'NONE',  ( 62.04239199109695591, -64.64820680723930479, -0.000000000000000000 ) ) ;
#2461 = CARTESIAN_POINT ( 'NONE',  ( 92.09531219077381081, -2.901896853677249588, -9.701099536806470525 ) ) ;
#2462 = EDGE_CURVE ( 'NONE', #724, #4378, #449, .T. ) ;
#2463 = ORIENTED_EDGE ( 'NONE', *, *, #4207, .F. ) ;
#2464 = CARTESIAN_POINT ( 'NONE',  ( 81.07826242163720565, -36.02933840317949432, -26.65678548194980024 ) ) ;
#2465 = CARTESIAN_POINT ( 'NONE',  ( 83.61683479678380593, -34.82677705761920350, -26.26323198759159894 ) ) ;
#2466 = VERTEX_POINT ( 'NONE', #760 ) ;
#2467 = EDGE_CURVE ( 'NONE', #3802, #2693, #1245, .T. ) ;
#2468 = CARTESIAN_POINT ( 'NONE',  ( 60.51682195017869503, -62.89964098810969517, -4.241756126820879658 ) ) ;
#2469 = CARTESIAN_POINT ( 'NONE',  ( 76.68986275001330455, -43.77524182562620325, -16.78046862243409976 ) ) ;
#2470 = ORIENTED_EDGE ( 'NONE', *, *, #3643, .T. ) ;
#2471 = EDGE_CURVE ( 'NONE', #2575, #3174, #1725, .T. ) ;
#2472 = ADVANCED_FACE ( 'NONE', ( #2427 ), #250, .T. ) ;
#2473 = ORIENTED_EDGE ( 'NONE', *, *, #3667, .F. ) ;
#2474 = B_SPLINE_CURVE_WITH_KNOTS ( 'NONE', 3,
 ( #3967, #4384, #2282, #905 ),
 .UNSPECIFIED., .F., .F.,
 ( 4, 4 ),
 ( 0.000000000000000000, 0.08146959963896649448 ),
 .UNSPECIFIED. ) ;
#2475 = DIRECTION ( 'NONE',  ( 0.000000000000000000, 0.000000000000000000, 1.000000000000000000 ) ) ;
#2476 = CARTESIAN_POINT ( 'NONE',  ( 82.83778922915979592, -34.46161979142139842, -22.56501531904100233 ) ) ;
#2477 = CARTESIAN_POINT ( 'NONE',  ( 65.22591689486810651, -61.53265240797549751, -7.456812781751239072 ) ) ;
#2478 = CARTESIAN_POINT ( 'NONE',  ( 86.33597107537489990, -32.26327144767829935, -25.86064398315090074 ) ) ;
#2479 = CARTESIAN_POINT ( 'NONE',  ( 89.67814967718240382, -1.414831876947109990, -2.000000000000000000 ) ) ;
#2480 = CARTESIAN_POINT ( 'NONE',  ( 84.23725423567809401, -30.81684179829919756, -25.30419116525940026 ) ) ;
#2481 = CARTESIAN_POINT ( 'NONE',  ( 89.87830698633399606, -1.049416644047370228, -9.497369461612029440 ) ) ;
#2482 = CARTESIAN_POINT ( 'NONE',  ( 84.46635568576488140, -30.52618459452310873, -25.70239526160362331 ) ) ;
#2483 = CARTESIAN_POINT ( 'NONE',  ( 82.70416151468789678, -33.02241029396839878, -22.63475622180430236 ) ) ;
#2484 = CARTESIAN_POINT ( 'NONE',  ( 60.70249977120479912, -63.85872352789430551, -4.332590659987750392 ) ) ;
#2485 = VERTEX_POINT ( 'NONE', #1682 ) ;
#2486 = CARTESIAN_POINT ( 'NONE',  ( 83.70599890928168918, -34.82547730060159807, -22.75649528097790153 ) ) ;
#2487 = CARTESIAN_POINT ( 'NONE',  ( 85.92774453169090521, -30.92844845001149778, -25.94560832745139933 ) ) ;
#2488 = CARTESIAN_POINT ( 'NONE',  ( 62.00351866980920335, -61.36122738203130211, -3.887756358087310016 ) ) ;
#2489 = B_SPLINE_SURFACE_WITH_KNOTS ( 'NONE', 3, 3, ( 
 ( #3456, #4116, #2749, #2788, #2099 ),
 ( #1056, #355, #2119, #395, #3123 ),
 ( #3083, #334, #1712, #750, #3745 ),
 ( #4137, #1379, #2378, #1079, #4080 ),
 ( #3474, #2455, #2033, #418, #3726 ) ),
 .UNSPECIFIED., .F., .F., .F.,
 ( 4, 1, 4 ),
 ( 4, 1, 4 ),
 ( -1.838222795761270110E-15, 0.8975979010256520674, 1.570796326794889897 ),
 ( 0.000000000000000000, 0.1367564706376990236, 0.2735129412753989908 ),
 .UNSPECIFIED. ) ;
#2490 = CARTESIAN_POINT ( 'NONE',  ( 79.59038269545109756, -35.87830366804169557, -26.18326420440870095 ) ) ;
#2491 = CARTESIAN_POINT ( 'NONE',  ( 81.46256042720419543, -37.48376150225709580, -25.24419811672559888 ) ) ;
#2492 = ORIENTED_EDGE ( 'NONE', *, *, #3255, .T. ) ;
#2493 = EDGE_LOOP ( 'NONE', ( #1164, #553, #117, #2804 ) ) ;
#2494 = ADVANCED_FACE ( 'NONE', ( #4108 ), #4307, .T. ) ;
#2495 = CARTESIAN_POINT ( 'NONE',  ( 76.75080769861069996, -46.31701733192879544, -20.66810621158879613 ) ) ;
#2496 = CARTESIAN_POINT ( 'NONE',  ( 85.53944597331729938, -30.78368507598500159, -25.94529386492570211 ) ) ;
#2497 = CARTESIAN_POINT ( 'NONE',  ( 92.08136167964720187, -2.678579535792330102, -7.459893408128229986 ) ) ;
#2498 = CARTESIAN_POINT ( 'NONE',  ( 80.73775377931129071, -37.58172998959079791, -25.94423629426210454 ) ) ;
#2499 = VECTOR ( 'NONE', #3288, 1000.000000000000114 ) ;
#2500 = CARTESIAN_POINT ( 'NONE',  ( 60.69707674422379284, -63.85102899550809497, -3.000000000000000000 ) ) ;
#2501 = CARTESIAN_POINT ( 'NONE',  ( 91.04440783411580185, -2.490006761400019641, -10.42577718662899855 ) ) ;
#2502 = CARTESIAN_POINT ( 'NONE',  ( 80.14632153974540074, -36.21484853135029880, -26.39625673724099642 ) ) ;
#2503 = CARTESIAN_POINT ( 'NONE',  ( 84.88135781041710004, -32.66378718679020210, -26.79995421888320095 ) ) ;
#2504 = CARTESIAN_POINT ( 'NONE',  ( 60.68036842752359661, -62.69562275390519801, 121.3619999999999948 ) ) ;
#2505 = CARTESIAN_POINT ( 'NONE',  ( 82.72587094318480183, -33.64008302774109893, -22.53416479124600258 ) ) ;
#2506 = CARTESIAN_POINT ( 'NONE',  ( 89.61504054363821581, -3.334009105758069413, -6.529071549704799970 ) ) ;
#2507 = ORIENTED_EDGE ( 'NONE', *, *, #322, .T. ) ;
#2508 = CARTESIAN_POINT ( 'NONE',  ( 83.46762976596119188, -34.28903797789940455, -22.56763787123239595 ) ) ;
#2509 = CARTESIAN_POINT ( 'NONE',  ( 82.63459167210369571, -32.79188178383260066, -23.27508778475769802 ) ) ;
#2510 = CARTESIAN_POINT ( 'NONE',  ( 86.06357425316731735, -32.86116815260039914, -22.75051132767380224 ) ) ;
#2511 = CARTESIAN_POINT ( 'NONE',  ( 81.45941689683330367, -35.54441630754980253, -22.05023031256990151 ) ) ;
#2512 = ORIENTED_EDGE ( 'NONE', *, *, #888, .F. ) ;
#2513 = CARTESIAN_POINT ( 'NONE',  ( 81.36063469475648446, -37.08424150245159723, -26.17200904955949881 ) ) ;
#2514 = CARTESIAN_POINT ( 'NONE',  ( 79.26150614011615403, -36.80944941882250987, -25.76836731645744649 ) ) ;
#2515 = EDGE_LOOP ( 'NONE', ( #1432, #1065, #416, #728, #1593 ) ) ;
#2516 = EDGE_CURVE ( 'NONE', #3824, #3133, #1203, .T. ) ;
#2517 = ORIENTED_EDGE ( 'NONE', *, *, #145, .T. ) ;
#2518 = CARTESIAN_POINT ( 'NONE',  ( 89.71311119860079941, -1.416164903641569994, -9.016542754561859496 ) ) ;
#2519 = CARTESIAN_POINT ( 'NONE',  ( 90.63108008009150751, -4.502359871914969780, -6.468677292666429324 ) ) ;
#2520 = CARTESIAN_POINT ( 'NONE',  ( 89.69603587829000446, 0.4901589052724529827, -3.000000000000000000 ) ) ;
#2521 = EDGE_CURVE ( 'NONE', #1416, #2485, #4274, .T. ) ;
#2522 = DIRECTION ( 'NONE',  ( 0.000000000000000000, 0.000000000000000000, 1.000000000000000000 ) ) ;
#2523 = CARTESIAN_POINT ( 'NONE',  ( 79.70634774943559364, -36.75968327727630225, -26.11441889385989867 ) ) ;
#2524 = DIRECTION ( 'NONE',  ( -0.1677807862734520261, -0.4387737434344190501, 0.8827951120333691337 ) ) ;
#2525 = CARTESIAN_POINT ( 'NONE',  ( 89.88227020494640840, -14.12732109538019998, -11.43647057780269805 ) ) ;
#2526 = CARTESIAN_POINT ( 'NONE',  ( 83.76007891573929953, -31.89210579626199760, -25.89731084632020242 ) ) ;
#2527 = CARTESIAN_POINT ( 'NONE',  ( 60.68100858553700050, -62.70367045464470124, -1.000000000000000000 ) ) ;
#2528 = EDGE_CURVE ( 'NONE', #575, #1886, #4216, .T. ) ;
#2529 = DIRECTION ( 'NONE',  ( -0.01250704356656649752, -0.9999217838717306961, 0.000000000000000000 ) ) ;
#2530 = B_SPLINE_SURFACE_WITH_KNOTS ( 'NONE', 3, 3, ( 
 ( #1837, #1548, #3916, #3556 ),
 ( #1185, #2561, #3869, #3273 ),
 ( #3892, #1163, #527, #876 ),
 ( #3507, #1454, #2231, #854 ),
 ( #2537, #2821, #2870, #2915 ) ),
 .UNSPECIFIED., .F., .F., .F.,
 ( 4, 1, 4 ),
 ( 4, 4 ),
 ( -1.570796326794899889, -0.8975979010256550650, 0.000000000000000000 ),
 ( -1.957991609067750050, -1.639188761265319982 ),
 .UNSPECIFIED. ) ;
#2531 = VERTEX_POINT ( 'NONE', #4260 ) ;
#2532 = CARTESIAN_POINT ( 'NONE',  ( 80.89983426106229558, -36.56128549873449884, -26.42942308227879877 ) ) ;
#2533 = DIRECTION ( 'NONE',  ( 0.000000000000000000, 1.000000000000000000, 0.000000000000000000 ) ) ;
#2534 = CARTESIAN_POINT ( 'NONE',  ( 86.19290692760610284, -32.50595902746100307, -23.61979051971709964 ) ) ;
#2535 = CARTESIAN_POINT ( 'NONE',  ( 81.63862013963769471, -35.28733646325769513, -22.22058052384009841 ) ) ;
#2536 = ORIENTED_EDGE ( 'NONE', *, *, #1923, .T. ) ;
#2537 = CARTESIAN_POINT ( 'NONE',  ( 89.58017572343349855, -4.090469779637720293, -7.193354942488939585 ) ) ;
#2538 = ORIENTED_EDGE ( 'NONE', *, *, #794, .T. ) ;
#2539 = B_SPLINE_CURVE_WITH_KNOTS ( 'NONE', 3,
 ( #2587, #3944, #149, #859, #2234 ),
 .UNSPECIFIED., .F., .F.,
 ( 4, 1, 4 ),
 ( 0.000000000000000000, 0.5000000000000019984, 1.000000000000000000 ),
 .UNSPECIFIED. ) ;
#2540 = VERTEX_POINT ( 'NONE', #3839 ) ;
#2541 = B_SPLINE_CURVE_WITH_KNOTS ( 'NONE', 3,
 ( #3467, #946, #990, #4008, #3741 ),
 .UNSPECIFIED., .F., .F.,
 ( 4, 1, 4 ),
 ( 0.000000000000000000, 0.4767251246915573670, 1.000000000000000000 ),
 .UNSPECIFIED. ) ;
#2542 = CARTESIAN_POINT ( 'NONE',  ( 89.65562010973910390, -1.844892396080549890, -5.443696592695590475 ) ) ;
#2543 = CARTESIAN_POINT ( 'NONE',  ( 83.76831847629770778, -32.04889501764360205, -22.77518248573779758 ) ) ;
#2544 = CARTESIAN_POINT ( 'NONE',  ( 89.68801966647039592, -0.4699345152873169451, -1.000000000000000000 ) ) ;
#2545 = CARTESIAN_POINT ( 'NONE',  ( 60.51248092642280341, -62.87366374963369964, -1.000000000000000000 ) ) ;
#2546 = VECTOR ( 'NONE', #2547, 1000.000000000000000 ) ;
#2547 = DIRECTION ( 'NONE',  ( 0.000000000000000000, 0.000000000000000000, 1.000000000000000000 ) ) ;
#2548 = CARTESIAN_POINT ( 'NONE',  ( 90.07241067298936343, -2.138781522887849729, -0.000000000000000000 ) ) ;
#2549 = CARTESIAN_POINT ( 'NONE',  ( 76.00954315018098839, -43.82878464828910126, -17.48310642075729859 ) ) ;
#2550 = CARTESIAN_POINT ( 'NONE',  ( 79.24730067621941032, -36.48500015197629409, -25.24416892470710039 ) ) ;
#2551 = CARTESIAN_POINT ( 'NONE',  ( 82.41397507465079286, -32.87595549237249770, -23.05704072079160127 ) ) ;
#2552 = CARTESIAN_POINT ( 'NONE',  ( 90.45320137793740400, -2.217839553051200063, -3.591376714073129861 ) ) ;
#2553 = ORIENTED_EDGE ( 'NONE', *, *, #3827, .F. ) ;
#2554 = CARTESIAN_POINT ( 'NONE',  ( 91.38154806507201044, 1.359884692502100201, -7.494578191539249978 ) ) ;
#2555 = CARTESIAN_POINT ( 'NONE',  ( 65.08065331954703936, -61.52198403798859516, -10.22592469822170536 ) ) ;
#2556 = CARTESIAN_POINT ( 'NONE',  ( 84.23725423567809401, -30.81684179829919756, -25.30419116525940026 ) ) ;
#2557 = APPLICATION_PROTOCOL_DEFINITION ( 'draft international standard', 'automotive_design', 1998, #1452 ) ;
#2558 = CARTESIAN_POINT ( 'NONE',  ( 81.90533886359601468, -36.26318458065070161, -25.90248162486570038 ) ) ;
#2559 = EDGE_LOOP ( 'NONE', ( #2407, #813, #1791, #4316 ) ) ;
#2560 = EDGE_CURVE ( 'NONE', #4024, #3510, #870, .T. ) ;
#2561 = CARTESIAN_POINT ( 'NONE',  ( 89.70374430381060904, -14.10050955296200037, -11.43813841800360009 ) ) ;
#2562 = VERTEX_POINT ( 'NONE', #1110 ) ;
#2563 = ORIENTED_EDGE ( 'NONE', *, *, #2746, .F. ) ;
#2564 = CARTESIAN_POINT ( 'NONE',  ( 79.81430239138509819, -35.22745922325369605, -22.75025636256970074 ) ) ;
#2565 = CARTESIAN_POINT ( 'NONE',  ( 90.72983236979848698, -2.222421915814480009, -3.590783553161160491 ) ) ;
#2566 = CARTESIAN_POINT ( 'NONE',  ( 81.41494035240559413, -37.58937704359740195, -25.45365127987090048 ) ) ;
#2567 = CARTESIAN_POINT ( 'NONE',  ( 83.11362776098390270, -35.14906328093049837, -24.34091918836860202 ) ) ;
#2568 = CARTESIAN_POINT ( 'NONE',  ( 82.11978192645560171, -36.07163617910860154, -22.86697838660119686 ) ) ;
#2569 = FACE_OUTER_BOUND ( 'NONE', #234, .T. ) ;
#2570 = LINE ( 'NONE', #1582, #3566 ) ;
#2571 = CARTESIAN_POINT ( 'NONE',  ( 92.11999999999999034, -1.425000000000000044, 0.000000000000000000 ) ) ;
#2572 = CARTESIAN_POINT ( 'NONE',  ( 91.63770017338960372, -13.55311952869880088, -12.96486003144250176 ) ) ;
#2573 = AXIS2_PLACEMENT_3D ( 'NONE', #602, #1641, #3012 ) ;
#2574 = CARTESIAN_POINT ( 'NONE',  ( 92.10208243032180064, -1.440084599950590238, -3.000000000000000000 ) ) ;
#2575 = VERTEX_POINT ( 'NONE', #3199 ) ;
#2576 = CARTESIAN_POINT ( 'NONE',  ( 70.00440513483080451, -52.92906618223779702, -14.71390396320430050 ) ) ;
#2577 = CARTESIAN_POINT ( 'NONE',  ( 82.64703941672419774, -32.72540458444149891, -24.22300988549149992 ) ) ;
#2578 = CARTESIAN_POINT ( 'NONE',  ( 86.54342346593189461, -31.57082795509250062, -25.24521948342029987 ) ) ;
#2579 = ADVANCED_FACE ( 'NONE', ( #2909 ), #1884, .T. ) ;
#2580 = CARTESIAN_POINT ( 'NONE',  ( 91.31999999999999318, 2.225000000000000089, 0.000000000000000000 ) ) ;
#2581 = VERTEX_POINT ( 'NONE', #3865 ) ;
#2582 = ORIENTED_EDGE ( 'NONE', *, *, #2596, .F. ) ;
#2583 = CARTESIAN_POINT ( 'NONE',  ( 81.46256042720419543, -37.48376150225709580, -25.24419811672559888 ) ) ;
#2584 = ORIENTED_EDGE ( 'NONE', *, *, #1453, .F. ) ;
#2585 = ADVANCED_FACE ( 'NONE', ( #3934 ), #1278, .T. ) ;
#2586 = ORIENTED_EDGE ( 'NONE', *, *, #3448, .T. ) ;
#2587 = CARTESIAN_POINT ( 'NONE',  ( 81.77543961366430381, -36.64162544343780326, -25.71748153988940189 ) ) ;
#2588 = CARTESIAN_POINT ( 'NONE',  ( 91.03405703416810013, -2.225576728712140184, -1.000000000000000000 ) ) ;
#2589 = CARTESIAN_POINT ( 'NONE',  ( 89.70791756967818742, 1.440084599950600230, -3.000000000000000000 ) ) ;
#2590 = CARTESIAN_POINT ( 'NONE',  ( 82.90038158967639959, -33.05201614786839315, -26.95043386126290130 ) ) ;
#2591 = CARTESIAN_POINT ( 'NONE',  ( 83.04762636666188769, -34.40427869112369308, -22.57280778961569823 ) ) ;
#2592 = LINE ( 'NONE', #864, #1066 ) ;
#2593 = CARTESIAN_POINT ( 'NONE',  ( 82.51642058695999538, -33.69687073239369823, -22.53706764423619902 ) ) ;
#2594 = CARTESIAN_POINT ( 'NONE',  ( 89.69594100058890263, 1.430065484712679913, -1.000000000000000000 ) ) ;
#2595 = CARTESIAN_POINT ( 'NONE',  ( 92.05120493314019825, -3.268269293167959777, -6.694951903009219940 ) ) ;
#2596 = EDGE_CURVE ( 'NONE', #983, #4313, #1671, .T. ) ;
#2597 = CARTESIAN_POINT ( 'NONE',  ( 81.66812253825838752, -36.93309145950880179, -25.57943010403790041 ) ) ;
#2598 = CARTESIAN_POINT ( 'NONE',  ( 91.36754309335590563, -0.9752825085603159527, -9.642749648368409865 ) ) ;
#2599 = CARTESIAN_POINT ( 'NONE',  ( 64.71343675893471925, -61.31297547022871441, -10.40901538670254567 ) ) ;
#2600 = CARTESIAN_POINT ( 'NONE',  ( 86.54281979421419635, -31.57026826390600149, -25.24578710176280083 ) ) ;
#2601 =( NAMED_UNIT ( * ) PLANE_ANGLE_UNIT ( ) SI_UNIT ( $, .RADIAN. ) );
#2602 = CARTESIAN_POINT ( 'NONE',  ( 82.19116396392630008, -32.93705964572779266, -23.30965760129770104 ) ) ;
#2603 = VERTEX_POINT ( 'NONE', #1975 ) ;
#2604 = CARTESIAN_POINT ( 'NONE',  ( 61.28702228943019747, -63.30911342560040111, -7.438982925376900646 ) ) ;
#2605 = EDGE_CURVE ( 'NONE', #1518, #4167, #1887, .T. ) ;
#2606 = ORIENTED_EDGE ( 'NONE', *, *, #4043, .T. ) ;
#2607 = VERTEX_POINT ( 'NONE', #2667 ) ;
#2608 = CARTESIAN_POINT ( 'NONE',  ( 89.58017572343349855, -4.090469779637739833, -7.193354942488939585 ) ) ;
#2609 = ADVANCED_FACE ( 'NONE', ( #4376 ), #3312, .T. ) ;
#2610 = CARTESIAN_POINT ( 'NONE',  ( 86.07549905544249214, -31.06546101836569918, -25.98563882798479696 ) ) ;
#2611 = CARTESIAN_POINT ( 'NONE',  ( 79.81744592175590469, -37.16680441796089696, -25.94422416672539811 ) ) ;
#2612 = CARTESIAN_POINT ( 'NONE',  ( 83.27366605612600381, -33.12363087307859644, -26.93748962607489972 ) ) ;
#2613 = DIRECTION ( 'NONE',  ( -1.000000000000000000, 0.000000000000000000, 0.000000000000000000 ) ) ;
#2614 = CARTESIAN_POINT ( 'NONE',  ( 82.83778922915979592, -34.46161979142139842, -22.56501531904100233 ) ) ;
#2615 = EDGE_CURVE ( 'NONE', #2157, #764, #399, .T. ) ;
#2616 = CARTESIAN_POINT ( 'NONE',  ( 70.26934215825181695, -52.55778927709580728, -13.87927880559020011 ) ) ;
#2617 = CARTESIAN_POINT ( 'NONE',  ( 71.10159140280929080, -54.21311313261880116, -15.40135308134609993 ) ) ;
#2618 = CARTESIAN_POINT ( 'NONE',  ( 91.53148008687600168, -2.233010071142289554, -3.000000000000000000 ) ) ;
#2619 = CARTESIAN_POINT ( 'NONE',  ( 91.35679862206259827, 2.217839553051209833, -4.352355746658949975 ) ) ;
#2620 = CARTESIAN_POINT ( 'NONE',  ( 91.08016763020148687, 2.222421915814489779, -4.352948907570930004 ) ) ;
#2621 = CARTESIAN_POINT ( 'NONE',  ( 61.89993685561029224, -64.74258049281176852, -3.000001016689973099 ) ) ;
#2622 = LINE ( 'NONE', #3688, #302 ) ;
#2623 = VERTEX_POINT ( 'NONE', #915 ) ;
#2624 = VERTEX_POINT ( 'NONE', #634 ) ;
#2625 = CARTESIAN_POINT ( 'NONE',  ( 63.09029584280920488, -61.88135373614090184, -9.623315525651250368 ) ) ;
#2626 = ORIENTED_EDGE ( 'NONE', *, *, #2318, .F. ) ;
#2627 = ORIENTED_EDGE ( 'NONE', *, *, #2989, .F. ) ;
#2628 = ORIENTED_EDGE ( 'NONE', *, *, #3175, .T. ) ;
#2629 = CARTESIAN_POINT ( 'NONE',  ( 89.86166450972848452, 2.037283658039759970, -3.000000000000000000 ) ) ;
#2630 = LINE ( 'NONE', #4028, #3421 ) ;
#2631 = CARTESIAN_POINT ( 'NONE',  ( 85.12026444028460048, -30.74745148392580063, -26.00809312067080015 ) ) ;
#2632 = CARTESIAN_POINT ( 'NONE',  ( 84.66097530305229668, -32.75076954999810397, -22.04905609404100275 ) ) ;
#2633 = EDGE_CURVE ( 'NONE', #1615, #983, #3004, .T. ) ;
#2634 = CARTESIAN_POINT ( 'NONE',  ( 79.59038269545109756, -35.87830366804169557, -26.18326420440870095 ) ) ;
#2635 = CARTESIAN_POINT ( 'NONE',  ( 82.66223225217740378, -34.68215194779580202, -22.55595905058540040 ) ) ;
#2636 = CYLINDRICAL_SURFACE ( 'NONE', #1978, 0.8000000000000011546 ) ;
#2637 = CARTESIAN_POINT ( 'NONE',  ( 92.09531219077381081, -2.901896853677259802, -9.701099536806470525 ) ) ;
#2638 = DIRECTION ( 'NONE',  ( 0.7071067811865474617, 0.7071067811865474617, 0.000000000000000000 ) ) ;
#2639 = B_SPLINE_SURFACE_WITH_KNOTS ( 'NONE', 3, 3, ( 
 ( #278, #3293, #1635, #1572, #1935 ),
 ( #4359, #2298, #2943, #2692, #3313 ),
 ( #2964, #3714, #3355, #3007, #2671 ),
 ( #3625, #1302, #3646, #659, #257 ) ),
 .UNSPECIFIED., .F., .F., .F.,
 ( 4, 4 ),
 ( 4, 1, 4 ),
 ( 0.000000000000000000, 0.2849999999999999756 ),
 ( 0.000000000000000000, 0.1172198319751709961, 0.2735129412753989908 ),
 .UNSPECIFIED. ) ;
#2640 = ADVANCED_FACE ( 'NONE', ( #1928 ), #4227, .T. ) ;
#2641 = CARTESIAN_POINT ( 'NONE',  ( 92.16017014391960060, 0.6308786405735420377, -7.032021466092430728 ) ) ;
#2642 = VECTOR ( 'NONE', #1968, 1000.000000000000114 ) ;
#2643 = CARTESIAN_POINT ( 'NONE',  ( 61.88761132633440099, -63.88194575654319607, -7.429602372554509948 ) ) ;
#2644 = B_SPLINE_CURVE_WITH_KNOTS ( 'NONE', 3,
 ( #3856, #1872, #1536, #4185, #2169, #2857 ),
 .UNSPECIFIED., .F., .F.,
 ( 4, 2, 4 ),
 ( 0.000000000000000000, 0.5000000000000000000, 1.000000000000000000 ),
 .UNSPECIFIED. ) ;
#2645 = CARTESIAN_POINT ( 'NONE',  ( 92.10208243032180064, -1.440084599950590238, -3.000000000000000000 ) ) ;
#2646 = CARTESIAN_POINT ( 'NONE',  ( 89.69000000000001194, -1.425000000000000044, 0.000000000000000000 ) ) ;
#2647 = PRODUCT_CONTEXT ( 'NONE', #3286, 'mechanical' ) ;
#2648 = ORIENTED_EDGE ( 'NONE', *, *, #1348, .T. ) ;
#2649 = CARTESIAN_POINT ( 'NONE',  ( 60.89522333699700596, -64.04411543267251261, -3.000000000000000000 ) ) ;
#2650 = VERTEX_POINT ( 'NONE', #1274 ) ;
#2651 = ORIENTED_EDGE ( 'NONE', *, *, #4124, .T. ) ;
#2652 = CARTESIAN_POINT ( 'NONE',  ( 80.62954742968899779, -35.00000250028539739, -22.12715738401089638 ) ) ;
#2653 = CARTESIAN_POINT ( 'NONE',  ( 90.74811767506669469, -2.223788530768339822, -2.000000000000000000 ) ) ;
#2654 = CARTESIAN_POINT ( 'NONE',  ( 64.19281123259290212, -61.04327480341829926, -3.595433757220700244 ) ) ;
#2655 = EDGE_CURVE ( 'NONE', #2010, #1998, #348, .T. ) ;
#2656 = CARTESIAN_POINT ( 'NONE',  ( 86.48666840461120842, -31.25095152624460937, -25.75230576221038703 ) ) ;
#2657 = CARTESIAN_POINT ( 'NONE',  ( 86.54281979421419635, -31.57026826390600149, -25.24578710176280083 ) ) ;
#2658 = ORIENTED_EDGE ( 'NONE', *, *, #1018, .T. ) ;
#2659 = CARTESIAN_POINT ( 'NONE',  ( 83.19867259315019226, -32.30726115060549830, -26.21890689725670143 ) ) ;
#2660 = CARTESIAN_POINT ( 'NONE',  ( 78.11976755606040967, -45.06051547275680491, -17.47168829313109839 ) ) ;
#2661 = DIRECTION ( 'NONE',  ( -0.7071067811865474617, 0.7071067811865474617, 0.000000000000000000 ) ) ;
#2662 = CARTESIAN_POINT ( 'NONE',  ( 64.58034403614288976, -62.21185038024190561, -2.000000000000000000 ) ) ;
#2663 = EDGE_CURVE ( 'NONE', #1573, #3081, #4021, .T. ) ;
#2664 = CARTESIAN_POINT ( 'NONE',  ( 64.39718391548831278, -61.24323166420400355, -3.000000000000000000 ) ) ;
#2665 = CARTESIAN_POINT ( 'NONE',  ( 90.90500000000000114, 0.000000000000000000, 122.3110000000000070 ) ) ;
#2666 = DIRECTION ( 'NONE',  ( 0.9116295271542287360, -0.4110129013501168660, -1.201317630321159617E-05 ) ) ;
#2667 = CARTESIAN_POINT ( 'NONE',  ( 89.67227249551349644, -1.409692484083840069, -3.000000000000000000 ) ) ;
#2668 = EDGE_CURVE ( 'NONE', #1457, #529, #1409, .T. ) ;
#2669 = CARTESIAN_POINT ( 'NONE',  ( 79.92412064489170120, -36.85910783372209920, -26.11740371048020037 ) ) ;
#2670 = ORIENTED_EDGE ( 'NONE', *, *, #91, .F. ) ;
#2671 = CARTESIAN_POINT ( 'NONE',  ( 86.35229867456590114, -32.08912397119829762, -24.45844587614879728 ) ) ;
#2672 = ORIENTED_EDGE ( 'NONE', *, *, #1480, .F. ) ;
#2673 = CARTESIAN_POINT ( 'NONE',  ( 80.00475786601509753, -34.89506009509960194, -22.90966130417019642 ) ) ;
#2674 = CARTESIAN_POINT ( 'NONE',  ( 90.48999999999999488, -1.425000000000000044, 122.3110000000000070 ) ) ;
#2675 = CARTESIAN_POINT ( 'NONE',  ( 91.56455520370700185, -13.99721409629899860, -12.12697224890250070 ) ) ;
#2676 = CARTESIAN_POINT ( 'NONE',  ( 84.49413926577300060, -30.53576717543599983, -25.79014590739829771 ) ) ;
#2677 = FACE_OUTER_BOUND ( 'NONE', #3723, .T. ) ;
#2678 = VERTEX_POINT ( 'NONE', #2709 ) ;
#2679 = B_SPLINE_CURVE_WITH_KNOTS ( 'NONE', 3,
 ( #1848, #2525, #1557, #1172 ),
 .UNSPECIFIED., .F., .F.,
 ( 4, 4 ),
 ( -1.957991609067750050, -1.639188763094139967 ),
 .UNSPECIFIED. ) ;
#2680 = CARTESIAN_POINT ( 'NONE',  ( 83.18952422963491244, -32.32884384265980060, -26.04081451280759651 ) ) ;
#2681 = CARTESIAN_POINT ( 'NONE',  ( 64.57886531070919034, -62.20308045846329748, -3.000000000000000000 ) ) ;
#2682 = CARTESIAN_POINT ( 'NONE',  ( 64.20549089780890029, -61.05726667788519535, -2.000000000000000000 ) ) ;
#2683 = CARTESIAN_POINT ( 'NONE',  ( 82.85412209188100974, -32.72066837263459860, -23.24640522101159945 ) ) ;
#2684 = CARTESIAN_POINT ( 'NONE',  ( 64.39176088850740598, -61.23553713181790670, -3.594841940505769884 ) ) ;
#2685 = CARTESIAN_POINT ( 'NONE',  ( 89.71880919770400453, -1.304799999266810007, -9.161122824488998617 ) ) ;
#2686 = CARTESIAN_POINT ( 'NONE',  ( 79.86192246618368529, -35.12184368191330464, -22.54080319942439914 ) ) ;
#2687 = CARTESIAN_POINT ( 'NONE',  ( 79.24730067621941032, -36.48500015197620172, -25.24416892470710039 ) ) ;
#2688 = CARTESIAN_POINT ( 'NONE',  ( 63.81086252217879462, -60.66938536448969899, -2.000000000000000000 ) ) ;
#2689 = ORIENTED_EDGE ( 'NONE', *, *, #3717, .T. ) ;
#2690 = EDGE_CURVE ( 'NONE', #699, #3006, #3452, .T. ) ;
#2691 = CARTESIAN_POINT ( 'NONE',  ( 90.49998295372068924, -12.08848126884830165, -15.35875239289630123 ) ) ;
#2692 = CARTESIAN_POINT ( 'NONE',  ( 85.97960949447599432, -33.04134824176740182, -23.89177855927859895 ) ) ;
#2693 = VERTEX_POINT ( 'NONE', #1426 ) ;
#2694 = EDGE_CURVE ( 'NONE', #3942, #2466, #2849, .T. ) ;
#2695 = CARTESIAN_POINT ( 'NONE',  ( 80.10135335875060036, -34.72399651115549801, -22.97020388934459945 ) ) ;
#2696 = CARTESIAN_POINT ( 'NONE',  ( 80.32763294146720057, -34.29452614757579454, -23.13209260688159929 ) ) ;
#2697 = CARTESIAN_POINT ( 'NONE',  ( 87.18284590969570047, -23.09849033190310053, -17.42221426626289826 ) ) ;
#2698 = CARTESIAN_POINT ( 'NONE',  ( 80.64866335395660712, -36.44580650960649848, -26.41836763393290255 ) ) ;
#2699 = B_SPLINE_CURVE_WITH_KNOTS ( 'NONE', 3,
 ( #4224, #306, #4340, #4049, #2005 ),
 .UNSPECIFIED., .F., .F.,
 ( 4, 1, 4 ),
 ( 0.000000000000000000, 0.2918641954812579709, 0.6810164561229340441 ),
 .UNSPECIFIED. ) ;
#2700 = CARTESIAN_POINT ( 'NONE',  ( 62.41473744696790504, -64.41512050644961107, -2.000000000000000000 ) ) ;
#2701 = ORIENTED_EDGE ( 'NONE', *, *, #1644, .F. ) ;
#2702 = CARTESIAN_POINT ( 'NONE',  ( 84.47470512774550855, -30.60550607739100215, -25.83259219477539759 ) ) ;
#2703 = CARTESIAN_POINT ( 'NONE',  ( 83.06689654052050287, -35.00941314049379827, -22.73140851312510335 ) ) ;
#2704 = CARTESIAN_POINT ( 'NONE',  ( 81.63862013963769471, -35.28733646325769513, -22.22058052383999893 ) ) ;
#2705 = CARTESIAN_POINT ( 'NONE',  ( 64.41325207417520460, -62.39059020506739728, -1.000000000000000000 ) ) ;
#2706 = CARTESIAN_POINT ( 'NONE',  ( 64.39718391548831278, -61.24323166420400355, -3.000000000000000000 ) ) ;
#2707 = CARTESIAN_POINT ( 'NONE',  ( 85.16018577967079750, -32.97608452716880123, -22.06811378914790112 ) ) ;
#2708 = CARTESIAN_POINT ( 'NONE',  ( 89.69000000000001194, -1.425000000000000044, 0.000000000000000000 ) ) ;
#2709 = CARTESIAN_POINT ( 'NONE',  ( 82.43018117288849567, -33.57058218049270693, -26.98443922362100267 ) ) ;
#2710 = CARTESIAN_POINT ( 'NONE',  ( 83.34561512298820674, -34.94952042830160366, -26.49607663015510184 ) ) ;
#2711 = ORIENTED_EDGE ( 'NONE', *, *, #3988, .T. ) ;
#2712 = CARTESIAN_POINT ( 'NONE',  ( 89.66788806817149293, -2.793775344251060222, -9.729767780695249613 ) ) ;
#2713 = CARTESIAN_POINT ( 'NONE',  ( 80.77275560515309394, -33.97897756311780171, -22.61226909834280008 ) ) ;
#2714 = ORIENTED_EDGE ( 'NONE', *, *, #3907, .F. ) ;
#2715 = ADVANCED_FACE ( 'NONE', ( #5 ), #809, .T. ) ;
#2716 = VECTOR ( 'NONE', #3476, 1000.000000000000000 ) ;
#2717 = B_SPLINE_CURVE_WITH_KNOTS ( 'NONE', 3,
 ( #2496, #2188, #3826, #2164 ),
 .UNSPECIFIED., .F., .F.,
 ( 4, 4 ),
 ( 0.000000000000000000, 1.000000000000000000 ),
 .UNSPECIFIED. ) ;
#2718 = CARTESIAN_POINT ( 'NONE',  ( 61.05325612380379852, -62.39054546127929513, -7.140545694741219585 ) ) ;
#2719 = CARTESIAN_POINT ( 'NONE',  ( 85.82131460200460538, -33.38702496251049467, -23.01754706526649841 ) ) ;
#2720 = CARTESIAN_POINT ( 'NONE',  ( 83.03371925445408408, -34.18539289293289585, -27.01895255970069698 ) ) ;
#2721 = CARTESIAN_POINT ( 'NONE',  ( 80.14632153974531548, -36.21484853135029880, -26.39625673724099642 ) ) ;
#2722 = B_SPLINE_SURFACE_WITH_KNOTS ( 'NONE', 3, 3, ( 
 ( #4031, #1036, #2700, #3340 ),
 ( #1395, #2414, #1664, #2349 ),
 ( #4053, #3013, #2052, #3409 ),
 ( #707, #352, #2009, #3386 ),
 ( #3432, #4095, #3057, #1376 ) ),
 .UNSPECIFIED., .F., .F., .F.,
 ( 4, 1, 4 ),
 ( 4, 4 ),
 ( -1.570796326794899889, -0.8975979010256550650, 0.000000000000000000 ),
 ( 0.000000000000000000, 0.2999999999999999889 ),
 .UNSPECIFIED. ) ;
#2723 = EDGE_CURVE ( 'NONE', #4097, #2575, #4223, .T. ) ;
#2724 = CARTESIAN_POINT ( 'NONE',  ( 82.13593197963339776, -32.85617821361140045, -26.15797423079130013 ) ) ;
#2725 = ORIENTED_EDGE ( 'NONE', *, *, #2096, .F. ) ;
#2726 = CARTESIAN_POINT ( 'NONE',  ( 92.13185032281759845, 1.414831876947109990, -2.000000000000000000 ) ) ;
#2727 = CARTESIAN_POINT ( 'NONE',  ( 92.11999999999999034, 1.425000000000000044, 0.000000000000000000 ) ) ;
#2728 = CARTESIAN_POINT ( 'NONE',  ( 85.17944886233709667, -32.94406406569230228, -22.04947597843530005 ) ) ;
#2729 = CARTESIAN_POINT ( 'NONE',  ( 78.10321715843990376, -44.68266167297819891, -16.90064856215100164 ) ) ;
#2730 = CARTESIAN_POINT ( 'NONE',  ( 89.36787057864049189, -12.30137351133099877, -14.66312881029310056 ) ) ;
#2731 = FACE_OUTER_BOUND ( 'NONE', #2785, .T. ) ;
#2732 = DIRECTION ( 'NONE',  ( -0.9999217838717306961, 0.01250704356656649752, 0.000000000000000000 ) ) ;
#2733 = CARTESIAN_POINT ( 'NONE',  ( 85.04887800412352306, -32.89546123197808924, -22.04924100708009860 ) ) ;
#2734 = CARTESIAN_POINT ( 'NONE',  ( 83.54726314520411279, -34.59624511227609389, -26.90355817118839710 ) ) ;
#2735 = ORIENTED_EDGE ( 'NONE', *, *, #1781, .T. ) ;
#2736 = EDGE_CURVE ( 'NONE', #4313, #1416, #2040, .T. ) ;
#2737 = CARTESIAN_POINT ( 'NONE',  ( 88.68637042181511276, -21.66882645701170063, -20.61835741063949712 ) ) ;
#2738 = CARTESIAN_POINT ( 'NONE',  ( 87.75597938760429884, -21.52751604438449817, -20.44642606505840376 ) ) ;
#2739 = ORIENTED_EDGE ( 'NONE', *, *, #3558, .F. ) ;
#2740 = EDGE_CURVE ( 'NONE', #3490, #1232, #2105, .T. ) ;
#2741 = CARTESIAN_POINT ( 'NONE',  ( 61.28702168035719922, -63.30911428999150559, -7.438984787646750974 ) ) ;
#2742 = CARTESIAN_POINT ( 'NONE',  ( 81.77756487169389743, -33.08367621350829779, -23.32668417989490095 ) ) ;
#2743 = CARTESIAN_POINT ( 'NONE',  ( 85.17829837576960017, -32.94374924686339767, -22.04928134027490216 ) ) ;
#2744 = CARTESIAN_POINT ( 'NONE',  ( 65.28283900453479305, -59.03176035532079879, -6.482456041883419395 ) ) ;
#2745 = ORIENTED_EDGE ( 'NONE', *, *, #1488, .F. ) ;
#2746 = EDGE_CURVE ( 'NONE', #2106, #2208, #1131, .T. ) ;
#2747 = B_SPLINE_CURVE_WITH_KNOTS ( 'NONE', 3,
 ( #2166, #2566, #3922, #2498, #3189 ),
 .UNSPECIFIED., .F., .F.,
 ( 4, 1, 4 ),
 ( 0.000000000000000000, 0.5714285714285718409, 1.000000000000000000 ),
 .UNSPECIFIED. ) ;
#2748 = CARTESIAN_POINT ( 'NONE',  ( 79.81744592175590469, -37.16680441796100354, -25.94422416672529863 ) ) ;
#2749 = CARTESIAN_POINT ( 'NONE',  ( 83.42797959059429047, -32.49013459513299296, -23.10382128375530186 ) ) ;
#2750 = CARTESIAN_POINT ( 'NONE',  ( 80.88448471955659613, -34.94115199177340259, -22.19892396458040196 ) ) ;
#2751 = CARTESIAN_POINT ( 'NONE',  ( 78.11976755606040967, -45.06051547275680491, -17.47168829313109839 ) ) ;
#2752 =( NAMED_UNIT ( * ) SI_UNIT ( $, .STERADIAN. ) SOLID_ANGLE_UNIT ( ) );
#2753 = EDGE_CURVE ( 'NONE', #2024, #3510, #1386, .T. ) ;
#2754 = DIRECTION ( 'NONE',  ( 0.000000000000000000, 0.000000000000000000, 1.000000000000000000 ) ) ;
#2755 = CARTESIAN_POINT ( 'NONE',  ( 81.47930052556390024, -35.03529443411489552, -22.28037324364699856 ) ) ;
#2756 = CARTESIAN_POINT ( 'NONE',  ( 64.64820680723931901, -62.04239199109694169, -0.000000000000000000 ) ) ;
#2757 = ORIENTED_EDGE ( 'NONE', *, *, #2867, .T. ) ;
#2758 = CARTESIAN_POINT ( 'NONE',  ( 88.41714398956239052, -21.59895196484529833, -20.61964178606359965 ) ) ;
#2759 = CARTESIAN_POINT ( 'NONE',  ( 63.04575084993179246, -60.32266781336940653, -8.241774999169900084 ) ) ;
#2760 = VECTOR ( 'NONE', #2613, 1000.000000000000000 ) ;
#2761 = CARTESIAN_POINT ( 'NONE',  ( 85.91762100912809785, -30.96534869948780155, -25.96591399353509644 ) ) ;
#2762 = CARTESIAN_POINT ( 'NONE',  ( 70.84924384992170587, -51.74514186827089901, -12.05230659354650058 ) ) ;
#2763 = ORIENTED_EDGE ( 'NONE', *, *, #1114, .T. ) ;
#2764 = B_SPLINE_CURVE_WITH_KNOTS ( 'NONE', 3,
 ( #1197, #1173, #3952, #1898, #2218, #2571 ),
 .UNSPECIFIED., .F., .F.,
 ( 4, 2, 4 ),
 ( 0.000000000000000000, 0.5000000000000002220, 1.000000000000000000 ),
 .UNSPECIFIED. ) ;
#2765 = CARTESIAN_POINT ( 'NONE',  ( 85.39375564979889077, -33.00722307006610379, -22.07806505319415180 ) ) ;
#2766 = ORIENTED_EDGE ( 'NONE', *, *, #1724, .F. ) ;
#2767 = CARTESIAN_POINT ( 'NONE',  ( 64.53674345213669028, -61.15153345365860105, -10.41199843741179976 ) ) ;
#2768 = DIRECTION ( 'NONE',  ( 1.000000000000000000, 0.000000000000000000, 0.000000000000000000 ) ) ;
#2769 = FACE_OUTER_BOUND ( 'NONE', #4003, .T. ) ;
#2770 = CARTESIAN_POINT ( 'NONE',  ( 90.63108008009150751, -4.502359871914969780, -6.468677292666429324 ) ) ;
#2771 = EDGE_CURVE ( 'NONE', #2047, #3174, #3648, .T. ) ;
#2772 = CARTESIAN_POINT ( 'NONE',  ( 62.54713032985610965, -62.54713032985610965, 121.3619999999999948 ) ) ;
#2773 = CARTESIAN_POINT ( 'NONE',  ( 81.22812961845819757, -34.91981544498679568, -22.26931779530109878 ) ) ;
#2774 = CARTESIAN_POINT ( 'NONE',  ( 63.65774092044529198, -60.51111574416519545, 0.000000000000000000 ) ) ;
#2775 = ADVANCED_FACE ( 'NONE', ( #425 ), #3876, .T. ) ;
#2776 = ORIENTED_EDGE ( 'NONE', *, *, #2137, .F. ) ;
#2777 = B_SPLINE_CURVE_WITH_KNOTS ( 'NONE', 3,
 ( #3220, #2484, #1517, #2883, #89 ),
 .UNSPECIFIED., .F., .F.,
 ( 4, 1, 4 ),
 ( 0.000000000000000000, 0.2894265773048950163, 0.6753286803780890191 ),
 .UNSPECIFIED. ) ;
#2778 = CARTESIAN_POINT ( 'NONE',  ( 83.35525192103359871, -35.10150256865009766, -23.40936097806359939 ) ) ;
#2779 = CARTESIAN_POINT ( 'NONE',  ( 83.09521709955299684, -35.12210280355839842, -25.29035806486639970 ) ) ;
#2780 = CARTESIAN_POINT ( 'NONE',  ( 60.68316292055919803, -62.72750815156449988, -4.201992136006560408 ) ) ;
#2781 = CARTESIAN_POINT ( 'NONE',  ( 63.92404669785010896, -60.59171594433880870, -10.42234462248899973 ) ) ;
#2782 = CARTESIAN_POINT ( 'NONE',  ( 90.55180068777239910, 1.378958771248919968, -7.503943081828819750 ) ) ;
#2783 = ORIENTED_EDGE ( 'NONE', *, *, #925, .F. ) ;
#2784 = VECTOR ( 'NONE', #2666, 1000.000000000000000 ) ;
#2785 = EDGE_LOOP ( 'NONE', ( #2340, #1567, #1819, #3649 ) ) ;
#2786 = ADVANCED_FACE ( 'NONE', ( #3172 ), #1121, .T. ) ;
#2787 = CARTESIAN_POINT ( 'NONE',  ( 77.43112729844300191, -46.26347450926589744, -19.96546841326559729 ) ) ;
#2788 = CARTESIAN_POINT ( 'NONE',  ( 83.66535137441400138, -32.22842885237010080, -22.91642290135360227 ) ) ;
#2789 = CARTESIAN_POINT ( 'NONE',  ( 92.11197602216388702, -0.4950625008123020199, -3.887843281144959917 ) ) ;
#2790 = CARTESIAN_POINT ( 'NONE',  ( 86.51169042152578470, -31.67228891493569520, -25.29710123258050203 ) ) ;
#2791 = EDGE_LOOP ( 'NONE', ( #660, #1745, #960, #2869, #739 ) ) ;
#2792 = CARTESIAN_POINT ( 'NONE',  ( 90.47145822185319730, -2.221481615920239960, -2.000000000000000000 ) ) ;
#2793 = VECTOR ( 'NONE', #2529, 999.9999999999998863 ) ;
#2794 = ADVANCED_FACE ( 'NONE', ( #3859 ), #3165, .T. ) ;
#2795 = CARTESIAN_POINT ( 'NONE',  ( 82.81921563880278825, -33.67592911734439554, -26.99319056078759971 ) ) ;
#2796 = CARTESIAN_POINT ( 'NONE',  ( 62.78844822984769536, -60.54899834191829910, -3.701010343453519980 ) ) ;
#2797 = CARTESIAN_POINT ( 'NONE',  ( 83.07314603998290181, -33.36264247132780270, -22.49481110307720400 ) ) ;
#2798 = EDGE_LOOP ( 'NONE', ( #2470, #1332, #1883, #4317 ) ) ;
#2799 = CARTESIAN_POINT ( 'NONE',  ( 83.80367817075590153, -34.95058161563630250, -23.42170548272749642 ) ) ;
#2800 = CARTESIAN_POINT ( 'NONE',  ( 84.29700815406201286, -30.64009527057789839, -25.40168735951560208 ) ) ;
#2801 = CARTESIAN_POINT ( 'NONE',  ( 92.11999999999999034, -1.604519580205129969, 0.000000000000000000 ) ) ;
#2802 = CARTESIAN_POINT ( 'NONE',  ( 85.89712947495679884, -31.03964123981399936, -26.00567145642240163 ) ) ;
#2803 = LINE ( 'NONE', #2845, #2499 ) ;
#2804 = ORIENTED_EDGE ( 'NONE', *, *, #42, .F. ) ;
#2805 = ORIENTED_EDGE ( 'NONE', *, *, #1453, .T. ) ;
#2806 = FACE_OUTER_BOUND ( 'NONE', #920, .T. ) ;
#2807 = FACE_OUTER_BOUND ( 'NONE', #3197, .T. ) ;
#2808 = CARTESIAN_POINT ( 'NONE',  ( 62.42279275368800029, -64.41565653174690453, -3.000000000000000000 ) ) ;
#2809 = CARTESIAN_POINT ( 'NONE',  ( 85.62602638591471305, -33.53525784314270197, -26.34869435441129681 ) ) ;
#2810 = CARTESIAN_POINT ( 'NONE',  ( 90.48999999999999488, -2.225000000000000089, 0.000000000000000000 ) ) ;
#2811 = CARTESIAN_POINT ( 'NONE',  ( 85.66960848122570837, -30.83224981127729691, -25.94533433763520236 ) ) ;
#2812 = CARTESIAN_POINT ( 'NONE',  ( 83.31623895468739249, -34.03521539493519299, -27.01395035854499937 ) ) ;
#2813 = CARTESIAN_POINT ( 'NONE',  ( 82.30534697151840362, -34.58942896337779871, -22.54167630999679872 ) ) ;
#2814 = CARTESIAN_POINT ( 'NONE',  ( 84.60329456558258698, -33.38511485514560206, -22.36962675618709895 ) ) ;
#2815 = CARTESIAN_POINT ( 'NONE',  ( 83.78666326088669791, -32.01230247825640163, -22.74866737753250234 ) ) ;
#2816 = B_SPLINE_CURVE_WITH_KNOTS ( 'NONE', 3,
 ( #763, #4198, #2514, #3870, #1767 ),
 .UNSPECIFIED., .F., .F.,
 ( 4, 1, 4 ),
 ( 0.000000000000000000, 0.5714285714285701756, 1.000000000000000000 ),
 .UNSPECIFIED. ) ;
#2817 = ORIENTED_EDGE ( 'NONE', *, *, #2220, .F. ) ;
#2818 = CARTESIAN_POINT ( 'NONE',  ( 83.78605958916899965, -32.01174278706979948, -22.74923499587520226 ) ) ;
#2819 = CARTESIAN_POINT ( 'NONE',  ( 80.97695871135260859, -34.80433645585869584, -22.25826234695520256 ) ) ;
#2820 = CARTESIAN_POINT ( 'NONE',  ( 62.00846026033929803, -61.35898700676460038, -3.000000000000000000 ) ) ;
#2821 = CARTESIAN_POINT ( 'NONE',  ( 89.14843566959281418, -13.63365721413180154, -12.14946546267320038 ) ) ;
#2822 = DIRECTION ( 'NONE',  ( 1.734723475976807094E-14, -1.000000000000000000, 0.000000000000000000 ) ) ;
#2823 = ORIENTED_EDGE ( 'NONE', *, *, #573, .T. ) ;
#2824 = ADVANCED_FACE ( 'NONE', ( #1106 ), #1965, .T. ) ;
#2825 = EDGE_LOOP ( 'NONE', ( #2320, #3204, #2090, #2161 ) ) ;
#2826 = CARTESIAN_POINT ( 'NONE',  ( 71.29561337971610158, -54.35578004301219579, -15.39907836783740080 ) ) ;
#2827 = CARTESIAN_POINT ( 'NONE',  ( 84.39240926681860344, -32.66933352194709528, -22.05923583465040139 ) ) ;
#2828 = CARTESIAN_POINT ( 'NONE',  ( 92.12584581309829446, 0.4597667894056959859, -3.000000000000000000 ) ) ;
#2829 = CARTESIAN_POINT ( 'NONE',  ( 80.95498189180801774, -35.31698916880269934, -22.05022366527909838 ) ) ;
#2830 = CARTESIAN_POINT ( 'NONE',  ( 90.48072370083480109, -2.223269813863570032, -1.000000000000000000 ) ) ;
#2831 = DIRECTION ( 'NONE',  ( 0.3061922327165592095, 0.8202493876126796257, 0.4831534525852761441 ) ) ;
#2832 = CARTESIAN_POINT ( 'NONE',  ( 82.64442693435509568, -34.08041488651110029, -27.00307100682420014 ) ) ;
#2833 = CARTESIAN_POINT ( 'NONE',  ( 90.49166105173999597, -2.465386499994330016, -10.43230520924289983 ) ) ;
#2834 = CARTESIAN_POINT ( 'NONE',  ( 81.51450220885290321, -34.49170417240650011, -22.46676956466870223 ) ) ;
#2835 = CARTESIAN_POINT ( 'NONE',  ( 62.69562275390519801, -60.68036842752359661, 0.000000000000000000 ) ) ;
#2836 = CARTESIAN_POINT ( 'NONE',  ( 89.64929494021099288, -2.057625202524239860, -5.307731690225209853 ) ) ;
#2837 = ORIENTED_EDGE ( 'NONE', *, *, #933, .T. ) ;
#2838 = CARTESIAN_POINT ( 'NONE',  ( 83.53777952261171436, -34.45377587472140846, -22.58058841830780139 ) ) ;
#2839 = CARTESIAN_POINT ( 'NONE',  ( 85.64836322807178703, -30.90527400530029922, -25.98640765139940001 ) ) ;
#2840 = CARTESIAN_POINT ( 'NONE',  ( 83.18952422963491244, -32.32884384265980060, -26.04081451280759651 ) ) ;
#2841 = CARTESIAN_POINT ( 'NONE',  ( 92.12694324335600982, 1.659283296470419833, -1.000000000000000000 ) ) ;
#2842 = ORIENTED_EDGE ( 'NONE', *, *, #2471, .T. ) ;
#2843 = B_SPLINE_SURFACE_WITH_KNOTS ( 'NONE', 3, 3, ( 
 ( #2369, #2093, #746, #3076, #1350 ),
 ( #390, #3096, #1051, #4050, #662 ),
 ( #2049, #2112, #15, #3118, #1747 ),
 ( #52, #2696, #3382, #2742, #1415 ) ),
 .UNSPECIFIED., .F., .F., .F.,
 ( 4, 4 ),
 ( 4, 1, 4 ),
 ( 0.000000000000000000, 0.2849999999999999756 ),
 ( 0.000000000000000000, 0.1421585948629860152, 0.2487775410102249785 ),
 .UNSPECIFIED. ) ;
#2844 = CARTESIAN_POINT ( 'NONE',  ( 81.51664942101240285, -37.31057275623340530, -25.63563177603200316 ) ) ;
#2845 = CARTESIAN_POINT ( 'NONE',  ( 90.35470668890360457, -4.490049741212129852, -6.471941303973379966 ) ) ;
#2846 = EDGE_CURVE ( 'NONE', #1998, #435, #980, .T. ) ;
#2847 = ORIENTED_EDGE ( 'NONE', *, *, #91, .T. ) ;
#2848 = ORIENTED_EDGE ( 'NONE', *, *, #3155, .F. ) ;
#2849 = B_SPLINE_CURVE_WITH_KNOTS ( 'NONE', 3,
 ( #1740, #1063, #3441, #3753, #2085 ),
 .UNSPECIFIED., .F., .F.,
 ( 4, 1, 4 ),
 ( -1.838222795761270110E-15, 0.8975979010256521784, 1.286976375921732085 ),
 .UNSPECIFIED. ) ;
#2850 = CYLINDRICAL_SURFACE ( 'NONE', #72, 0.7999999999999951594 ) ;
#2851 = CARTESIAN_POINT ( 'NONE',  ( 83.04762636666188769, -34.40427869112369308, -22.57280778961569823 ) ) ;
#2852 = EDGE_CURVE ( 'NONE', #1645, #3670, #3166, .T. ) ;
#2853 = DIRECTION ( 'NONE',  ( 0.1686566306524300840, 0.4527607365386431826, -0.8755356397006093250 ) ) ;
#2854 = CIRCLE ( 'NONE', #3425, 0.7999999999999999334 ) ;
#2855 = CARTESIAN_POINT ( 'NONE',  ( 60.51391662356930112, -62.88241027947020001, -2.000000000000000000 ) ) ;
#2856 = CARTESIAN_POINT ( 'NONE',  ( 79.26150359942759849, -36.80945658801879716, -25.76836350418750143 ) ) ;
#2857 = CARTESIAN_POINT ( 'NONE',  ( 60.68036842752359661, -63.82699360380370024, 0.000000000000000000 ) ) ;
#2858 = CARTESIAN_POINT ( 'NONE',  ( 70.00440513483080451, -52.92906618223779702, -14.71390396320430050 ) ) ;
#2859 = FACE_OUTER_BOUND ( 'NONE', #4222, .T. ) ;
#2860 = CARTESIAN_POINT ( 'NONE',  ( 82.63147706528859260, -32.80860503211199841, -23.03628196461550104 ) ) ;
#2861 = VECTOR ( 'NONE', #1903, 1000.000000000000114 ) ;
#2862 = CARTESIAN_POINT ( 'NONE',  ( 85.53301610295599744, -33.53091876396260318, -22.40913245038600010 ) ) ;
#2863 = EDGE_LOOP ( 'NONE', ( #3331, #571, #480, #2745, #1052 ) ) ;
#2864 = CARTESIAN_POINT ( 'NONE',  ( 83.35598429970688983, -35.11329601323380700, -23.17024213640279839 ) ) ;
#2865 = CARTESIAN_POINT ( 'NONE',  ( 85.37921945184200467, -30.84484806922180056, -26.00728589925470047 ) ) ;
#2866 = CARTESIAN_POINT ( 'NONE',  ( 91.91468142055120438, -2.595539112886970035, -10.28523421754869993 ) ) ;
#2867 = EDGE_CURVE ( 'NONE', #4295, #1680, #3803, .T. ) ;
#2868 = CARTESIAN_POINT ( 'NONE',  ( 82.24699776986550148, -35.44718419114290242, -22.45141609656099746 ) ) ;
#2869 = ORIENTED_EDGE ( 'NONE', *, *, #396, .T. ) ;
#2870 = CARTESIAN_POINT ( 'NONE',  ( 87.18284590969570047, -23.09849033190310053, -17.42221426626289826 ) ) ;
#2871 = VERTEX_POINT ( 'NONE', #3402 ) ;
#2872 = ORIENTED_EDGE ( 'NONE', *, *, #2528, .F. ) ;
#2873 = CARTESIAN_POINT ( 'NONE',  ( 85.39375564979889077, -33.00722307006610379, -22.07806505319415180 ) ) ;
#2874 = CARTESIAN_POINT ( 'NONE',  ( 90.45320137793740400, -2.217839553051200063, -3.591376714073129861 ) ) ;
#2875 = CARTESIAN_POINT ( 'NONE',  ( 85.09038415682830703, -32.85673955512670119, -26.82470833621500006 ) ) ;
#2876 = CARTESIAN_POINT ( 'NONE',  ( 85.15050497603989754, -32.99218439809709480, -22.07723320787389909 ) ) ;
#2877 = EDGE_CURVE ( 'NONE', #869, #2116, #3831, .T. ) ;
#2878 = CARTESIAN_POINT ( 'NONE',  ( 82.00360519987549424, -33.79113562191310649, -26.98956333228370141 ) ) ;
#2879 = CARTESIAN_POINT ( 'NONE',  ( 81.46256042720419543, -37.48376150225709580, -25.24419811672559888 ) ) ;
#2880 = CARTESIAN_POINT ( 'NONE',  ( 79.62530181966310749, -35.64663953282789777, -23.58156054994880080 ) ) ;
#2881 = CARTESIAN_POINT ( 'NONE',  ( 82.88195394503109981, -32.63447466020370058, -24.19207748553440140 ) ) ;
#2882 = CARTESIAN_POINT ( 'NONE',  ( 83.46762976596119188, -34.28903797789940455, -22.56763787123239595 ) ) ;
#2883 = CARTESIAN_POINT ( 'NONE',  ( 62.88798225079899851, -61.69264360889650334, -9.626526249502520116 ) ) ;
#2884 = EDGE_CURVE ( 'NONE', #2623, #1570, #1076, .T. ) ;
#2885 = ORIENTED_EDGE ( 'NONE', *, *, #2846, .F. ) ;
#2886 = CARTESIAN_POINT ( 'NONE',  ( 81.74884726229340970, -36.83361927573300676, -24.56970627797780082 ) ) ;
#2887 = CARTESIAN_POINT ( 'NONE',  ( 82.41324507880578665, -32.86415863850579910, -23.29622545271629974 ) ) ;
#2888 = CARTESIAN_POINT ( 'NONE',  ( 64.44801064744828523, -58.77261866801330115, -7.200722844752410090 ) ) ;
#2889 = CARTESIAN_POINT ( 'NONE',  ( 91.49951958020510290, 2.225000000000000089, 0.000000000000000000 ) ) ;
#2890 = ORIENTED_EDGE ( 'NONE', *, *, #2942, .T. ) ;
#2891 = CARTESIAN_POINT ( 'NONE',  ( 80.73775377931129071, -37.58172998959079791, -25.94423629426210454 ) ) ;
#2892 = ORIENTED_EDGE ( 'NONE', *, *, #2942, .F. ) ;
#2893 = ORIENTED_EDGE ( 'NONE', *, *, #3883, .F. ) ;
#2894 = CARTESIAN_POINT ( 'NONE',  ( 89.65279770558669270, -2.595544418392819797, -7.486659744323850063 ) ) ;
#2895 = CARTESIAN_POINT ( 'NONE',  ( 90.73884931462879422, -2.223095828087890524, -3.000000000000000000 ) ) ;
#2896 = CARTESIAN_POINT ( 'NONE',  ( 89.68607101129941839, -0.4648566460335040174, -2.000000000000000000 ) ) ;
#2897 = CARTESIAN_POINT ( 'NONE',  ( 85.16018577967079750, -32.97608452716880123, -22.06811378914779809 ) ) ;
#2898 = B_SPLINE_CURVE_WITH_KNOTS ( 'NONE', 3,
 ( #3851, #487, #1892, #1146, #861 ),
 .UNSPECIFIED., .F., .F.,
 ( 4, 1, 4 ),
 ( 0.000000000000000000, 0.4285714285714298799, 1.000000000000000000 ),
 .UNSPECIFIED. ) ;
#2899 = VECTOR ( 'NONE', #107, 1000.000000000000000 ) ;
#2900 = CARTESIAN_POINT ( 'NONE',  ( 81.64903174451279710, -33.08669670135230234, -26.17596191737870015 ) ) ;
#2901 = CARTESIAN_POINT ( 'NONE',  ( 82.00360519987549424, -33.79113562191310649, -26.98956333228370141 ) ) ;
#2902 = CARTESIAN_POINT ( 'NONE',  ( 64.00817670999389009, -60.86332602118740454, -2.000000000000000000 ) ) ;
#2903 = CARTESIAN_POINT ( 'NONE',  ( 83.81025660683049239, -31.90576382952459866, -23.80896836756420143 ) ) ;
#2904 = CARTESIAN_POINT ( 'NONE',  ( 91.56455520370700185, -13.99721409629899860, -12.12697224890250070 ) ) ;
#2905 = EDGE_CURVE ( 'NONE', #1005, #1886, #3736, .T. ) ;
#2906 = CARTESIAN_POINT ( 'NONE',  ( 85.73574234794099880, -33.13887070028250292, -22.20464679209150205 ) ) ;
#2907 = EDGE_LOOP ( 'NONE', ( #2944, #3365, #596, #210 ) ) ;
#2908 = CARTESIAN_POINT ( 'NONE',  ( 91.56101722198729931, 1.355800856312419977, -7.492703824880949881 ) ) ;
#2909 = FACE_OUTER_BOUND ( 'NONE', #2917, .T. ) ;
#2910 = DIRECTION ( 'NONE',  ( -0.02929668752639400311, -0.09073022361151979187, 0.9954444889713259803 ) ) ;
#2911 = CARTESIAN_POINT ( 'NONE',  ( 82.07718223564276627, -36.12060500222223425, -22.54083241453515285 ) ) ;
#2912 = B_SPLINE_CURVE_WITH_KNOTS ( 'NONE', 3,
 ( #463, #1820, #1508, #2873 ),
 .UNSPECIFIED., .F., .F.,
 ( 4, 4 ),
 ( 0.000000000000000000, 0.9999949559121261711 ),
 .UNSPECIFIED. ) ;
#2913 = CARTESIAN_POINT ( 'NONE',  ( 81.71141115766360485, -35.49336915742269838, -22.14217856524360073 ) ) ;
#2914 = VERTEX_POINT ( 'NONE', #3711 ) ;
#2915 = CARTESIAN_POINT ( 'NONE',  ( 83.78605958916899965, -32.01174278706979948, -22.74923499587520226 ) ) ;
#2916 = EDGE_LOOP ( 'NONE', ( #1762, #2492, #3160, #917 ) ) ;
#2917 = EDGE_LOOP ( 'NONE', ( #1470, #393, #2670, #2512 ) ) ;
#2918 = LINE ( 'NONE', #2564, #1752 ) ;
#2919 = CARTESIAN_POINT ( 'NONE',  ( 65.89553575882149516, -59.59157786464049877, -6.472109856806310013 ) ) ;
#2920 = CARTESIAN_POINT ( 'NONE',  ( 92.03378152288783554, 1.842589327010625055, -0.000000000000000000 ) ) ;
#2921 = B_SPLINE_SURFACE_WITH_KNOTS ( 'NONE', 3, 3, ( 
 ( #3752, #776, #695, #3088, #3149 ),
 ( #424, #2796, #2061, #4163, #3417 ),
 ( #2149, #25, #1803, #4105, #2104 ),
 ( #1044, #2422, #755, #87, #3774 ),
 ( #2125, #3461, #716, #404, #1760 ) ),
 .UNSPECIFIED., .F., .F., .F.,
 ( 4, 1, 4 ),
 ( 4, 1, 4 ),
 ( -1.570796326794899889, -0.8975979010256550650, 0.000000000000000000 ),
 ( 0.000000000000000000, 0.2894265773048950163, 0.6753286803780890191 ),
 .UNSPECIFIED. ) ;
#2922 = CARTESIAN_POINT ( 'NONE',  ( 82.88927893794320312, -35.23397050396380337, -24.31461594048609953 ) ) ;
#2923 = ADVANCED_FACE ( 'NONE', ( #774 ), #680, .F. ) ;
#2924 = CARTESIAN_POINT ( 'NONE',  ( 80.55695642943440760, -33.83877492145009569, -26.15697105103060238 ) ) ;
#2925 = CARTESIAN_POINT ( 'NONE',  ( 90.28056048976065995, -2.224999999999999201, 0.000000000000000000 ) ) ;
#2926 = CARTESIAN_POINT ( 'NONE',  ( 62.39863790580689340, -64.41389223218850191, 121.3619999999999948 ) ) ;
#2927 = CARTESIAN_POINT ( 'NONE',  ( 83.18952422963491244, -32.32884384265980060, -26.04081451280759651 ) ) ;
#2928 = CIRCLE ( 'NONE', #4270, 0.7999999999999999334 ) ;
#2929 = CYLINDRICAL_SURFACE ( 'NONE', #4357, 0.8000000000000011546 ) ;
#2930 = ORIENTED_EDGE ( 'NONE', *, *, #3717, .F. ) ;
#2931 = EDGE_CURVE ( 'NONE', #99, #2024, #2960, .T. ) ;
#2932 = B_SPLINE_CURVE_WITH_KNOTS ( 'NONE', 3,
 ( #3216, #2594, #1558, #4281 ),
 .UNSPECIFIED., .F., .F.,
 ( 4, 4 ),
 ( 0.000000000000000000, 0.2999999999999999889 ),
 .UNSPECIFIED. ) ;
#2933 = CARTESIAN_POINT ( 'NONE',  ( 91.52730125112098847, 2.217390286823800238, -3.000000000000000000 ) ) ;
#2934 = CARTESIAN_POINT ( 'NONE',  ( 80.48455725593879606, -35.10489578141690004, -22.05021746616639788 ) ) ;
#2935 = CARTESIAN_POINT ( 'NONE',  ( 65.73083559126371256, -60.97231921705240154, -6.509473330870650720 ) ) ;
#2936 = FACE_OUTER_BOUND ( 'NONE', #551, .T. ) ;
#2937 = VERTEX_POINT ( 'NONE', #1028 ) ;
#2938 = CARTESIAN_POINT ( 'NONE',  ( 90.77594296583190214, 2.225576728712149954, -1.000000000000000000 ) ) ;
#2939 = CARTESIAN_POINT ( 'NONE',  ( 92.13772750448649163, 1.409692484083840069, -3.000000000000000000 ) ) ;
#2940 = EDGE_CURVE ( 'NONE', #3624, #3895, #765, .T. ) ;
#2941 = ORIENTED_EDGE ( 'NONE', *, *, #4266, .F. ) ;
#2942 = EDGE_CURVE ( 'NONE', #1232, #943, #3380, .T. ) ;
#2943 = CARTESIAN_POINT ( 'NONE',  ( 85.36128842827700680, -33.99569661604900261, -24.25851370120540196 ) ) ;
#2944 = ORIENTED_EDGE ( 'NONE', *, *, #3155, .T. ) ;
#2945 = ADVANCED_FACE ( 'NONE', ( #2022 ), #3668, .T. ) ;
#2946 = ORIENTED_EDGE ( 'NONE', *, *, #3074, .T. ) ;
#2947 = CARTESIAN_POINT ( 'NONE',  ( 89.68228935870919827, -0.4548150013613169729, -3.893053092046530050 ) ) ;
#2948 = CARTESIAN_POINT ( 'NONE',  ( 86.46444034335141282, -31.20397978296239927, -25.81796292218910338 ) ) ;
#2949 = CARTESIAN_POINT ( 'NONE',  ( 81.22812961845819757, -34.91981544498679568, -22.26931779530109878 ) ) ;
#2950 = CARTESIAN_POINT ( 'NONE',  ( 84.65155147332099261, -32.76623518288879922, -22.05910984996680213 ) ) ;
#2951 = CARTESIAN_POINT ( 'NONE',  ( 80.03426026463588983, -36.54081509135069439, -26.26851088436799841 ) ) ;
#2952 = CARTESIAN_POINT ( 'NONE',  ( 80.06966342426861161, -37.28051798733449829, -25.94422749037079967 ) ) ;
#2953 = CARTESIAN_POINT ( 'NONE',  ( 80.70276438929528240, -35.20327559942919748, -22.05022034163359734 ) ) ;
#2954 = CARTESIAN_POINT ( 'NONE',  ( 60.68588597992449962, -63.83504130454320347, -1.000000000000000000 ) ) ;
#2955 = CARTESIAN_POINT ( 'NONE',  ( 63.26130817885450597, -61.24605385247279798, 0.000000000000000000 ) ) ;
#2956 = CARTESIAN_POINT ( 'NONE',  ( 86.51169042152568522, -31.67228891493559928, -25.29710123258050203 ) ) ;
#2957 = DIRECTION ( 'NONE',  ( 0.7071067811865580088, -0.7071067811865370256, 0.000000000000000000 ) ) ;
#2958 = CARTESIAN_POINT ( 'NONE',  ( 79.82324927451520580, -35.23656120624530530, -23.77844952300119985 ) ) ;
#2959 = CARTESIAN_POINT ( 'NONE',  ( 91.05015557740100007, -12.17126651224990042, -15.35363048139300091 ) ) ;
#2960 = B_SPLINE_CURVE_WITH_KNOTS ( 'NONE', 3,
 ( #2712, #3497, #1721, #8, #3168 ),
 .UNSPECIFIED., .F., .F.,
 ( 4, 1, 4 ),
 ( 0.000000000000000000, 0.4285714285714298799, 1.000000000000000000 ),
 .UNSPECIFIED. ) ;
#2961 = ORIENTED_EDGE ( 'NONE', *, *, #135, .F. ) ;
#2962 = B_SPLINE_CURVE_WITH_KNOTS ( 'NONE', 3,
 ( #2029, #3056, #330, #2394 ),
 .UNSPECIFIED., .F., .F.,
 ( 4, 4 ),
 ( -1.957991609067750050, -1.639188761265319982 ),
 .UNSPECIFIED. ) ;
#2963 = B_SPLINE_SURFACE_WITH_KNOTS ( 'NONE', 3, 3, ( 
 ( #511, #3538, #3232, #3587 ),
 ( #1532, #2544, #2896, #2260 ),
 ( #1190, #1869, #793, #2520 ),
 ( #1823, #3898, #1218, #2589 ) ),
 .UNSPECIFIED., .F., .F., .F.,
 ( 4, 4 ),
 ( 4, 4 ),
 ( -0.2849999999999999756, 0.000000000000000000 ),
 ( 0.000000000000000000, 0.2999999999999999889 ),
 .UNSPECIFIED. ) ;
#2964 = CARTESIAN_POINT ( 'NONE',  ( 83.85934187705609588, -34.77819419077430041, -25.31305001177300085 ) ) ;
#2965 = ORIENTED_EDGE ( 'NONE', *, *, #1353, .F. ) ;
#2966 = EDGE_CURVE ( 'NONE', #4293, #365, #2644, .T. ) ;
#2967 = EDGE_LOOP ( 'NONE', ( #4078, #3872, #3221, #1094 ) ) ;
#2968 = DIRECTION ( 'NONE',  ( 0.000000000000000000, 1.000000000000000000, 0.000000000000000000 ) ) ;
#2969 = CARTESIAN_POINT ( 'NONE',  ( 81.77756487169389743, -33.08367621350829779, -23.32668417989490095 ) ) ;
#2970 = CARTESIAN_POINT ( 'NONE',  ( 86.22134705739701133, -31.06969170219781162, -25.89188651780732187 ) ) ;
#2971 = B_SPLINE_SURFACE_WITH_KNOTS ( 'NONE', 3, 3, ( 
 ( #381, #3792, #3107, #3460, #1424 ),
 ( #1802, #470, #2503, #3857, #1405 ),
 ( #2442, #2170, #798, #43, #3130 ),
 ( #2124, #3479, #1084, #1827, #402 ) ),
 .UNSPECIFIED., .F., .F., .F.,
 ( 4, 4 ),
 ( 4, 1, 4 ),
 ( 0.000000000000000000, 0.08300000000000230804 ),
 ( 0.000000000000000000, 0.1172198319751709961, 0.2735129412753989908 ),
 .UNSPECIFIED. ) ;
#2972 = EDGE_CURVE ( 'NONE', #2562, #2350, #717, .T. ) ;
#2973 = DIRECTION ( 'NONE',  ( 0.01937964361156239643, -0.02837944986541159065, 0.9994093436819696530 ) ) ;
#2974 = CARTESIAN_POINT ( 'NONE',  ( 81.88655148373850068, -33.58074038395909611, -26.98545102651799965 ) ) ;
#2975 = CARTESIAN_POINT ( 'NONE',  ( 82.94834934870499410, -35.22671376567910073, -23.12544169048210208 ) ) ;
#2976 = DIRECTION ( 'NONE',  ( 0.01250704356656649752, 0.9999217838717306961, 0.000000000000000000 ) ) ;
#2977 = CARTESIAN_POINT ( 'NONE',  ( 64.40837467978758468, -61.25921935516900163, -1.000000000000000000 ) ) ;
#2978 = CARTESIAN_POINT ( 'NONE',  ( 89.36787057864049189, -12.30137351133099877, -14.66312881029310056 ) ) ;
#2979 = CARTESIAN_POINT ( 'NONE',  ( 85.73574279119000607, -33.13887123031099691, -22.20464615126419972 ) ) ;
#2980 = CARTESIAN_POINT ( 'NONE',  ( 62.95901628851499510, -63.91110639906310809, -6.981468121001079830 ) ) ;
#2981 = CARTESIAN_POINT ( 'NONE',  ( 79.92402632211540947, -35.02511706659750246, -23.85359595019210133 ) ) ;
#2982 = CARTESIAN_POINT ( 'NONE',  ( 83.61683479678380593, -34.82677705761930298, -26.26323198759159894 ) ) ;
#2983 = B_SPLINE_CURVE_WITH_KNOTS ( 'NONE', 3,
 ( #1922, #471, #3284, #158 ),
 .UNSPECIFIED., .F., .F.,
 ( 4, 4 ),
 ( 0.000000000000000000, 1.000000000000000000 ),
 .UNSPECIFIED. ) ;
#2984 = EDGE_LOOP ( 'NONE', ( #3765, #766, #2582, #1659 ) ) ;
#2985 = EDGE_CURVE ( 'NONE', #1506, #3836, #4279, .T. ) ;
#2986 = FACE_OUTER_BOUND ( 'NONE', #2031, .T. ) ;
#2987 = ORIENTED_EDGE ( 'NONE', *, *, #1562, .T. ) ;
#2988 = ORIENTED_EDGE ( 'NONE', *, *, #1571, .F. ) ;
#2989 = EDGE_CURVE ( 'NONE', #3785, #2871, #1035, .T. ) ;
#2990 = CARTESIAN_POINT ( 'NONE',  ( 79.81744592175590469, -37.16680441796089696, -25.94422416672529863 ) ) ;
#2991 = CARTESIAN_POINT ( 'NONE',  ( 83.78666326088669791, -32.01230247825640163, -22.74866737753250234 ) ) ;
#2992 = CARTESIAN_POINT ( 'NONE',  ( 63.80274413716880133, -60.66397235271089983, -3.000000000000000000 ) ) ;
#2993 = FACE_OUTER_BOUND ( 'NONE', #3983, .T. ) ;
#2994 = CARTESIAN_POINT ( 'NONE',  ( 82.61425160490229302, -35.38426243283289807, -23.29071198377629770 ) ) ;
#2995 = EDGE_CURVE ( 'NONE', #3174, #277, #823, .T. ) ;
#2996 = CARTESIAN_POINT ( 'NONE',  ( 82.93761765133129416, -32.46208723534180507, -26.08342201457989873 ) ) ;
#2997 = CARTESIAN_POINT ( 'NONE',  ( 70.87749290838409877, -54.04823461462049750, -15.40396581947999977 ) ) ;
#2998 = CARTESIAN_POINT ( 'NONE',  ( 80.40581134836020283, -34.60067469046739319, -22.37037312740620010 ) ) ;
#2999 = CARTESIAN_POINT ( 'NONE',  ( 83.75907899479879859, -32.06734696708730326, -22.78822509596429668 ) ) ;
#3000 = CARTESIAN_POINT ( 'NONE',  ( 80.70276438929528240, -35.20327559942919748, -22.05022034163359734 ) ) ;
#3001 = CARTESIAN_POINT ( 'NONE',  ( 64.39718391548831278, -61.24323166420400355, -3.000000000000000000 ) ) ;
#3002 = COLOUR_RGB ( '',0.8666666666666666963, 0.8666666666666666963, 0.05098039215686274439 ) ;
#3003 = CARTESIAN_POINT ( 'NONE',  ( 86.46292735500540516, -31.78546722153600257, -24.82981313640249965 ) ) ;
#3004 = LINE ( 'NONE', #3598, #294 ) ;
#3005 = CARTESIAN_POINT ( 'NONE',  ( 63.85218875726340571, -59.42770488785379968, -6.728250990539080156 ) ) ;
#3006 = VERTEX_POINT ( 'NONE', #537 ) ;
#3007 = CARTESIAN_POINT ( 'NONE',  ( 86.13790438694749696, -32.69567152102440133, -24.76601005329070304 ) ) ;
#3008 = EDGE_LOOP ( 'NONE', ( #3091, #3816, #1165, #4044, #1049 ) ) ;
#3009 = DIRECTION ( 'NONE',  ( 1.000000000000000000, 0.000000000000000000, 0.000000000000000000 ) ) ;
#3010 = CARTESIAN_POINT ( 'NONE',  ( 86.56232725800009575, -31.53199293005599912, -25.49100443742949906 ) ) ;
#3011 = CARTESIAN_POINT ( 'NONE',  ( 65.38368549400099994, -60.16267661244850018, -6.072061531418629698 ) ) ;
#3012 = DIRECTION ( 'NONE',  ( 0.8446649072427878657, 0.000000000000000000, -0.5352954272852820106 ) ) ;
#3013 = CARTESIAN_POINT ( 'NONE',  ( 61.88102306240649852, -64.73694672227341584, -1.000000000000000000 ) ) ;
#3014 = EDGE_LOOP ( 'NONE', ( #1902, #3524, #3582, #3405, #1047 ) ) ;
#3015 = CARTESIAN_POINT ( 'NONE',  ( 84.76069427779511045, -31.18538395796819884, -26.31278933284850297 ) ) ;
#3016 = CARTESIAN_POINT ( 'NONE',  ( 82.35209956592200342, -35.66239425331649926, -22.84472827395049777 ) ) ;
#3017 = LINE ( 'NONE', #3658, #3534 ) ;
#3018 = CARTESIAN_POINT ( 'NONE',  ( 64.41389223218850191, -62.39863790580689340, 0.000000000000000000 ) ) ;
#3019 = B_SPLINE_CURVE_WITH_KNOTS ( 'NONE', 3,
 ( #2158, #3271, #209, #1569 ),
 .UNSPECIFIED., .F., .F.,
 ( 4, 4 ),
 ( 0.000000000000000000, 0.2999999999999999889 ),
 .UNSPECIFIED. ) ;
#3020 = ADVANCED_FACE ( 'NONE', ( #3926 ), #444, .T. ) ;
#3021 = CARTESIAN_POINT ( 'NONE',  ( 89.65562553531749757, -1.844936642637679869, -5.443650299156070460 ) ) ;
#3022 = CARTESIAN_POINT ( 'NONE',  ( 89.73564999331240699, 0.8461571055760759297, -7.161123184117879958 ) ) ;
#3023 = CARTESIAN_POINT ( 'NONE',  ( 90.49927629916521710, 2.226730186136429701, -1.000000000000000000 ) ) ;
#3024 = CARTESIAN_POINT ( 'NONE',  ( 62.29750554522942707, -64.54422711022291992, -3.000000962056942111 ) ) ;
#3025 = CARTESIAN_POINT ( 'NONE',  ( 92.12594100058890945, 1.419934515287319954, -1.000000000000000000 ) ) ;
#3026 = ADVANCED_FACE ( 'NONE', ( #2569 ), #458, .T. ) ;
#3027 = ORIENTED_EDGE ( 'NONE', *, *, #1114, .F. ) ;
#3028 = CARTESIAN_POINT ( 'NONE',  ( 64.53674345213678976, -61.15153345365860105, -10.41199843741189923 ) ) ;
#3029 = ORIENTED_EDGE ( 'NONE', *, *, #648, .T. ) ;
#3030 = CARTESIAN_POINT ( 'NONE',  ( 83.88717373020620016, -34.69200047834340239, -26.25872227629569977 ) ) ;
#3031 = FACE_OUTER_BOUND ( 'NONE', #2254, .T. ) ;
#3032 = CARTESIAN_POINT ( 'NONE',  ( 65.28283900453479305, -59.03176035532079879, -6.482456041883430053 ) ) ;
#3033 = CARTESIAN_POINT ( 'NONE',  ( 80.06966342426861161, -37.28051798733449829, -25.94422749037079967 ) ) ;
#3034 = B_SPLINE_CURVE_WITH_KNOTS ( 'NONE', 3,
 ( #2476, #2851, #837, #510 ),
 .UNSPECIFIED., .F., .F.,
 ( 4, 4 ),
 ( 1.561435541111820147, 1.655724346088029986 ),
 .UNSPECIFIED. ) ;
#3035 = CARTESIAN_POINT ( 'NONE',  ( 85.14019438962088770, -30.67464371666259737, -25.96629194758590131 ) ) ;
#3036 = ORIENTED_EDGE ( 'NONE', *, *, #3804, .T. ) ;
#3037 = CARTESIAN_POINT ( 'NONE',  ( 84.46330603329271014, -32.27788281425819861, -26.75044687254800024 ) ) ;
#3038 = CARTESIAN_POINT ( 'NONE',  ( 76.06258319414939706, -45.91516270174319914, -20.67183593500350014 ) ) ;
#3039 = CARTESIAN_POINT ( 'NONE',  ( 90.48999999999999488, -2.225000000000000089, 122.3110000000000070 ) ) ;
#3040 = DIRECTION ( 'NONE',  ( 1.734723475976807094E-14, -1.000000000000000000, 0.000000000000000000 ) ) ;
#3041 = CARTESIAN_POINT ( 'NONE',  ( 91.26399578510050503, -2.593000598735140105, -4.971769865678320244 ) ) ;
#3042 = EDGE_CURVE ( 'NONE', #2603, #699, #2592, .T. ) ;
#3043 = CARTESIAN_POINT ( 'NONE',  ( 82.13246119342011298, -32.85107941874986182, -26.33738734310258067 ) ) ;
#3044 = CARTESIAN_POINT ( 'NONE',  ( 61.29151652254329719, -64.43028830700120579, -3.000000000000000000 ) ) ;
#3045 = CARTESIAN_POINT ( 'NONE',  ( 62.67146790602409823, -60.67860412796520109, -3.000000000000000000 ) ) ;
#3046 = CARTESIAN_POINT ( 'NONE',  ( 63.74880804505770016, -63.05489077414810595, -3.000000000000000000 ) ) ;
#3047 = EDGE_LOOP ( 'NONE', ( #4151, #3272, #878, #2362, #2658, #742, #2628, #260 ) ) ;
#3048 = CARTESIAN_POINT ( 'NONE',  ( 79.90881546433300286, -35.06335318067149842, -22.83626114016430009 ) ) ;
#3049 = EDGE_CURVE ( 'NONE', #1680, #2021, #1195, .T. ) ;
#3050 = CARTESIAN_POINT ( 'NONE',  ( 80.53818402984809666, -33.92913268568050000, -23.01894645418780172 ) ) ;
#3051 = ORIENTED_EDGE ( 'NONE', *, *, #3068, .F. ) ;
#3052 = B_SPLINE_CURVE_WITH_KNOTS ( 'NONE', 3,
 ( #1335, #2400, #2704, #996 ),
 .UNSPECIFIED., .F., .F.,
 ( 4, 4 ),
 ( 0.000000000000000000, 0.08146959963896649448 ),
 .UNSPECIFIED. ) ;
#3053 = CARTESIAN_POINT ( 'NONE',  ( 63.92404669785010896, -60.59171594433880870, -10.42234462248889848 ) ) ;
#3054 = CARTESIAN_POINT ( 'NONE',  ( 85.15005264572120325, -30.63845666983119997, -25.94507509142970036 ) ) ;
#3055 = CARTESIAN_POINT ( 'NONE',  ( 89.14843566959281418, -13.63365721413180154, -12.14946546267320038 ) ) ;
#3056 = CARTESIAN_POINT ( 'NONE',  ( 91.56455520370700185, -13.99721409629899860, -12.12697224890250070 ) ) ;
#3057 = CARTESIAN_POINT ( 'NONE',  ( 61.28339813753329679, -64.42487529522239242, -2.000000000000000000 ) ) ;
#3058 = EDGE_LOOP ( 'NONE', ( #1831, #645, #2892, #3241 ) ) ;
#3059 = CARTESIAN_POINT ( 'NONE',  ( 89.73091075113640613, 0.6866994585312320432, -7.059398050704530192 ) ) ;
#3060 = CARTESIAN_POINT ( 'NONE',  ( 62.42279275368800029, -64.41565653174690453, -3.000000000000000000 ) ) ;
#3061 = CARTESIAN_POINT ( 'NONE',  ( 91.18382686246741287, -4.526980133320670063, -6.462149270052520045 ) ) ;
#3062 = CARTESIAN_POINT ( 'NONE',  ( 64.58177973328939458, -62.22059691007840598, -1.000000000000000000 ) ) ;
#3063 = CARTESIAN_POINT ( 'NONE',  ( 91.46549854544790037, -3.746105638978109997, -6.057183600502479948 ) ) ;
#3064 = CARTESIAN_POINT ( 'NONE',  ( 86.03351518064640402, -32.92279408372370142, -22.78113516328539845 ) ) ;
#3065 = CARTESIAN_POINT ( 'NONE',  ( 90.46220428775760070, -2.219635546034469886, -3.000000000000000000 ) ) ;
#3066 = CARTESIAN_POINT ( 'NONE',  ( 84.79003708205790701, -32.79888566627969482, -22.04916061436980002 ) ) ;
#3067 = CARTESIAN_POINT ( 'NONE',  ( 82.98632708174589823, -34.89142679433270189, -26.88633233888480234 ) ) ;
#3068 = EDGE_CURVE ( 'NONE', #3133, #699, #2240, .T. ) ;
#3069 = ORIENTED_EDGE ( 'NONE', *, *, #1481, .T. ) ;
#3070 = DIRECTION ( 'NONE',  ( 0.1686566306524300840, 0.4527607365386431826, -0.8755356397006093250 ) ) ;
#3071 = CARTESIAN_POINT ( 'NONE',  ( 90.22489664188050540, -12.04708864714750050, -15.36131334864800024 ) ) ;
#3072 = EDGE_LOOP ( 'NONE', ( #2890, #347, #2776, #2553, #406 ) ) ;
#3073 = ADVANCED_FACE ( 'NONE', ( #1171 ), #515, .T. ) ;
#3074 = EDGE_CURVE ( 'NONE', #1211, #599, #4335, .T. ) ;
#3075 = CARTESIAN_POINT ( 'NONE',  ( 60.56850616655979991, -63.72574178053321248, -3.000000000000000000 ) ) ;
#3076 = CARTESIAN_POINT ( 'NONE',  ( 81.64903174451279710, -33.08669670135230234, -26.17596191737870015 ) ) ;
#3077 = CARTESIAN_POINT ( 'NONE',  ( 88.66910727327208974, -23.88311068975639984, -16.71302725562760116 ) ) ;
#3078 = B_SPLINE_SURFACE_WITH_KNOTS ( 'NONE', 3, 3, ( 
 ( #1306, #2675, #968, #308 ),
 ( #1351, #706, #3695, #1034 ),
 ( #3408, #2007, #4094, #1708 ),
 ( #1662, #663, #4074, #1013 ),
 ( #2393, #2070, #3077, #2743 ) ),
 .UNSPECIFIED., .F., .F., .F.,
 ( 4, 1, 4 ),
 ( 4, 4 ),
 ( -1.570796326794869913, -0.8975979010256430746, -7.703719777548940610E-30 ),
 ( -1.957991609067750050, -1.639188761265319982 ),
 .UNSPECIFIED. ) ;
#3079 = EDGE_CURVE ( 'NONE', #3906, #764, #3114, .T. ) ;
#3080 = CARTESIAN_POINT ( 'NONE',  ( 86.13249576541900865, -31.02132451174539796, -25.91769111961140126 ) ) ;
#3081 = VERTEX_POINT ( 'NONE', #1291 ) ;
#3082 = CARTESIAN_POINT ( 'NONE',  ( 90.48999999999999488, 1.425000000000000044, 0.000000000000000000 ) ) ;
#3083 = CARTESIAN_POINT ( 'NONE',  ( 82.91349855678990366, -32.96439009534340414, -22.61018715966510229 ) ) ;
#3084 = CARTESIAN_POINT ( 'NONE',  ( 63.08580039937289285, -63.73527365294749814, -3.000000000000000000 ) ) ;
#3085 = CARTESIAN_POINT ( 'NONE',  ( 90.43244282862679029, -14.21010633878179874, -11.43134866629939950 ) ) ;
#3086 = SURFACE_SIDE_STYLE ('',( #4120 ) ) ;
#3087 = CARTESIAN_POINT ( 'NONE',  ( 72.11851370230360203, -52.30909542737649787, -11.49440587065590158 ) ) ;
#3088 = CARTESIAN_POINT ( 'NONE',  ( 63.85218875726340571, -59.42770488785379968, -6.728250990539080156 ) ) ;
#3089 = CARTESIAN_POINT ( 'NONE',  ( 64.41389223218860138, -61.26726705590840538, 0.000000000000000000 ) ) ;
#3090 = B_SPLINE_CURVE_WITH_KNOTS ( 'NONE', 3,
 ( #3537, #486, #1842, #2991 ),
 .UNSPECIFIED., .F., .F.,
 ( 4, 4 ),
 ( 0.000000000000000000, 0.009536135058319140587 ),
 .UNSPECIFIED. ) ;
#3091 = ORIENTED_EDGE ( 'NONE', *, *, #2753, .T. ) ;
#3092 = CARTESIAN_POINT ( 'NONE',  ( 90.22489664188050540, -12.04708864714750050, -15.36131334864800024 ) ) ;
#3093 = CARTESIAN_POINT ( 'NONE',  ( 89.38167868819419937, -12.21739009707880008, -14.82146405032090009 ) ) ;
#3094 = CARTESIAN_POINT ( 'NONE',  ( 84.25044962060610487, -32.88934205612910233, -22.20753583657479879 ) ) ;
#3095 = CARTESIAN_POINT ( 'NONE',  ( 60.37015065415629778, -63.32817331170720365, -3.000000000000000000 ) ) ;
#3096 = CARTESIAN_POINT ( 'NONE',  ( 79.99134058093498822, -34.74734172922580910, -24.95349701395860365 ) ) ;
#3097 = ADVANCED_FACE ( 'NONE', ( #908 ), #3240, .T. ) ;
#3098 = ORIENTED_EDGE ( 'NONE', *, *, #1148, .F. ) ;
#3099 = CARTESIAN_POINT ( 'NONE',  ( 63.79491192076390860, -60.65875014661919806, -3.596617390650549861 ) ) ;
#3100 = EDGE_LOOP ( 'NONE', ( #2448, #427, #3647, #4032 ) ) ;
#3101 = LINE ( 'NONE', #4156, #3894 ) ;
#3102 = CARTESIAN_POINT ( 'NONE',  ( 91.29213936837120968, -2.230016392194720254, -3.000000000000000000 ) ) ;
#3103 = CARTESIAN_POINT ( 'NONE',  ( 64.71364184821929655, -62.04803240849909685, -5.417186701653419867 ) ) ;
#3104 = CARTESIAN_POINT ( 'NONE',  ( 90.15735651678659224, -14.16871371708099936, -11.43390962205100081 ) ) ;
#3105 = CARTESIAN_POINT ( 'NONE',  ( 91.22628254392830627, -3.737513477319829747, -6.059602598074120827 ) ) ;
#3106 = B_SPLINE_CURVE_WITH_KNOTS ( 'NONE', 3,
 ( #3513, #1822, #124, #3188 ),
 .UNSPECIFIED., .F., .F.,
 ( 4, 4 ),
 ( 0.000000000000000000, 0.009535085794555120051 ),
 .UNSPECIFIED. ) ;
#3107 = CARTESIAN_POINT ( 'NONE',  ( 85.09038291827029354, -32.85673870101749827, -26.82470712671389990 ) ) ;
#3108 = CARTESIAN_POINT ( 'NONE',  ( 83.31623895468730723, -34.03521539493519299, -27.01395035854499937 ) ) ;
#3109 = CARTESIAN_POINT ( 'NONE',  ( 62.82256226642400776, -60.55342891500469449, 0.000000000000000000 ) ) ;
#3110 = ORIENTED_EDGE ( 'NONE', *, *, #1067, .F. ) ;
#3111 = CARTESIAN_POINT ( 'NONE',  ( 61.24605385247279798, -63.26130817885450597, 121.3619999999999948 ) ) ;
#3112 = CARTESIAN_POINT ( 'NONE',  ( 82.19580266457390394, -32.94385253496290034, -23.07043954018990206 ) ) ;
#3113 = CARTESIAN_POINT ( 'NONE',  ( 92.11331209114499075, -1.609587775663489984, -1.000000000000000000 ) ) ;
#3114 = B_SPLINE_CURVE_WITH_KNOTS ( 'NONE', 3,
 ( #290, #1334, #1647, #4369 ),
 .UNSPECIFIED., .F., .F.,
 ( 4, 4 ),
 ( 1.561435541111820147, 1.655724346088029986 ),
 .UNSPECIFIED. ) ;
#3115 = ADVANCED_FACE ( 'NONE', ( #1313 ), #534, .T. ) ;
#3116 = B_SPLINE_CURVE_WITH_KNOTS ( 'NONE', 3,
 ( #3761, #3203, #190, #3842, #550 ),
 .UNSPECIFIED., .F., .F.,
 ( 4, 1, 4 ),
 ( 0.000000000000000000, 0.4285714285714298799, 1.000000000000000000 ),
 .UNSPECIFIED. ) ;
#3117 = CARTESIAN_POINT ( 'NONE',  ( 89.66655473958229550, -1.404692503534940018, -3.730217004505929967 ) ) ;
#3118 = CARTESIAN_POINT ( 'NONE',  ( 81.73472049596681188, -33.08468304278969896, -24.27644342572289915 ) ) ;
#3119 = ORIENTED_EDGE ( 'NONE', *, *, #1562, .F. ) ;
#3120 = EDGE_CURVE ( 'NONE', #2693, #4293, #1944, .T. ) ;
#3121 = ORIENTED_EDGE ( 'NONE', *, *, #3448, .F. ) ;
#3122 = CYLINDRICAL_SURFACE ( 'NONE', #1399, 0.7999999999999999334 ) ;
#3123 = CARTESIAN_POINT ( 'NONE',  ( 83.71891907970770319, -32.17237160472249968, -22.57691975207180235 ) ) ;
#3124 = CARTESIAN_POINT ( 'NONE',  ( 92.06607474252790269, -3.334128332139480122, -8.855628590737699923 ) ) ;
#3125 = FACE_OUTER_BOUND ( 'NONE', #1428, .T. ) ;
#3126 = B_SPLINE_CURVE_WITH_KNOTS ( 'NONE', 3,
 ( #1166, #1530, #3230, #172 ),
 .UNSPECIFIED., .F., .F.,
 ( 4, 4 ),
 ( 0.000000000000000000, 0.009536135058319140587 ),
 .UNSPECIFIED. ) ;
#3127 = B_SPLINE_CURVE_WITH_KNOTS ( 'NONE', 3,
 ( #3400, #1654, #4023, #3005, #321 ),
 .UNSPECIFIED., .F., .F.,
 ( 4, 1, 4 ),
 ( 0.000000000000000000, 0.2894265773048950163, 0.6753286803780890191 ),
 .UNSPECIFIED. ) ;
#3128 = CARTESIAN_POINT ( 'NONE',  ( 84.26590880193360533, -30.72140258956200043, -25.24394315162149738 ) ) ;
#3129 = ADVANCED_FACE ( 'NONE', ( #1604 ), #1200, .T. ) ;
#3130 = CARTESIAN_POINT ( 'NONE',  ( 85.37921945184200467, -30.84484806922180056, -26.00728589925470047 ) ) ;
#3131 = CARTESIAN_POINT ( 'NONE',  ( 83.59800002545370035, -33.88528848282820150, -26.99736584715479992 ) ) ;
#3132 = CARTESIAN_POINT ( 'NONE',  ( 84.91945757279241036, -32.84717337200952869, -22.04920076512339122 ) ) ;
#3133 = VERTEX_POINT ( 'NONE', #2727 ) ;
#3134 = CARTESIAN_POINT ( 'NONE',  ( 81.84056157064790682, -36.64540088310869947, -23.58158974196729929 ) ) ;
#3135 = CARTESIAN_POINT ( 'NONE',  ( 83.80367817075600101, -34.95058161563620303, -23.42170548272740049 ) ) ;
#3136 = CARTESIAN_POINT ( 'NONE',  ( 91.30143658149360419, -2.228402360464549758, -2.000000000000000000 ) ) ;
#3137 = CARTESIAN_POINT ( 'NONE',  ( 61.15709186744690129, -63.18525228135870009, -7.441150614536489627 ) ) ;
#3138 = CARTESIAN_POINT ( 'NONE',  ( 63.80274413716880133, -60.66397235271089983, -3.000000000000000000 ) ) ;
#3139 = ORIENTED_EDGE ( 'NONE', *, *, #3175, .F. ) ;
#3140 = AXIS2_PLACEMENT_3D ( 'NONE', #1041, #2142, #379 ) ;
#3141 = EDGE_LOOP ( 'NONE', ( #788, #372, #1814, #4380, #896 ) ) ;
#3142 = CARTESIAN_POINT ( 'NONE',  ( 81.64087922314409695, -33.08690338948779441, -26.35544655298530259 ) ) ;
#3143 = CARTESIAN_POINT ( 'NONE',  ( 65.66165106570649357, -61.07765091409700631, -8.852631825200109716 ) ) ;
#3144 = CARTESIAN_POINT ( 'NONE',  ( 92.11151842615420549, -2.088889778416710197, -8.224834913247239143 ) ) ;
#3145 = CARTESIAN_POINT ( 'NONE',  ( 85.59597795035739409, -33.58682726908850213, -26.11472203649019974 ) ) ;
#3146 = CARTESIAN_POINT ( 'NONE',  ( 89.69000000000001194, -1.425000000000000044, 0.000000000000000000 ) ) ;
#3147 = VECTOR ( 'NONE', #829, 1000.000000000000114 ) ;
#3148 = PLANE ( 'NONE',  #4131 ) ;
#3149 = CARTESIAN_POINT ( 'NONE',  ( 64.44801064744828523, -58.77261866801330115, -7.200722844752410090 ) ) ;
#3150 = CARTESIAN_POINT ( 'NONE',  ( 62.01871956395620344, -61.35437566455500047, -1.000000000000000000 ) ) ;
#3151 = CARTESIAN_POINT ( 'NONE',  ( 84.13507674745200404, -34.68601395553820055, -22.75037993538039771 ) ) ;
#3152 = ORIENTED_EDGE ( 'NONE', *, *, #3724, .T. ) ;
#3153 = CARTESIAN_POINT ( 'NONE',  ( 83.57636715828280671, -35.04294119148940467, -23.18059479659980227 ) ) ;
#3154 = CARTESIAN_POINT ( 'NONE',  ( 82.41027614473900087, -32.81743020967849844, -24.24540242610520124 ) ) ;
#3155 = EDGE_CURVE ( 'NONE', #2871, #1037, #689, .T. ) ;
#3156 = CARTESIAN_POINT ( 'NONE',  ( 61.78554859296159663, -61.61298401598660490, -6.487484234551179618 ) ) ;
#3157 = CARTESIAN_POINT ( 'NONE',  ( 61.20066548354849800, -62.23401836952759680, -7.008930255168449364 ) ) ;
#3158 = DIRECTION ( 'NONE',  ( 0.000000000000000000, 0.000000000000000000, 1.000000000000000000 ) ) ;
#3159 = ORIENTED_EDGE ( 'NONE', *, *, #2931, .T. ) ;
#3160 = ORIENTED_EDGE ( 'NONE', *, *, #2633, .F. ) ;
#3161 = CARTESIAN_POINT ( 'NONE',  ( 77.38773788117009644, -46.33931745716400741, -20.12254689729529744 ) ) ;
#3162 = CARTESIAN_POINT ( 'NONE',  ( 90.67327620689940204, -3.718605617939419794, -6.065697538826489321 ) ) ;
#3163 = CARTESIAN_POINT ( 'NONE',  ( 64.41947898753649326, -62.42761533349110437, -8.970336790382068770 ) ) ;
#3164 = CARTESIAN_POINT ( 'NONE',  ( 80.79288867411369779, -35.07446321268069767, -22.12943575436139909 ) ) ;
#3165 = B_SPLINE_SURFACE_WITH_KNOTS ( 'NONE', 3, 3, ( 
 ( #159, #1875, #493, #472 ),
 ( #3238, #800, #1850, #1516 ),
 ( #1829, #4144, #2814, #3195 ),
 ( #2882, #131, #4235, #1086 ) ),
 .UNSPECIFIED., .F., .F., .F.,
 ( 4, 4 ),
 ( 4, 4 ),
 ( 0.000000000000000000, 0.08300000000000150313 ),
 ( 0.000000000000000000, 0.2735129412753989908 ),
 .UNSPECIFIED. ) ;
#3166 = B_SPLINE_CURVE_WITH_KNOTS ( 'NONE', 3,
 ( #1799, #3048, #700, #3855 ),
 .UNSPECIFIED., .F., .F.,
 ( 4, 4 ),
 ( 0.000000000000000000, 0.08146959963896649448 ),
 .UNSPECIFIED. ) ;
#3167 = CARTESIAN_POINT ( 'NONE',  ( 60.36677314112989734, -63.31879247667581012, -2.000000000000000000 ) ) ;
#3168 = CARTESIAN_POINT ( 'NONE',  ( 90.49166105173999597, -2.465386499994330016, -10.43230520924289983 ) ) ;
#3169 = DIRECTION ( 'NONE',  ( 0.000000000000000000, 0.000000000000000000, 1.000000000000000000 ) ) ;
#3170 = CARTESIAN_POINT ( 'NONE',  ( 90.28758749217719526, 2.235555170032859973, -4.355088859135260115 ) ) ;
#3171 = CARTESIAN_POINT ( 'NONE',  ( 82.13294226786841534, -34.36155853353979950, -22.54295831240129644 ) ) ;
#3172 = FACE_OUTER_BOUND ( 'NONE', #1861, .T. ) ;
#3173 = CARTESIAN_POINT ( 'NONE',  ( 89.80269293735089775, -3.597816175193230048, -6.193080529211540508 ) ) ;
#3174 = VERTEX_POINT ( 'NONE', #2417 ) ;
#3175 = EDGE_CURVE ( 'NONE', #3743, #803, #68, .T. ) ;
#3176 = FACE_OUTER_BOUND ( 'NONE', #1547, .T. ) ;
#3177 = DIRECTION ( 'NONE',  ( -0.1681563301918658770, -0.4529473293664738054, 0.8755353593294695758 ) ) ;
#3178 = CARTESIAN_POINT ( 'NONE',  ( 92.09983717111110479, -1.619590138829209991, -3.000000000000000000 ) ) ;
#3179 = CARTESIAN_POINT ( 'NONE',  ( 82.93761765133129416, -32.46208723534180507, -26.08342201457989873 ) ) ;
#3180 = EDGE_CURVE ( 'NONE', #4293, #2175, #2003, .T. ) ;
#3181 = CARTESIAN_POINT ( 'NONE',  ( 80.14632153974531548, -36.21484853135029880, -26.39625673724099642 ) ) ;
#3182 = CARTESIAN_POINT ( 'NONE',  ( 81.06281051095390922, -36.63621588301449350, -26.43659658630059894 ) ) ;
#3183 = ORIENTED_EDGE ( 'NONE', *, *, #220, .F. ) ;
#3184 = VECTOR ( 'NONE', #2976, 999.9999999999998863 ) ;
#3185 = EDGE_LOOP ( 'NONE', ( #4135, #636, #2941, #2817 ) ) ;
#3186 = CARTESIAN_POINT ( 'NONE',  ( 89.69603587829000446, 0.4901589052724529827, -3.000000000000000000 ) ) ;
#3187 = CARTESIAN_POINT ( 'NONE',  ( 84.21495342342119272, -32.62159454755349941, -22.06981272953170148 ) ) ;
#3188 = CARTESIAN_POINT ( 'NONE',  ( 84.40119971235120033, -32.65386621770045394, -22.04894402428489997 ) ) ;
#3189 = CARTESIAN_POINT ( 'NONE',  ( 80.57409842929389754, -37.50794512608160147, -25.94423413766170228 ) ) ;
#3190 = CARTESIAN_POINT ( 'NONE',  ( 83.07216773747440186, -35.08834943695130448, -26.47901500247209938 ) ) ;
#3191 = CARTESIAN_POINT ( 'NONE',  ( 85.16474152755050397, -31.79128537108120156, -23.99722723964769600 ) ) ;
#3192 = CARTESIAN_POINT ( 'NONE',  ( 83.57949156292220039, -35.02620865579269349, -23.41946568539010443 ) ) ;
#3193 = FACE_OUTER_BOUND ( 'NONE', #3047, .T. ) ;
#3194 = CARTESIAN_POINT ( 'NONE',  ( 82.99349537058058957, -33.27205024936859701, -26.96463609618909985 ) ) ;
#3195 = CARTESIAN_POINT ( 'NONE',  ( 84.89154996448250756, -32.89478781280109843, -22.07804042929010180 ) ) ;
#3196 = CARTESIAN_POINT ( 'NONE',  ( 85.01126531315679813, -34.20066363752849981, -22.67378197045989552 ) ) ;
#3197 = EDGE_LOOP ( 'NONE', ( #4297, #2517, #3183, #1807 ) ) ;
#3198 = CARTESIAN_POINT ( 'NONE',  ( 83.07216773747450134, -35.08834943695120501, -26.47901500247209938 ) ) ;
#3199 = CARTESIAN_POINT ( 'NONE',  ( 82.83778922915979592, -34.46161979142139842, -22.56501531904100233 ) ) ;
#3200 = CARTESIAN_POINT ( 'NONE',  ( 82.93761765133120889, -32.46208723534180507, -26.08342201457989873 ) ) ;
#3201 = CARTESIAN_POINT ( 'NONE',  ( 81.97641150008519162, -35.85518681624460413, -22.17826562448999894 ) ) ;
#3202 = ORIENTED_EDGE ( 'NONE', *, *, #3643, .F. ) ;
#3203 = CARTESIAN_POINT ( 'NONE',  ( 90.17537722201328165, -4.482065851835950632, -6.474061137571266222 ) ) ;
#3204 = ORIENTED_EDGE ( 'NONE', *, *, #1448, .T. ) ;
#3205 = EDGE_CURVE ( 'NONE', #1704, #834, #1020, .T. ) ;
#3206 = ORIENTED_EDGE ( 'NONE', *, *, #2079, .F. ) ;
#3207 = VECTOR ( 'NONE', #2768, 1000.000000000000000 ) ;
#3208 = CARTESIAN_POINT ( 'NONE',  ( 89.66788806817149293, -2.793775344251060222, -9.729767780695249613 ) ) ;
#3209 = CARTESIAN_POINT ( 'NONE',  ( 83.85589748307940283, -32.39394233180679805, -22.18796440978080042 ) ) ;
#3210 = CARTESIAN_POINT ( 'NONE',  ( 85.71530999042349208, -31.68504366385989357, -26.34917387507260145 ) ) ;
#3211 = ADVANCED_FACE ( 'NONE', ( #3412 ), #2489, .T. ) ;
#3212 = CARTESIAN_POINT ( 'NONE',  ( 89.89091480293949132, -2.078746194547529846, 0.000000000000000000 ) ) ;
#3213 = CARTESIAN_POINT ( 'NONE',  ( 82.30742072356999017, -35.73826377711169755, -23.06730535734680032 ) ) ;
#3214 = CARTESIAN_POINT ( 'NONE',  ( 80.84120070637939648, -35.88253029614269707, -26.65242685395029909 ) ) ;
#3215 = CARTESIAN_POINT ( 'NONE',  ( 84.26673098652851479, -30.72137468793470205, -25.24451156902189908 ) ) ;
#3216 = CARTESIAN_POINT ( 'NONE',  ( 89.69000000000001194, 1.425000000000000044, 0.000000000000000000 ) ) ;
#3217 = CARTESIAN_POINT ( 'NONE',  ( 62.00846026033929803, -61.35898700676460038, -3.000000000000000000 ) ) ;
#3218 = B_SPLINE_CURVE_WITH_KNOTS ( 'NONE', 3,
 ( #4371, #2617, #2015, #1669 ),
 .UNSPECIFIED., .F., .F.,
 ( 4, 4 ),
 ( 1.249588320032499977, 1.572902615616140087 ),
 .UNSPECIFIED. ) ;
#3219 = VECTOR ( 'NONE', #3290, 999.9999999999998863 ) ;
#3220 = CARTESIAN_POINT ( 'NONE',  ( 60.69707674422379284, -63.85102899550809497, -3.000000000000000000 ) ) ;
#3221 = ORIENTED_EDGE ( 'NONE', *, *, #3852, .T. ) ;
#3222 = CARTESIAN_POINT ( 'NONE',  ( 82.13009368693479928, -36.03938433255379437, -23.95069741819429865 ) ) ;
#3223 = CARTESIAN_POINT ( 'NONE',  ( 85.66850775204849811, -30.83180119216440218, -25.94539838525430042 ) ) ;
#3224 = CARTESIAN_POINT ( 'NONE',  ( 89.93334370452799931, -22.27172394652929910, -20.12036792774669891 ) ) ;
#3225 = CARTESIAN_POINT ( 'NONE',  ( 82.63459167210369571, -32.79188178383260066, -23.27508778475769802 ) ) ;
#3226 = ORIENTED_EDGE ( 'NONE', *, *, #619, .F. ) ;
#3227 = FACE_OUTER_BOUND ( 'NONE', #2063, .T. ) ;
#3228 = ORIENTED_EDGE ( 'NONE', *, *, #3392, .T. ) ;
#3229 = EDGE_LOOP ( 'NONE', ( #3559, #708, #189, #898 ) ) ;
#3230 = CARTESIAN_POINT ( 'NONE',  ( 86.53251459079980634, -31.60414219334630559, -25.26315759028360119 ) ) ;
#3231 = FACE_OUTER_BOUND ( 'NONE', #3627, .T. ) ;
#3232 = CARTESIAN_POINT ( 'NONE',  ( 89.67814967718240382, -1.414831876947109990, -2.000000000000000000 ) ) ;
#3233 = CARTESIAN_POINT ( 'NONE',  ( 84.33013251625868634, -32.62729119609148398, -22.04901751955964784 ) ) ;
#3234 = CARTESIAN_POINT ( 'NONE',  ( 85.09038415682830703, -32.85673955512670119, -26.82470833621500006 ) ) ;
#3235 = CARTESIAN_POINT ( 'NONE',  ( 80.64866335395670660, -36.44580650960639900, -26.41836763393290255 ) ) ;
#3236 = CARTESIAN_POINT ( 'NONE',  ( 64.01542216197209711, -60.86964036847140136, -1.000000000000000000 ) ) ;
#3237 = CARTESIAN_POINT ( 'NONE',  ( 82.90978579818120409, -32.54828094777269598, -25.13774975005719980 ) ) ;
#3238 = CARTESIAN_POINT ( 'NONE',  ( 83.25140711974279384, -33.78126623806639373, -22.52772039051250275 ) ) ;
#3239 = CARTESIAN_POINT ( 'NONE',  ( 85.78132168360150445, -33.47433779646240026, -22.79733380253960107 ) ) ;
#3240 = B_SPLINE_SURFACE_WITH_KNOTS ( 'NONE', 3, 3, ( 
 ( #3613, #3657, #647, #2308 ),
 ( #3301, #2997, #3680, #2286 ),
 ( #560, #3634, #3038, #2952 ),
 ( #1667, #3970, #1247, #3322 ) ),
 .UNSPECIFIED., .F., .F., .F.,
 ( 4, 4 ),
 ( 4, 4 ),
 ( -0.08300000000000000433, 0.000000000000000000 ),
 ( 1.249588320032499977, 1.572902615616140087 ),
 .UNSPECIFIED. ) ;
#3241 = ORIENTED_EDGE ( 'NONE', *, *, #201, .F. ) ;
#3242 = CARTESIAN_POINT ( 'NONE',  ( 85.89712947495679884, -31.03964123981399936, -26.00567145642240163 ) ) ;
#3243 = CARTESIAN_POINT ( 'NONE',  ( 82.67193490596528704, -32.59245018565920304, -26.11885408695919963 ) ) ;
#3244 = CARTESIAN_POINT ( 'NONE',  ( 91.78399011275470798, -12.66493039349830063, -14.64063559652249857 ) ) ;
#3245 = B_SPLINE_CURVE_WITH_KNOTS ( 'NONE', 3,
 ( #1339, #4063, #1025, #2405 ),
 .UNSPECIFIED., .F., .F.,
 ( 4, 4 ),
 ( 0.000000000000000000, 0.2999999999999999889 ),
 .UNSPECIFIED. ) ;
#3246 = CARTESIAN_POINT ( 'NONE',  ( 65.89553575882149516, -59.59157786464049877, -6.472109856806310013 ) ) ;
#3247 = ORIENTED_EDGE ( 'NONE', *, *, #13, .T. ) ;
#3248 = CARTESIAN_POINT ( 'NONE',  ( 84.25643424694169425, -30.75304206290630304, -25.26426413045609820 ) ) ;
#3249 = ORIENTED_EDGE ( 'NONE', *, *, #207, .T. ) ;
#3250 = ADVANCED_FACE ( 'NONE', ( #2807 ), #669, .T. ) ;
#3251 = ORIENTED_EDGE ( 'NONE', *, *, #3755, .F. ) ;
#3252 = CARTESIAN_POINT ( 'NONE',  ( 61.26726705590840538, -64.41389223218850191, 0.000000000000000000 ) ) ;
#3253 = CYLINDRICAL_SURFACE ( 'NONE', #921, 0.7999999999999951594 ) ;
#3254 = CARTESIAN_POINT ( 'NONE',  ( 91.73758932701062463, 2.138781522887849729, -0.000000000000000000 ) ) ;
#3255 = EDGE_CURVE ( 'NONE', #1518, #983, #293, .T. ) ;
#3256 = CARTESIAN_POINT ( 'NONE',  ( 84.19698728953881073, -32.56124623033939258, -22.07676335972499970 ) ) ;
#3257 = CARTESIAN_POINT ( 'NONE',  ( 83.07680643812200572, -35.09514232618630558, -26.23979694136430041 ) ) ;
#3258 = CARTESIAN_POINT ( 'NONE',  ( 64.41389223218860138, -61.26726705590840538, 0.000000000000000000 ) ) ;
#3259 = CARTESIAN_POINT ( 'NONE',  ( 79.81430239138499871, -35.22745922325369605, -22.75025636256970074 ) ) ;
#3260 = CARTESIAN_POINT ( 'NONE',  ( 60.68036842752359661, -63.82699360380370024, 0.000000000000000000 ) ) ;
#3261 = CARTESIAN_POINT ( 'NONE',  ( 92.03683729428189508, -3.766359810601700442, -8.010157644668929322 ) ) ;
#3262 = ADVANCED_FACE ( 'NONE', ( #710 ), #610, .T. ) ;
#3263 = EDGE_CURVE ( 'NONE', #3666, #1211, #1868, .T. ) ;
#3264 = CARTESIAN_POINT ( 'NONE',  ( 90.48999999999999488, 2.225000000000000089, 0.000000000000000000 ) ) ;
#3265 = ORIENTED_EDGE ( 'NONE', *, *, #2096, .T. ) ;
#3266 = CARTESIAN_POINT ( 'NONE',  ( 81.46256042720419543, -37.48376150225699632, -25.24419811672559888 ) ) ;
#3267 = CARTESIAN_POINT ( 'NONE',  ( 90.49166105173999597, -2.465386499994330016, -10.43230520924289983 ) ) ;
#3268 = CARTESIAN_POINT ( 'NONE',  ( 79.43630124794130154, -36.06581984240210659, -24.41286473732799678 ) ) ;
#3269 = CARTESIAN_POINT ( 'NONE',  ( 86.04357371456700321, -32.90218937074550354, -22.77109781543350309 ) ) ;
#3270 = SHAPE_DEFINITION_REPRESENTATION ( #1925, #2050 ) ;
#3271 = CARTESIAN_POINT ( 'NONE',  ( 64.41325207417520460, -62.39059020506739728, -1.000000000000000000 ) ) ;
#3272 = ORIENTED_EDGE ( 'NONE', *, *, #3384, .T. ) ;
#3273 = CARTESIAN_POINT ( 'NONE',  ( 84.23246889590799924, -32.59085224864730179, -22.04898724420650069 ) ) ;
#3274 = ORIENTED_EDGE ( 'NONE', *, *, #2370, .F. ) ;
#3275 = ORIENTED_EDGE ( 'NONE', *, *, #2332, .F. ) ;
#3276 = CARTESIAN_POINT ( 'NONE',  ( 62.68757505316580136, -60.67972826951019982, -1.000000000000000000 ) ) ;
#3277 = DIRECTION ( 'NONE',  ( -0.1686566306524300840, -0.4527607365386431826, 0.8755356397006093250 ) ) ;
#3278 = CARTESIAN_POINT ( 'NONE',  ( 84.48445887461410564, -30.57056030583120076, -25.81151058729950165 ) ) ;
#3279 = B_SPLINE_SURFACE_WITH_KNOTS ( 'NONE', 3, 3, ( 
 ( #554, #1551, #2542, #3536, #2608 ),
 ( #1867, #2947, #3584, #2894, #836 ),
 ( #3186, #4298, #122, #1188, #4271 ),
 ( #2257, #2210, #1484, #2518, #3208 ) ),
 .UNSPECIFIED., .F., .F., .F.,
 ( 4, 4 ),
 ( 4, 1, 4 ),
 ( -0.2849999999999999756, 0.000000000000000000 ),
 ( 0.000000000000000000, 0.2918641954812579709, 0.6810164561229340441 ),
 .UNSPECIFIED. ) ;
#3280 = CARTESIAN_POINT ( 'NONE',  ( 84.40173852341000327, -32.65412229215090179, -22.04884615184379726 ) ) ;
#3281 = CARTESIAN_POINT ( 'NONE',  ( 82.72587094318490131, -33.64008302774109893, -22.53416479124600258 ) ) ;
#3282 = CARTESIAN_POINT ( 'NONE',  ( 82.57156810033910688, -34.52552437739959856, -22.55334581451889875 ) ) ;
#3283 = LINE ( 'NONE', #4304, #3995 ) ;
#3284 = CARTESIAN_POINT ( 'NONE',  ( 85.28060516751955333, -30.68710919816157556, -25.94521328840685470 ) ) ;
#3285 = CARTESIAN_POINT ( 'NONE',  ( 91.88600917156830405, -3.635017564150619940, -6.214125175704820592 ) ) ;
#3286 = APPLICATION_CONTEXT ( 'automotive_design' ) ;
#3287 = CARTESIAN_POINT ( 'NONE',  ( 92.00759984603590169, -4.198591289063940302, -7.164686698600159609 ) ) ;
#3288 = DIRECTION ( 'NONE',  ( -0.9989399681491105687, 0.04449444832353788987, -0.01179763122995069677 ) ) ;
#3289 = CARTESIAN_POINT ( 'NONE',  ( 64.53674345213678976, -61.15153345365860105, -10.41199843741179976 ) ) ;
#3290 = DIRECTION ( 'NONE',  ( 0.9999217838717306961, -0.01250704356656649752, 0.000000000000000000 ) ) ;
#3291 = ORIENTED_EDGE ( 'NONE', *, *, #3766, .F. ) ;
#3292 = ADVANCED_FACE ( 'NONE', ( #4225 ), #1487, .T. ) ;
#3293 = CARTESIAN_POINT ( 'NONE',  ( 84.27025527375590741, -34.78170272673299479, -23.41563039636240262 ) ) ;
#3294 = ORIENTED_EDGE ( 'NONE', *, *, #2256, .F. ) ;
#3295 = ORIENTED_EDGE ( 'NONE', *, *, #3525, .T. ) ;
#3296 = CARTESIAN_POINT ( 'NONE',  ( 63.50468529013869556, -59.85559923550550110, -9.935943514442170610 ) ) ;
#3297 = CARTESIAN_POINT ( 'NONE',  ( 85.92774453169090521, -30.92844845001149778, -25.94560832745139933 ) ) ;
#3298 = CARTESIAN_POINT ( 'NONE',  ( 84.29609615573849624, -30.64008967513909809, -25.40111889178309923 ) ) ;
#3299 = CARTESIAN_POINT ( 'NONE',  ( 82.67429432365091202, -32.57987932131359798, -26.29798841497429862 ) ) ;
#3300 = CARTESIAN_POINT ( 'NONE',  ( 83.94464421190969006, -31.86522975622239784, -26.49563438136080151 ) ) ;
#3301 = CARTESIAN_POINT ( 'NONE',  ( 64.33251120070789852, -60.96492761721869869, -10.41544716577089957 ) ) ;
#3302 = CARTESIAN_POINT ( 'NONE',  ( 61.28339813753329679, -64.42487529522239242, -2.000000000000000000 ) ) ;
#3303 = CARTESIAN_POINT ( 'NONE',  ( 72.34261219672889354, -52.47397394537480153, -11.49179313252210122 ) ) ;
#3304 = CARTESIAN_POINT ( 'NONE',  ( 89.71016282888891169, 1.619590138829219983, -3.000000000000000000 ) ) ;
#3305 = CARTESIAN_POINT ( 'NONE',  ( 92.14072118343410978, 1.649033202588659819, -3.000000000000000000 ) ) ;
#3306 = CARTESIAN_POINT ( 'NONE',  ( 79.81430239138509819, -35.22745922325369605, -22.75025636256970074 ) ) ;
#3307 = CARTESIAN_POINT ( 'NONE',  ( 80.10135335875060036, -34.72399651115549801, -22.97020388934459945 ) ) ;
#3308 = CARTESIAN_POINT ( 'NONE',  ( 64.44801064744828523, -58.77261866801330115, -7.200722844752410090 ) ) ;
#3309 = ORIENTED_EDGE ( 'NONE', *, *, #4182, .T. ) ;
#3310 = ADVANCED_FACE ( 'NONE', ( #3231 ), #3253, .T. ) ;
#3311 = ORIENTED_EDGE ( 'NONE', *, *, #2206, .F. ) ;
#3312 = B_SPLINE_SURFACE_WITH_KNOTS ( 'NONE', 3, 3, ( 
 ( #958, #4355, #4022, #2337, #546 ),
 ( #2293, #1297, #894, #2270, #1996 ),
 ( #3687, #3351, #3664, #253, #613 ),
 ( #3976, #3329, #275, #2935, #230 ),
 ( #3956, #1611, #300, #1653, #3642 ) ),
 .UNSPECIFIED., .F., .F., .F.,
 ( 4, 1, 4 ),
 ( 4, 1, 4 ),
 ( -1.570796326794899889, -0.8975979010256550650, 0.000000000000000000 ),
 ( 0.000000000000000000, 0.2894265773048950163, 0.6753286803780890191 ),
 .UNSPECIFIED. ) ;
#3313 = CARTESIAN_POINT ( 'NONE',  ( 86.19290692760620232, -32.50595902746100307, -23.61979051971709964 ) ) ;
#3314 = VERTEX_POINT ( 'NONE', #2919 ) ;
#3315 = EDGE_CURVE ( 'NONE', #2024, #1912, #563, .T. ) ;
#3316 = VERTEX_POINT ( 'NONE', #1098 ) ;
#3317 = CARTESIAN_POINT ( 'NONE',  ( 80.97695871135260859, -34.80433645585869584, -22.25826234695520256 ) ) ;
#3318 = CARTESIAN_POINT ( 'NONE',  ( 85.91762100912809785, -30.96534869948780155, -25.96591399353509644 ) ) ;
#3319 = LINE ( 'NONE', #3696, #2433 ) ;
#3320 = CARTESIAN_POINT ( 'NONE',  ( 84.40119971235120033, -32.65386621770045394, -22.04894402428489997 ) ) ;
#3321 = CARTESIAN_POINT ( 'NONE',  ( 89.70791756967818742, 1.440084599950600230, -3.000000000000000000 ) ) ;
#3322 = CARTESIAN_POINT ( 'NONE',  ( 79.81744592175590469, -37.16680441796100354, -25.94422416672529863 ) ) ;
#3323 = CARTESIAN_POINT ( 'NONE',  ( 83.89418616893439662, -34.67028334280389856, -26.49699131199930235 ) ) ;
#3324 = CARTESIAN_POINT ( 'NONE',  ( 64.41389223218850191, -61.26726705590840538, 0.000000000000000000 ) ) ;
#3325 = FACE_OUTER_BOUND ( 'NONE', #1387, .T. ) ;
#3326 = B_SPLINE_CURVE_WITH_KNOTS ( 'NONE', 3,
 ( #349, #4152, #2761, #2048 ),
 .UNSPECIFIED., .F., .F.,
 ( 4, 4 ),
 ( 0.000000000000000000, 0.009535896581535389591 ),
 .UNSPECIFIED. ) ;
#3327 = CARTESIAN_POINT ( 'NONE',  ( 65.89553575882139569, -59.59157786464049877, -6.472109856806310013 ) ) ;
#3328 = CARTESIAN_POINT ( 'NONE',  ( 83.88717373020620016, -34.69200047834340239, -26.25872227629569977 ) ) ;
#3329 = CARTESIAN_POINT ( 'NONE',  ( 64.57743870953349585, -62.19461967160250282, -3.685676473672639730 ) ) ;
#3330 = CARTESIAN_POINT ( 'NONE',  ( 89.22482328632038673, -21.80857544134429915, -20.61578865979119968 ) ) ;
#3331 = ORIENTED_EDGE ( 'NONE', *, *, #3827, .T. ) ;
#3332 = FACE_OUTER_BOUND ( 'NONE', #3940, .T. ) ;
#3333 = B_SPLINE_CURVE_WITH_KNOTS ( 'NONE', 3,
 ( #193, #3276, #814, #485 ),
 .UNSPECIFIED., .F., .F.,
 ( 4, 4 ),
 ( 0.000000000000000000, 0.2999999999999999889 ),
 .UNSPECIFIED. ) ;
#3334 = ORIENTED_EDGE ( 'NONE', *, *, #1571, .T. ) ;
#3335 = B_SPLINE_CURVE_WITH_KNOTS ( 'NONE', 3,
 ( #1298, #2669, #678, #982 ),
 .UNSPECIFIED., .F., .F.,
 ( 4, 4 ),
 ( 0.000000000000000000, 0.08146959963896649448 ),
 .UNSPECIFIED. ) ;
#3336 = CARTESIAN_POINT ( 'NONE',  ( 69.98492062548869797, -53.30423385168340644, -15.28631198087470011 ) ) ;
#3337 = CARTESIAN_POINT ( 'NONE',  ( 86.55185033661680905, -31.56726427730040285, -25.50840657647300347 ) ) ;
#3338 = CARTESIAN_POINT ( 'NONE',  ( 92.09531219077381081, -2.901896853677259802, -9.701099536806470525 ) ) ;
#3339 = CARTESIAN_POINT ( 'NONE',  ( 84.47470406843719104, -30.60550512242989996, -25.83259317760219886 ) ) ;
#3340 = CARTESIAN_POINT ( 'NONE',  ( 62.42279275368800029, -64.41565653174690453, -3.000000000000000000 ) ) ;
#3341 = EDGE_LOOP ( 'NONE', ( #236, #1115, #721, #986 ) ) ;
#3342 = CARTESIAN_POINT ( 'NONE',  ( 92.11405899941111386, -1.430065484712679913, -1.000000000000000000 ) ) ;
#3343 = CARTESIAN_POINT ( 'NONE',  ( 82.86686761533371737, -35.04910888097180077, -22.70833654915259814 ) ) ;
#3344 = EDGE_CURVE ( 'NONE', #2575, #1237, #3034, .T. ) ;
#3345 = CARTESIAN_POINT ( 'NONE',  ( 60.68036842752359661, -63.82699360380370024, 121.3619999999999948 ) ) ;
#3346 = FACE_OUTER_BOUND ( 'NONE', #2001, .T. ) ;
#3347 = CARTESIAN_POINT ( 'NONE',  ( 92.08014612424030076, -2.060201409501189573, -5.314576371055480308 ) ) ;
#3348 = DIRECTION ( 'NONE',  ( 1.000000000000000000, 0.000000000000000000, 0.000000000000000000 ) ) ;
#3349 = AXIS2_PLACEMENT_3D ( 'NONE', #589, #271, #3040 ) ;
#3350 = FACE_OUTER_BOUND ( 'NONE', #2984, .T. ) ;
#3351 = CARTESIAN_POINT ( 'NONE',  ( 64.72086205073229337, -61.75703609094289703, -3.617819846568750108 ) ) ;
#3352 = CARTESIAN_POINT ( 'NONE',  ( 64.41181569074259983, -62.37450789534869955, -3.000000000000000000 ) ) ;
#3353 = B_SPLINE_CURVE_WITH_KNOTS ( 'NONE', 3,
 ( #1805, #182, #160, #802 ),
 .UNSPECIFIED., .F., .F.,
 ( 4, 4 ),
 ( 0.000000000000000000, 1.000000000000000000 ),
 .UNSPECIFIED. ) ;
#3354 = EDGE_LOOP ( 'NONE', ( #2837, #1483, #3291, #2965 ) ) ;
#3355 = CARTESIAN_POINT ( 'NONE',  ( 85.47863301064779762, -33.79126185857199971, -25.18661770802230038 ) ) ;
#3356 = ORIENTED_EDGE ( 'NONE', *, *, #3442, .T. ) ;
#3357 = B_SPLINE_CURVE_WITH_KNOTS ( 'NONE', 3,
 ( #1730, #3742, #3764, #3080 ),
 .UNSPECIFIED., .F., .F.,
 ( 4, 4 ),
 ( 0.000000000000000000, 1.000000000000000000 ),
 .UNSPECIFIED. ) ;
#3358 = VECTOR ( 'NONE', #1976, 1000.000000000000000 ) ;
#3359 = PLANE ( 'NONE',  #1212 ) ;
#3360 = FACE_OUTER_BOUND ( 'NONE', #1838, .T. ) ;
#3361 = CARTESIAN_POINT ( 'NONE',  ( 80.57409842929389754, -37.50794512608160147, -25.94423413766170228 ) ) ;
#3362 = CARTESIAN_POINT ( 'NONE',  ( 80.32188092678130431, -37.39423155670800014, -25.94423081401620124 ) ) ;
#3363 = DIRECTION ( 'NONE',  ( -0.7071067811865475727, 0.7071067811865475727, 0.000000000000000000 ) ) ;
#3364 = EDGE_CURVE ( 'NONE', #626, #504, #2717, .T. ) ;
#3365 = ORIENTED_EDGE ( 'NONE', *, *, #1981, .T. ) ;
#3366 = CARTESIAN_POINT ( 'NONE',  ( 83.76008028247319714, -31.89210701831430583, -25.89731188976060139 ) ) ;
#3367 = CARTESIAN_POINT ( 'NONE',  ( 81.89344768256120233, -35.22570380752289765, -22.29860219601479798 ) ) ;
#3368 = CARTESIAN_POINT ( 'NONE',  ( 80.10135335875060036, -34.72399651115549801, -22.97020388934459945 ) ) ;
#3369 = CYLINDRICAL_SURFACE ( 'NONE', #3349, 0.7999999999999999334 ) ;
#3370 =( LENGTH_UNIT ( ) NAMED_UNIT ( * ) SI_UNIT ( .MILLI., .METRE. ) );
#3371 = EDGE_CURVE ( 'NONE', #2021, #3942, #3090, .T. ) ;
#3372 = CARTESIAN_POINT ( 'NONE',  ( 65.69130350739250446, -59.40497202820060352, -6.475558585165339665 ) ) ;
#3373 = CARTESIAN_POINT ( 'NONE',  ( 63.49492302682958922, -62.25877399062980544, -9.616894077948719755 ) ) ;
#3374 = CARTESIAN_POINT ( 'NONE',  ( 63.64895260807519861, -60.50632321600850361, -1.000000000000000000 ) ) ;
#3375 = CARTESIAN_POINT ( 'NONE',  ( 63.74214079006131328, -63.07038934793410334, 0.000000000000000000 ) ) ;
#3376 = ORIENTED_EDGE ( 'NONE', *, *, #4228, .T. ) ;
#3377 = CARTESIAN_POINT ( 'NONE',  ( 86.14288220457514456, -32.64608574842384314, -23.16591700873004456 ) ) ;
#3378 = CARTESIAN_POINT ( 'NONE',  ( 89.98702744302160283, -12.01113668705169957, -15.36350592779879953 ) ) ;
#3379 = VERTEX_POINT ( 'NONE', #1118 ) ;
#3380 = B_SPLINE_CURVE_WITH_KNOTS ( 'NONE', 3,
 ( #1388, #443, #658, #324, #1463 ),
 .UNSPECIFIED., .F., .F.,
 ( 4, 1, 4 ),
 ( 0.000000000000000000, 0.4285714285714298799, 1.000000000000000000 ),
 .UNSPECIFIED. ) ;
#3381 = CARTESIAN_POINT ( 'NONE',  ( 80.72137692441710044, -34.86624847066190114, -22.19424479939200268 ) ) ;
#3382 = CARTESIAN_POINT ( 'NONE',  ( 80.90196270791379618, -33.57633879126139931, -23.31828515374380117 ) ) ;
#3383 = CARTESIAN_POINT ( 'NONE',  ( 83.66814978210419440, -34.05002637965020540, -27.01031639423020181 ) ) ;
#3384 = EDGE_CURVE ( 'NONE', #1436, #1634, #1915, .T. ) ;
#3385 = CARTESIAN_POINT ( 'NONE',  ( 80.03426026463588983, -36.54081509135069439, -26.26851088436799841 ) ) ;
#3386 = CARTESIAN_POINT ( 'NONE',  ( 61.46294395942869215, -64.59733792696779631, -3.000000000000000000 ) ) ;
#3387 = ORIENTED_EDGE ( 'NONE', *, *, #135, .T. ) ;
#3388 = CARTESIAN_POINT ( 'NONE',  ( 92.13772750448649163, 1.409692484083840069, -3.000000000000000000 ) ) ;
#3389 = DIRECTION ( 'NONE',  ( -1.000000000000000000, 0.000000000000000000, 0.000000000000000000 ) ) ;
#3390 = CARTESIAN_POINT ( 'NONE',  ( 62.42279275368800029, -64.41565653174690453, -3.000000000000000000 ) ) ;
#3391 = CARTESIAN_POINT ( 'NONE',  ( 84.23725423567809401, -30.81684179829919756, -25.30419116525940026 ) ) ;
#3392 = EDGE_CURVE ( 'NONE', #2650, #1570, #4299, .T. ) ;
#3393 = CARTESIAN_POINT ( 'NONE',  ( 80.78839568471688892, -36.88699956283500114, -26.29016744362760249 ) ) ;
#3394 = B_SPLINE_SURFACE_WITH_KNOTS ( 'NONE', 3, 3, ( 
 ( #868, #631, #2290, #1947 ),
 ( #4017, #2311, #1270, #3304 ),
 ( #1993, #249, #1224, #1972 ),
 ( #1900, #954, #2244, #2267 ),
 ( #3264, #4282, #566, #3660 ) ),
 .UNSPECIFIED., .F., .F., .F.,
 ( 4, 1, 4 ),
 ( 4, 4 ),
 ( -1.570796326794899889, -0.8975979010256550650, 0.000000000000000000 ),
 ( 0.000000000000000000, 0.2999999999999999889 ),
 .UNSPECIFIED. ) ;
#3395 = CARTESIAN_POINT ( 'NONE',  ( 80.95498189180790405, -35.31698916880269934, -22.05022366527899891 ) ) ;
#3396 = CARTESIAN_POINT ( 'NONE',  ( 61.29151652254329719, -64.43028830700120579, -3.000000000000000000 ) ) ;
#3397 = CARTESIAN_POINT ( 'NONE',  ( 81.96746185159689446, -34.83231406334299862, -22.46544159014779751 ) ) ;
#3398 = EDGE_CURVE ( 'NONE', #3670, #2205, #1271, .T. ) ;
#3399 = EDGE_CURVE ( 'NONE', #2185, #4295, #283, .T. ) ;
#3400 = CARTESIAN_POINT ( 'NONE',  ( 62.67146790602409823, -60.67860412796520109, -3.000000000000000000 ) ) ;
#3401 = ORIENTED_EDGE ( 'NONE', *, *, #3941, .F. ) ;
#3402 = CARTESIAN_POINT ( 'NONE',  ( 90.48999999999999488, -2.225000000000000089, 0.000000000000000000 ) ) ;
#3403 = CARTESIAN_POINT ( 'NONE',  ( 83.57949156292231407, -35.02620865579269349, -23.41946568539010443 ) ) ;
#3404 = EDGE_CURVE ( 'NONE', #1233, #4114, #287, .T. ) ;
#3405 = ORIENTED_EDGE ( 'NONE', *, *, #767, .T. ) ;
#3406 = DIRECTION ( 'NONE',  ( 0.3907638184670488846, -0.9176597707825646655, -0.07214002539743287479 ) ) ;
#3407 = CARTESIAN_POINT ( 'NONE',  ( 79.81430239138499871, -35.22745922325369605, -22.75025636256970074 ) ) ;
#3408 = CARTESIAN_POINT ( 'NONE',  ( 91.84300994737928647, -4.464632591327090338, -6.633286082348710089 ) ) ;
#3409 = CARTESIAN_POINT ( 'NONE',  ( 61.89993773865969473, -64.74258905809050191, -3.000000000000000000 ) ) ;
#3410 = ORIENTED_EDGE ( 'NONE', *, *, #207, .F. ) ;
#3411 = CARTESIAN_POINT ( 'NONE',  ( 79.82319440066889626, -34.97374952005069559, -25.86419921749710227 ) ) ;
#3412 = FACE_OUTER_BOUND ( 'NONE', #4221, .T. ) ;
#3413 = CARTESIAN_POINT ( 'NONE',  ( 80.70276438929528240, -35.20327559942919748, -22.05022034163359734 ) ) ;
#3414 = CARTESIAN_POINT ( 'NONE',  ( 85.22598004508181191, -32.98194555870209399, -26.84076733340069865 ) ) ;
#3415 = FILL_AREA_STYLE_COLOUR ( '', #436 ) ;
#3416 = CARTESIAN_POINT ( 'NONE',  ( 86.04357371456710268, -32.90218937074550354, -22.77109781543350309 ) ) ;
#3417 = CARTESIAN_POINT ( 'NONE',  ( 64.50282633834309820, -58.70968775284939767, -7.041781913506270030 ) ) ;
#3418 = CARTESIAN_POINT ( 'NONE',  ( 63.19432259501249405, -60.35166846380950290, -3.000000000000000000 ) ) ;
#3419 = ORIENTED_EDGE ( 'NONE', *, *, #2379, .T. ) ;
#3420 = ADVANCED_FACE ( 'NONE', ( #3694 ), #4265, .T. ) ;
#3421 = VECTOR ( 'NONE', #3985, 1000.000000000000000 ) ;
#3422 = CARTESIAN_POINT ( 'NONE',  ( 90.49166105173999597, -2.465386499994320246, -10.43230520924289983 ) ) ;
#3423 = CARTESIAN_POINT ( 'NONE',  ( 88.18407204001769628, -21.53856600714279779, -20.62076189391709846 ) ) ;
#3424 = CARTESIAN_POINT ( 'NONE',  ( 83.44964973870570191, -33.45231390634450719, -22.48271856567959759 ) ) ;
#3425 = AXIS2_PLACEMENT_3D ( 'NONE', #3468, #1766, #2391 ) ;
#3426 = CARTESIAN_POINT ( 'NONE',  ( 63.92404669785010896, -60.59171594433880870, -10.42234462248889848 ) ) ;
#3427 = CARTESIAN_POINT ( 'NONE',  ( 60.68036842752359661, -63.82699360380370024, 0.000000000000000000 ) ) ;
#3428 = B_SPLINE_CURVE_WITH_KNOTS ( 'NONE', 3,
 ( #242, #2970, #2656, #4322, #4365 ),
 .UNSPECIFIED., .F., .F.,
 ( 4, 1, 4 ),
 ( 3.469446951953614959E-18, 0.0003108631711934402644, 0.001024678446146023991 ),
 .UNSPECIFIED. ) ;
#3429 = ORIENTED_EDGE ( 'NONE', *, *, #1010, .F. ) ;
#3430 = B_SPLINE_SURFACE_WITH_KNOTS ( 'NONE', 3, 3, ( 
 ( #1609, #2619, #2554, #1202, #1563 ),
 ( #2933, #3908, #2908, #4238, #2268 ),
 ( #4309, #3974, #913, #1949, #1225 ),
 ( #3305, #185, #847, #1519, #1543 ),
 ( #4330, #1272, #2641, #2201, #827 ) ),
 .UNSPECIFIED., .F., .F., .F.,
 ( 4, 1, 4 ),
 ( 4, 1, 4 ),
 ( -1.570796326794869913, -0.8975979010256430746, 0.000000000000000000 ),
 ( 0.000000000000000000, 0.2918641954812579709, 0.6810164561229340441 ),
 .UNSPECIFIED. ) ;
#3431 = CIRCLE ( 'NONE', #1503, 0.8000000000000011546 ) ;
#3432 = CARTESIAN_POINT ( 'NONE',  ( 61.26726705590840538, -64.41389223218850191, 0.000000000000000000 ) ) ;
#3433 = VERTEX_POINT ( 'NONE', #1305 ) ;
#3434 = CARTESIAN_POINT ( 'NONE',  ( 81.46256042720419543, -37.48376150225709580, -25.24419811672549940 ) ) ;
#3435 = CARTESIAN_POINT ( 'NONE',  ( 60.68100858553690102, -62.70367045464470124, -1.000000000000000000 ) ) ;
#3436 = CARTESIAN_POINT ( 'NONE',  ( 60.68036842752359661, -63.82699360380370024, 0.000000000000000000 ) ) ;
#3437 = CARTESIAN_POINT ( 'NONE',  ( 72.48797850355219907, -52.58096065992310031, -11.49010113745219996 ) ) ;
#3438 = CARTESIAN_POINT ( 'NONE',  ( 89.86166450972848452, 2.037283658039759970, -3.000000000000000000 ) ) ;
#3439 = B_SPLINE_CURVE_WITH_KNOTS ( 'NONE', 3,
 ( #1331, #18, #3035, #665 ),
 .UNSPECIFIED., .F., .F.,
 ( 4, 4 ),
 ( 0.000000000000000000, 0.009536015214282130351 ),
 .UNSPECIFIED. ) ;
#3440 = CARTESIAN_POINT ( 'NONE',  ( 82.73066634842651013, -34.20670343841219818, -22.55569942743940004 ) ) ;
#3441 = CARTESIAN_POINT ( 'NONE',  ( 83.84360512403769405, -32.33199790546179742, -22.24200676926249898 ) ) ;
#3442 = EDGE_CURVE ( 'NONE', #1037, #4191, #3671, .T. ) ;
#3443 = VERTEX_POINT ( 'NONE', #1262 ) ;
#3444 = CARTESIAN_POINT ( 'NONE',  ( 83.25793109830689787, -34.34660859208329953, -22.57368367616020066 ) ) ;
#3445 = CARTESIAN_POINT ( 'NONE',  ( 85.15118467933130830, -30.63882149529899834, -25.94517313902049693 ) ) ;
#3446 = CARTESIAN_POINT ( 'NONE',  ( 86.06316316086991947, -32.86118210341404478, -22.75022711897364758 ) ) ;
#3447 = B_SPLINE_SURFACE_WITH_KNOTS ( 'NONE', 3, 3, ( 
 ( #231, #1880, #1857, #4240 ),
 ( #138, #2203, #3935, #1159 ),
 ( #2866, #3889, #3576, #164 ),
 ( #3551, #523, #3224, #1906 ),
 ( #2226, #3244, #4261, #2578 ) ),
 .UNSPECIFIED., .F., .F., .F.,
 ( 4, 1, 4 ),
 ( 4, 4 ),
 ( -1.570796326794869913, -0.8975979010256430746, 0.000000000000000000 ),
 ( -1.957991609067750050, -1.639188761265319982 ),
 .UNSPECIFIED. ) ;
#3448 = EDGE_CURVE ( 'NONE', #4293, #3963, #2630, .T. ) ;
#3449 = PLANE ( 'NONE',  #362 ) ;
#3450 = LINE ( 'NONE', #1074, #2 ) ;
#3451 = ORIENTED_EDGE ( 'NONE', *, *, #1981, .F. ) ;
#3452 = CIRCLE ( 'NONE', #1882, 0.7999999999999951594 ) ;
#3453 = ORIENTED_EDGE ( 'NONE', *, *, #3617, .T. ) ;
#3454 = B_SPLINE_CURVE_WITH_KNOTS ( 'NONE', 3,
 ( #4286, #3957, #2271, #3621 ),
 .UNSPECIFIED., .F., .F.,
 ( 4, 4 ),
 ( 1.249588320032499977, 1.572902615616140087 ),
 .UNSPECIFIED. ) ;
#3455 = CARTESIAN_POINT ( 'NONE',  ( 80.14632153974531548, -36.21484853135029880, -26.39625673724099642 ) ) ;
#3456 = CARTESIAN_POINT ( 'NONE',  ( 82.85412209188100974, -32.72066837263459860, -23.24640522101159945 ) ) ;
#3457 = CARTESIAN_POINT ( 'NONE',  ( 61.09336992977010539, -64.23720186983690894, -3.000000000000000000 ) ) ;
#3458 = CARTESIAN_POINT ( 'NONE',  ( 84.91908647482239303, -32.84703508887429280, -22.04920074096749971 ) ) ;
#3459 = B_SPLINE_CURVE_WITH_KNOTS ( 'NONE', 3,
 ( #1002, #3732, #2359, #4020 ),
 .UNSPECIFIED., .F., .F.,
 ( 4, 4 ),
 ( 1.249588320032499977, 1.572902615616140087 ),
 .UNSPECIFIED. ) ;
#3460 = CARTESIAN_POINT ( 'NONE',  ( 85.71530999042349208, -31.68504366385989357, -26.34917387507260145 ) ) ;
#3461 = CARTESIAN_POINT ( 'NONE',  ( 63.79491192076390860, -60.65875014661919806, -3.596617390650549861 ) ) ;
#3462 = CARTESIAN_POINT ( 'NONE',  ( 63.21323731187359840, -60.35731079567239732, -1.000000000000000000 ) ) ;
#3463 = ORIENTED_EDGE ( 'NONE', *, *, #648, .F. ) ;
#3464 = B_SPLINE_SURFACE_WITH_KNOTS ( 'NONE', 3, 3, ( 
 ( #1420, #3850, #58, #2438, #2077 ),
 ( #2828, #103, #1754, #3144, #3124 ),
 ( #1401, #2789, #419, #2497, #1119 ),
 ( #1381, #4118, #1057, #792, #3788 ) ),
 .UNSPECIFIED., .F., .F., .F.,
 ( 4, 4 ),
 ( 4, 1, 4 ),
 ( -0.2849999999999999756, 0.000000000000000000 ),
 ( 0.000000000000000000, 0.2918641954812579709, 0.6810164561229340441 ),
 .UNSPECIFIED. ) ;
#3465 = CARTESIAN_POINT ( 'NONE',  ( 82.30742072356999017, -35.73826377711169755, -23.06730535734680032 ) ) ;
#3466 = CARTESIAN_POINT ( 'NONE',  ( 84.92692630997129299, -30.55514879630079861, -25.94510340815869753 ) ) ;
#3467 = CARTESIAN_POINT ( 'NONE',  ( 85.39375564979889077, -33.00722307006610379, -22.07806505319415180 ) ) ;
#3468 = CARTESIAN_POINT ( 'NONE',  ( 90.48999999999999488, 1.425000000000000044, 122.3110000000000070 ) ) ;
#3469 = CARTESIAN_POINT ( 'NONE',  ( 91.33854177814679076, 2.221481615920239960, -2.000000000000000000 ) ) ;
#3470 = EDGE_LOOP ( 'NONE', ( #2089, #1140, #1934, #279 ) ) ;
#3471 = B_SPLINE_CURVE_WITH_KNOTS ( 'NONE', 3,
 ( #4186, #4162, #1125, #2103, #1738 ),
 .UNSPECIFIED., .F., .F.,
 ( 4, 1, 4 ),
 ( 0.000000000000000000, 0.1421585948629860152, 0.2487775410102249785 ),
 .UNSPECIFIED. ) ;
#3472 = ORIENTED_EDGE ( 'NONE', *, *, #3655, .T. ) ;
#3473 = CARTESIAN_POINT ( 'NONE',  ( 89.66927875936957548, -1.649033159669404558, -3.000005888479983174 ) ) ;
#3474 = CARTESIAN_POINT ( 'NONE',  ( 83.14329579663349534, -33.52738036814979949, -22.50776165015249930 ) ) ;
#3475 = CARTESIAN_POINT ( 'NONE',  ( 63.75091986452789428, -63.04989289291419396, -3.882558353446589727 ) ) ;
#3476 = DIRECTION ( 'NONE',  ( 0.000000000000000000, 0.000000000000000000, 1.000000000000000000 ) ) ;
#3477 = CARTESIAN_POINT ( 'NONE',  ( 89.87360643547499706, -2.070233233433419695, -2.000000000000000000 ) ) ;
#3478 = ADVANCED_FACE ( 'NONE', ( #3360 ), #3515, .T. ) ;
#3479 = CARTESIAN_POINT ( 'NONE',  ( 83.63470141885589726, -32.92696856084580048, -26.90106644594909824 ) ) ;
#3480 = CARTESIAN_POINT ( 'NONE',  ( 85.15050497603989754, -32.99218439809709480, -22.07723320787389909 ) ) ;
#3481 = CARTESIAN_POINT ( 'NONE',  ( 86.54342346593189461, -31.57082795509259654, -25.24521948342029987 ) ) ;
#3482 = CARTESIAN_POINT ( 'NONE',  ( 85.15050497603989754, -32.99218439809709480, -22.07723320787400212 ) ) ;
#3483 = ORIENTED_EDGE ( 'NONE', *, *, #1431, .T. ) ;
#3484 = CARTESIAN_POINT ( 'NONE',  ( 83.13667712306249769, -35.18281664753779836, -23.15226225076279931 ) ) ;
#3485 = CARTESIAN_POINT ( 'NONE',  ( 91.34779571224240158, 2.219635546034480544, -3.000000000000000000 ) ) ;
#3486 = CARTESIAN_POINT ( 'NONE',  ( 91.31999999999999318, -2.225000000000000089, 0.000000000000000000 ) ) ;
#3487 = CARTESIAN_POINT ( 'NONE',  ( 89.62264095907968908, -3.185234175768449916, -6.721718239204840017 ) ) ;
#3488 = CARTESIAN_POINT ( 'NONE',  ( 91.10496559384679927, 1.366243007509370111, -7.497700370786398949 ) ) ;
#3489 = ORIENTED_EDGE ( 'NONE', *, *, #1644, .T. ) ;
#3490 = VERTEX_POINT ( 'NONE', #989 ) ;
#3491 = CARTESIAN_POINT ( 'NONE',  ( 79.53586311708090761, -35.68426032032790118, -25.78731288443450254 ) ) ;
#3492 = CARTESIAN_POINT ( 'NONE',  ( 83.78666326088669791, -32.01230247825640163, -22.74866737753250234 ) ) ;
#3493 = CARTESIAN_POINT ( 'NONE',  ( 61.08608394971829370, -64.23093463852460161, -2.000000000000000000 ) ) ;
#3494 = CARTESIAN_POINT ( 'NONE',  ( 83.82779547269269926, -34.44827535155279463, -26.89493500702689843 ) ) ;
#3495 = ADVANCED_FACE ( 'NONE', ( #2431 ), #413, .T. ) ;
#3496 = LINE ( 'NONE', #442, #2082 ) ;
#3497 = CARTESIAN_POINT ( 'NONE',  ( 89.67341300968239182, -2.712097435235270471, -9.889534716815148840 ) ) ;
#3498 = DIRECTION ( 'NONE',  ( 0.7071067811865474617, -0.7071067811865474617, 0.000000000000000000 ) ) ;
#3499 = FACE_OUTER_BOUND ( 'NONE', #1208, .T. ) ;
#3500 = CARTESIAN_POINT ( 'NONE',  ( 82.28164177454421235, -33.14077140880409900, -22.66311696760109839 ) ) ;
#3501 = CARTESIAN_POINT ( 'NONE',  ( 83.70599880747289490, -34.82547700671609903, -22.75649560227000023 ) ) ;
#3502 = ORIENTED_EDGE ( 'NONE', *, *, #1724, .T. ) ;
#3503 = CARTESIAN_POINT ( 'NONE',  ( 82.90729761920650276, -34.62702633363700500, -22.57106008391890128 ) ) ;
#3504 = CARTESIAN_POINT ( 'NONE',  ( 82.44691219691320327, -33.53146419017819824, -22.53102287935830361 ) ) ;
#3505 = CARTESIAN_POINT ( 'NONE',  ( 62.37042131969400316, -60.99196207973739092, -5.966064011644760079 ) ) ;
#3506 = DIRECTION ( 'NONE',  ( 0.3061922327165478852, 0.8202493876126861760, 0.4831534525852722028 ) ) ;
#3507 = CARTESIAN_POINT ( 'NONE',  ( 89.57280913475220530, -4.199373658325420422, -6.980332360995739727 ) ) ;
#3508 = CARTESIAN_POINT ( 'NONE',  ( 90.82838316698180847, 1.372600191090840083, -7.500820399733480137 ) ) ;
#3509 = ORIENTED_EDGE ( 'NONE', *, *, #85, .F. ) ;
#3510 = VERTEX_POINT ( 'NONE', #32 ) ;
#3511 = CARTESIAN_POINT ( 'NONE',  ( 64.41389223218850191, -62.39863790580689340, 0.000000000000000000 ) ) ;
#3512 = CARTESIAN_POINT ( 'NONE',  ( 64.39718391548831278, -61.24323166420400355, -3.000000000000000000 ) ) ;
#3513 = CARTESIAN_POINT ( 'NONE',  ( 84.37363994136771339, -32.69999464220899910, -22.07965487212230116 ) ) ;
#3514 = CARTESIAN_POINT ( 'NONE',  ( 92.12000000000001876, 1.634439510239320104, 0.000000000000000000 ) ) ;
#3515 = B_SPLINE_SURFACE_WITH_KNOTS ( 'NONE', 3, 3, ( 
 ( #924, #967, #2304, #4007 ),
 ( #601, #2588, #2345, #1661 ),
 ( #1284, #4272, #2653, #1216 ),
 ( #1984, #3674, #622, #1373 ) ),
 .UNSPECIFIED., .F., .F., .F.,
 ( 4, 4 ),
 ( 4, 4 ),
 ( -0.08300000000000200273, 0.000000000000000000 ),
 ( 0.000000000000000000, 0.2999999999999999889 ),
 .UNSPECIFIED. ) ;
#3516 = CARTESIAN_POINT ( 'NONE',  ( 60.36022218199819633, -63.29995444378400293, 0.000000000000000000 ) ) ;
#3517 = CARTESIAN_POINT ( 'NONE',  ( 83.59800002545370035, -33.88528848282820150, -26.99736584715479992 ) ) ;
#3518 = CARTESIAN_POINT ( 'NONE',  ( 82.13870600471589967, -34.03446086499179302, -26.99433726931129840 ) ) ;
#3519 = EDGE_CURVE ( 'NONE', #47, #3963, #3450, .T. ) ;
#3520 = CARTESIAN_POINT ( 'NONE',  ( 90.27851991312401481, 2.233010071142299768, -3.000000000000000000 ) ) ;
#3521 = CARTESIAN_POINT ( 'NONE',  ( 89.68405899941110704, -1.419934515287319954, -1.000000000000000000 ) ) ;
#3522 = CARTESIAN_POINT ( 'NONE',  ( 62.68757505316580136, -60.67972826951019982, -1.000000000000000000 ) ) ;
#3523 = CARTESIAN_POINT ( 'NONE',  ( 84.54071359203850022, -33.81435599706470185, -22.47727219739590154 ) ) ;
#3524 = ORIENTED_EDGE ( 'NONE', *, *, #338, .T. ) ;
#3525 = EDGE_CURVE ( 'NONE', #529, #1912, #1000, .T. ) ;
#3526 = CARTESIAN_POINT ( 'NONE',  ( 81.62065521820551339, -35.11616208806309913, -26.93959161233249944 ) ) ;
#3527 = CARTESIAN_POINT ( 'NONE',  ( 81.78813286056849563, -33.90581767386400003, -22.54552231721019595 ) ) ;
#3528 = CARTESIAN_POINT ( 'NONE',  ( 86.36261390656639492, -32.05950348909880177, -24.44387865299689722 ) ) ;
#3529 = CARTESIAN_POINT ( 'NONE',  ( 81.80173365862710000, -35.36218471013619791, -22.22527967924780157 ) ) ;
#3530 = ORIENTED_EDGE ( 'NONE', *, *, #3180, .F. ) ;
#3531 = ADVANCED_FACE ( 'NONE', ( #3031 ), #2843, .T. ) ;
#3532 = CARTESIAN_POINT ( 'NONE',  ( 79.56937224884480031, -35.62735817748149714, -25.62038007188720101 ) ) ;
#3533 = ORIENTED_EDGE ( 'NONE', *, *, #3667, .T. ) ;
#3534 = VECTOR ( 'NONE', #4015, 1000.000000000000000 ) ;
#3535 = ORIENTED_EDGE ( 'NONE', *, *, #2867, .F. ) ;
#3536 = CARTESIAN_POINT ( 'NONE',  ( 89.62264095907968908, -3.185234175768449916, -6.721718239204840017 ) ) ;
#3537 = CARTESIAN_POINT ( 'NONE',  ( 83.75907899479879859, -32.06734696708730326, -22.78822509596429668 ) ) ;
#3538 = CARTESIAN_POINT ( 'NONE',  ( 89.68405899941110704, -1.419934515287319954, -1.000000000000000000 ) ) ;
#3539 = CARTESIAN_POINT ( 'NONE',  ( 82.82105820513510253, -34.50073778173590000, -27.01843166330369783 ) ) ;
#3540 = CARTESIAN_POINT ( 'NONE',  ( 79.92901987322321133, -36.11494135231040303, -26.38669206521189992 ) ) ;
#3541 = CARTESIAN_POINT ( 'NONE',  ( 83.13203842241489383, -35.17602375830270489, -23.39148031187069776 ) ) ;
#3542 = B_SPLINE_CURVE_WITH_KNOTS ( 'NONE', 3,
 ( #3561, #3896, #3920, #1575, #1238 ),
 .UNSPECIFIED., .F., .F.,
 ( 4, 1, 4 ),
 ( 0.000000000000000000, 0.4285714285714266047, 1.000000000000000000 ),
 .UNSPECIFIED. ) ;
#3543 = CARTESIAN_POINT ( 'NONE',  ( 75.77999639764179562, -44.22977099379220078, -18.31436646080209840 ) ) ;
#3544 = CARTESIAN_POINT ( 'NONE',  ( 85.16983588632568569, -32.96003850477229946, -22.05885788059970309 ) ) ;
#3545 = CARTESIAN_POINT ( 'NONE',  ( 61.34764159445830245, -62.03418939488380346, -2.000000000000000000 ) ) ;
#3546 = B_SPLINE_CURVE_WITH_KNOTS ( 'NONE', 3,
 ( #3308, #3707, #656, #2020 ),
 .UNSPECIFIED., .F., .F.,
 ( 4, 4 ),
 ( 1.249588320032499977, 1.572902615616140087 ),
 .UNSPECIFIED. ) ;
#3547 = CARTESIAN_POINT ( 'NONE',  ( 83.53777952261171436, -34.45377587472140846, -22.58058841830780139 ) ) ;
#3548 = ORIENTED_EDGE ( 'NONE', *, *, #96, .F. ) ;
#3549 = CARTESIAN_POINT ( 'NONE',  ( 86.06515656519830770, -31.10283856790709933, -26.00514767792940063 ) ) ;
#3550 = CARTESIAN_POINT ( 'NONE',  ( 82.93761765133129416, -32.46208723534180507, -26.08342201457989873 ) ) ;
#3551 = CARTESIAN_POINT ( 'NONE',  ( 92.10267877945499038, -2.792992974989549904, -9.914122118299658837 ) ) ;
#3552 = EDGE_CURVE ( 'NONE', #1435, #2024, #1797, .T. ) ;
#3553 = CARTESIAN_POINT ( 'NONE',  ( 82.35209956592210290, -35.66239425331660584, -22.84472827395040184 ) ) ;
#3554 = VERTEX_POINT ( 'NONE', #1685 ) ;
#3555 = B_SPLINE_SURFACE_WITH_KNOTS ( 'NONE', 3, 3, ( 
 ( #2160, #1904, #568, #4310, #3267 ),
 ( #205, #3975, #3508, #1564, #4284 ),
 ( #1113, #2620, #3488, #460, #1927 ),
 ( #1139, #98, #3821, #2598, #2292 ) ),
 .UNSPECIFIED., .F., .F., .F.,
 ( 4, 4 ),
 ( 4, 1, 4 ),
 ( -0.08300000000000200273, 0.000000000000000000 ),
 ( 0.000000000000000000, 0.2918641954812579709, 0.6810164561229340441 ),
 .UNSPECIFIED. ) ;
#3556 = CARTESIAN_POINT ( 'NONE',  ( 84.40066267292799296, -32.65360677289589830, -22.04903954235279784 ) ) ;
#3557 = ORIENTED_EDGE ( 'NONE', *, *, #2339, .T. ) ;
#3558 = EDGE_CURVE ( 'NONE', #4170, #4024, #901, .T. ) ;
#3559 = ORIENTED_EDGE ( 'NONE', *, *, #3263, .T. ) ;
#3560 =( GEOMETRIC_REPRESENTATION_CONTEXT ( 3 ) GLOBAL_UNCERTAINTY_ASSIGNED_CONTEXT ( ( #4071 ) ) GLOBAL_UNIT_ASSIGNED_CONTEXT ( ( #1858, #2295, #4001 ) ) REPRESENTATION_CONTEXT ( 'NONE', 'WORKASPACE' ) );
#3561 = CARTESIAN_POINT ( 'NONE',  ( 92.10208243032180064, -1.440084599950590238, -3.000000000000000000 ) ) ;
#3562 = CARTESIAN_POINT ( 'NONE',  ( 83.77751568514680969, -32.03054002808850242, -22.76199223790200321 ) ) ;
#3563 = CARTESIAN_POINT ( 'NONE',  ( 89.69000000000001194, 1.425000000000000044, 122.3110000000000070 ) ) ;
#3564 = B_SPLINE_CURVE_WITH_KNOTS ( 'NONE', 3,
 ( #3899, #3190, #2123, #3539, #2145 ),
 .UNSPECIFIED., .F., .F.,
 ( 4, 1, 4 ),
 ( 0.000000000000000000, 0.5714285714285718409, 1.000000000000000000 ),
 .UNSPECIFIED. ) ;
#3565 = CARTESIAN_POINT ( 'NONE',  ( 60.36346861549479570, -63.30937903589549620, -1.000000000000000000 ) ) ;
#3566 = VECTOR ( 'NONE', #588, 1000.000000000000114 ) ;
#3567 = CARTESIAN_POINT ( 'NONE',  ( 82.21264831275829010, -35.90858812607169881, -22.97306544754470181 ) ) ;
#3568 = CARTESIAN_POINT ( 'NONE',  ( 80.60413899112158731, -35.73572218910599929, -26.64806822595090097 ) ) ;
#3569 = CARTESIAN_POINT ( 'NONE',  ( 63.80274413716880133, -60.66397235271089983, -3.000000000000000000 ) ) ;
#3570 = CARTESIAN_POINT ( 'NONE',  ( 60.69145557408820224, -63.84305332512908393, -2.000000000000000000 ) ) ;
#3571 = CARTESIAN_POINT ( 'NONE',  ( 62.02387131177800228, -61.35211986965079944, 0.000000000000000000 ) ) ;
#3572 = CARTESIAN_POINT ( 'NONE',  ( 90.28269874887899960, -2.217390286823800238, -3.000000000000000000 ) ) ;
#3573 = ORIENTED_EDGE ( 'NONE', *, *, #3519, .F. ) ;
#3574 = CARTESIAN_POINT ( 'NONE',  ( 75.32090289256359483, -45.03174368479820089, -19.97688654089180105 ) ) ;
#3575 = CARTESIAN_POINT ( 'NONE',  ( 82.85412209188100974, -32.72066837263459860, -23.24640522101159945 ) ) ;
#3576 = CARTESIAN_POINT ( 'NONE',  ( 89.78947166321140116, -22.02814686051240045, -20.48469273749289954 ) ) ;
#3577 = CARTESIAN_POINT ( 'NONE',  ( 91.06188232493339285, 2.223788530768350036, -2.000000000000000000 ) ) ;
#3578 = CARTESIAN_POINT ( 'NONE',  ( 91.51805394810600092, 2.219983240458739626, -2.000000000000000000 ) ) ;
#3579 = ORIENTED_EDGE ( 'NONE', *, *, #2036, .T. ) ;
#3580 = CARTESIAN_POINT ( 'NONE',  ( 60.68316292055919803, -62.72750815156449988, -4.201992136006560408 ) ) ;
#3581 = EDGE_CURVE ( 'NONE', #277, #1704, #266, .T. ) ;
#3582 = ORIENTED_EDGE ( 'NONE', *, *, #1017, .F. ) ;
#3583 = ORIENTED_EDGE ( 'NONE', *, *, #3637, .F. ) ;
#3584 = CARTESIAN_POINT ( 'NONE',  ( 89.68071699020489973, -1.001028444543289986, -5.982263745365240304 ) ) ;
#3585 = CARTESIAN_POINT ( 'NONE',  ( 84.37363994136771339, -32.69999464220899910, -22.07965487212230116 ) ) ;
#3586 = ADVANCED_FACE ( 'NONE', ( #1012 ), #1162, .T. ) ;
#3587 = CARTESIAN_POINT ( 'NONE',  ( 89.67227249551349644, -1.409692484083840069, -3.000000000000000000 ) ) ;
#3588 = CARTESIAN_POINT ( 'NONE',  ( 82.79544561505720424, -35.24530659807759747, -26.21424122191859851 ) ) ;
#3589 = CARTESIAN_POINT ( 'NONE',  ( 85.71530999042349208, -31.68504366385989357, -26.34917387507260145 ) ) ;
#3590 = CARTESIAN_POINT ( 'NONE',  ( 82.27380680955630510, -34.27778610807039428, -26.99911120633879946 ) ) ;
#3591 = CARTESIAN_POINT ( 'NONE',  ( 82.99349537058058957, -33.27205024936859701, -26.96463609618909985 ) ) ;
#3592 = CARTESIAN_POINT ( 'NONE',  ( 83.52539017709470670, -32.30097800285270182, -24.04110467385940453 ) ) ;
#3593 = CARTESIAN_POINT ( 'NONE',  ( 89.66613334756770826, -23.26932894561610254, -18.24410720960560184 ) ) ;
#3594 = CARTESIAN_POINT ( 'NONE',  ( 91.94833551686851081, -2.037283680776209582, -3.000000000000000000 ) ) ;
#3595 = ORIENTED_EDGE ( 'NONE', *, *, #961, .F. ) ;
#3596 = LINE ( 'NONE', #3287, #3713 ) ;
#3597 = CARTESIAN_POINT ( 'NONE',  ( 86.38303491579669924, -32.00066617916590417, -24.41383917104230150 ) ) ;
#3598 = CARTESIAN_POINT ( 'NONE',  ( 65.37157180922329758, -61.41067514096609870, -9.693731634542869458 ) ) ;
#3599 = CARTESIAN_POINT ( 'NONE',  ( 86.38307128053189388, -32.00056822680410562, -24.41402851039979893 ) ) ;
#3600 = ADVANCED_FACE ( 'NONE', ( #1478 ), #3555, .T. ) ;
#3601 = CARTESIAN_POINT ( 'NONE',  ( 82.41324507880578665, -32.86415863850579910, -23.29622545271629974 ) ) ;
#3602 = EDGE_LOOP ( 'NONE', ( #3579, #1840, #3311, #1954 ) ) ;
#3603 = ORIENTED_EDGE ( 'NONE', *, *, #2905, .T. ) ;
#3604 = CARTESIAN_POINT ( 'NONE',  ( 81.41494035240559413, -37.58937704359740195, -25.45365127987090048 ) ) ;
#3605 = ORIENTED_EDGE ( 'NONE', *, *, #2966, .F. ) ;
#3606 = ORIENTED_EDGE ( 'NONE', *, *, #2723, .F. ) ;
#3607 = CARTESIAN_POINT ( 'NONE',  ( 83.75907899479879859, -32.06734696708730326, -22.78822509596429668 ) ) ;
#3608 = CARTESIAN_POINT ( 'NONE',  ( 86.58306959928739843, -31.46185104467549820, -25.45535475531159619 ) ) ;
#3609 = FACE_OUTER_BOUND ( 'NONE', #3341, .T. ) ;
#3610 = CARTESIAN_POINT ( 'NONE',  ( 84.26141652919822889, -32.59596670982602262, -22.05864921994756145 ) ) ;
#3611 = EDGE_CURVE ( 'NONE', #4219, #2562, #229, .T. ) ;
#3612 = CARTESIAN_POINT ( 'NONE',  ( 91.31999999999999318, 2.225000000000000089, 122.3110000000000070 ) ) ;
#3613 = CARTESIAN_POINT ( 'NONE',  ( 64.53674345213669028, -61.15153345365860105, -10.41199843741179976 ) ) ;
#3614 = CARTESIAN_POINT ( 'NONE',  ( 71.67031671345310428, -51.97933839137979817, -11.49963134692369948 ) ) ;
#3615 = CARTESIAN_POINT ( 'NONE',  ( 85.17944886233709667, -32.94406406569230228, -22.04947597843530005 ) ) ;
#3616 = CARTESIAN_POINT ( 'NONE',  ( 92.09326952021190493, -1.624439090660139806, -3.694297937031429946 ) ) ;
#3617 = EDGE_CURVE ( 'NONE', #435, #3895, #2803, .T. ) ;
#3618 = CARTESIAN_POINT ( 'NONE',  ( 82.03113972125831310, -36.25008923721740217, -23.84185366637580117 ) ) ;
#3619 = CARTESIAN_POINT ( 'NONE',  ( 76.89756976287509360, -43.89662002664630336, -16.77933891162010127 ) ) ;
#3620 = CARTESIAN_POINT ( 'NONE',  ( 82.84710965315279907, -32.74238550817409532, -23.00813618530809990 ) ) ;
#3621 = CARTESIAN_POINT ( 'NONE',  ( 81.45941689683330367, -35.54441630754980253, -22.05023031256990151 ) ) ;
#3622 = ORIENTED_EDGE ( 'NONE', *, *, #851, .F. ) ;
#3623 = CARTESIAN_POINT ( 'NONE',  ( 83.07680643812200572, -35.09514232618630558, -26.23979694136430041 ) ) ;
#3624 = VERTEX_POINT ( 'NONE', #1226 ) ;
#3625 = CARTESIAN_POINT ( 'NONE',  ( 83.88717373020620016, -34.69200047834340239, -26.25872227629569977 ) ) ;
#3626 = ORIENTED_EDGE ( 'NONE', *, *, #2516, .T. ) ;
#3627 = EDGE_LOOP ( 'NONE', ( #1961, #3069, #1229, #3051 ) ) ;
#3628 = CARTESIAN_POINT ( 'NONE',  ( 80.12755276559289541, -35.02161780861789708, -22.17823886058240035 ) ) ;
#3629 = CARTESIAN_POINT ( 'NONE',  ( 86.09595445164919170, -30.99115956503569791, -25.94574455179520101 ) ) ;
#3630 = CARTESIAN_POINT ( 'NONE',  ( 84.26737417199650793, -30.73807332007280380, -25.46267017317870085 ) ) ;
#3631 = B_SPLINE_SURFACE_WITH_KNOTS ( 'NONE', 3, 3, ( 
 ( #3813, #1778, #361, #1385 ),
 ( #2773, #2834, #2443, #3793 ),
 ( #2755, #1425, #3171, #3440 ),
 ( #44, #3833, #2813, #1105 ) ),
 .UNSPECIFIED., .F., .F., .F.,
 ( 4, 4 ),
 ( 4, 4 ),
 ( 0.000000000000000000, 0.08300000000000150313 ),
 ( 0.000000000000000000, 0.2487775410102249785 ),
 .UNSPECIFIED. ) ;
#3632 = CARTESIAN_POINT ( 'NONE',  ( 82.40377097118769711, -32.71515125001560165, -26.32311215027399953 ) ) ;
#3633 = FACE_OUTER_BOUND ( 'NONE', #3100, .T. ) ;
#3634 = CARTESIAN_POINT ( 'NONE',  ( 70.65339441395880726, -53.88335609662220094, -15.40657855761389960 ) ) ;
#3635 = CARTESIAN_POINT ( 'NONE',  ( 61.26726705590840538, -64.41389223218850191, 0.000000000000000000 ) ) ;
#3636 = CARTESIAN_POINT ( 'NONE',  ( 91.50011040653247107, -2.510308175313045620, -10.42039713189107886 ) ) ;
#3637 = EDGE_CURVE ( 'NONE', #2485, #4012, #2816, .T. ) ;
#3638 = CARTESIAN_POINT ( 'NONE',  ( 89.62264095907968908, -3.185234175768449916, -6.721718239204840017 ) ) ;
#3639 = B_SPLINE_SURFACE_WITH_KNOTS ( 'NONE', 3, 3, ( 
 ( #1318, #4085, #2335, #3685, #298 ),
 ( #978, #1651, #3022, #2685, #2357 ),
 ( #3438, #445, #736, #2481, #129 ),
 ( #3520, #3170, #108, #1103, #423 ),
 ( #86, #1465, #3832, #775, #2833 ) ),
 .UNSPECIFIED., .F., .F., .F.,
 ( 4, 1, 4 ),
 ( 4, 1, 4 ),
 ( -1.570796326794899889, -0.8975979010256550650, 0.000000000000000000 ),
 ( 0.000000000000000000, 0.2918641954812579709, 0.6810164561229340441 ),
 .UNSPECIFIED. ) ;
#3640 = CARTESIAN_POINT ( 'NONE',  ( 81.65156099892610086, -37.06458119268290119, -24.41289392934649882 ) ) ;
#3641 = CARTESIAN_POINT ( 'NONE',  ( 60.68036842752359661, -63.82699360380370024, 0.000000000000000000 ) ) ;
#3642 = CARTESIAN_POINT ( 'NONE',  ( 66.24180957867299924, -60.41160246035899917, -7.170432206514619544 ) ) ;
#3643 = EDGE_CURVE ( 'NONE', #2350, #4174, #2182, .T. ) ;
#3644 = CARTESIAN_POINT ( 'NONE',  ( 63.07554109575590218, -63.73988499515710515, -1.000000000000000000 ) ) ;
#3645 = ORIENTED_EDGE ( 'NONE', *, *, #1148, .T. ) ;
#3646 = CARTESIAN_POINT ( 'NONE',  ( 85.59597759301861686, -33.58682710109499681, -26.11472171483909932 ) ) ;
#3647 = ORIENTED_EDGE ( 'NONE', *, *, #2278, .F. ) ;
#3648 = B_SPLINE_CURVE_WITH_KNOTS ( 'NONE', 3,
 ( #1407, #756, #447, #4164, #518 ),
 .UNSPECIFIED., .F., .F.,
 ( 4, 1, 4 ),
 ( 0.000000000000000000, 0.1243887705051129888, 0.2487775410102249785 ),
 .UNSPECIFIED. ) ;
#3649 = ORIENTED_EDGE ( 'NONE', *, *, #1809, .F. ) ;
#3650 = B_SPLINE_CURVE_WITH_KNOTS ( 'NONE', 3,
 ( #1001, #24, #1674, #3043, #2383 ),
 .UNSPECIFIED., .F., .F.,
 ( 4, 1, 4 ),
 ( 0.000000000000000000, 0.5714285714285701756, 1.000000000000000000 ),
 .UNSPECIFIED. ) ;
#3651 = CARTESIAN_POINT ( 'NONE',  ( 70.42929591953348734, -53.71847757862389727, -15.40919129574780122 ) ) ;
#3652 = DIRECTION ( 'NONE',  ( -0.9359819694846109872, 0.3520358504676729949, -0.002917667769123620351 ) ) ;
#3653 = CARTESIAN_POINT ( 'NONE',  ( 81.38724166627729062, -35.17194163942959761, -22.21336167075349977 ) ) ;
#3654 = CARTESIAN_POINT ( 'NONE',  ( 82.94287698037740597, -32.44579938368710259, -26.26212379135759889 ) ) ;
#3655 = EDGE_CURVE ( 'NONE', #2581, #1518, #1917, .T. ) ;
#3656 = CARTESIAN_POINT ( 'NONE',  ( 92.11396412171011150, -0.4901589052724480422, -3.000000000000000000 ) ) ;
#3657 = CARTESIAN_POINT ( 'NONE',  ( 71.10159140280929080, -54.21311313261890064, -15.40135308134609993 ) ) ;
#3658 = CARTESIAN_POINT ( 'NONE',  ( 60.68036842752359661, -63.82699360380370024, 0.000000000000000000 ) ) ;
#3659 = CARTESIAN_POINT ( 'NONE',  ( 84.07786248871829571, -31.23367685456189946, -24.46553580882769907 ) ) ;
#3660 = CARTESIAN_POINT ( 'NONE',  ( 90.51786063162879259, 2.230016392194730468, -3.000000000000000000 ) ) ;
#3661 = CARTESIAN_POINT ( 'NONE',  ( 85.16983588632568569, -32.96003850477229946, -22.05885788059970309 ) ) ;
#3662 = CARTESIAN_POINT ( 'NONE',  ( 83.34634511883319874, -34.96131728216820278, -26.25689189823050285 ) ) ;
#3663 = VECTOR ( 'NONE', #1045, 1000.000000000000114 ) ;
#3664 = CARTESIAN_POINT ( 'NONE',  ( 64.97069412885669237, -61.48203344773769885, -5.060735063700160019 ) ) ;
#3665 = CARTESIAN_POINT ( 'NONE',  ( 63.07038934793410334, -63.74214079006131328, 0.000000000000000000 ) ) ;
#3666 = VERTEX_POINT ( 'NONE', #3138 ) ;
#3667 = EDGE_CURVE ( 'NONE', #3938, #2603, #2928, .T. ) ;
#3668 = B_SPLINE_SURFACE_WITH_KNOTS ( 'NONE', 3, 3, ( 
 ( #3422, #3092, #1368, #1123 ),
 ( #4184, #2691, #2737, #1681 ),
 ( #2501, #366, #468, #2811 ),
 ( #1323, #4045, #28, #984 ) ),
 .UNSPECIFIED., .F., .F., .F.,
 ( 4, 4 ),
 ( 4, 4 ),
 ( -0.08300000000000200273, 0.000000000000000000 ),
 ( -1.957991609067750050, -1.639188761265319982 ),
 .UNSPECIFIED. ) ;
#3669 = CARTESIAN_POINT ( 'NONE',  ( 61.48721848863860373, -63.50005775119220175, -7.435856561209559956 ) ) ;
#3670 = VERTEX_POINT ( 'NONE', #914 ) ;
#3671 = B_SPLINE_CURVE_WITH_KNOTS ( 'NONE', 3,
 ( #1618, #1599, #2006, #241 ),
 .UNSPECIFIED., .F., .F.,
 ( 4, 4 ),
 ( 0.000000000000000000, 0.2999999999999999889 ),
 .UNSPECIFIED. ) ;
#3672 = EDGE_CURVE ( 'NONE', #365, #4269, #893, .T. ) ;
#3673 = CARTESIAN_POINT ( 'NONE',  ( 80.05049292845039588, -34.80897309056540223, -22.69081516207270255 ) ) ;
#3674 = CARTESIAN_POINT ( 'NONE',  ( 90.48072370083480109, -2.223269813863570032, -1.000000000000000000 ) ) ;
#3675 = CARTESIAN_POINT ( 'NONE',  ( 83.10332169834870797, -34.35066645728059598, -27.02730569046359577 ) ) ;
#3676 = CARTESIAN_POINT ( 'NONE',  ( 64.53674345213678976, -61.15153345365860105, -10.41199843741179976 ) ) ;
#3677 = CARTESIAN_POINT ( 'NONE',  ( 83.14329579663349534, -33.52738036814989897, -22.50776165015249930 ) ) ;
#3678 = ORIENTED_EDGE ( 'NONE', *, *, #3442, .F. ) ;
#3679 = CARTESIAN_POINT ( 'NONE',  ( 89.66788806817149293, -2.793775344251060222, -9.729767780695249613 ) ) ;
#3680 = CARTESIAN_POINT ( 'NONE',  ( 76.30284193994910424, -46.05540091632600763, -20.67053592870309942 ) ) ;
#3681 = CARTESIAN_POINT ( 'NONE',  ( 79.81430239138509819, -35.22745922325369605, -22.75025636256970074 ) ) ;
#3682 = CARTESIAN_POINT ( 'NONE',  ( 64.72748455798500800, -61.77546849066239787, -2.000000000000000000 ) ) ;
#3683 = AXIS2_PLACEMENT_3D ( 'NONE', #3786, #2475, #3825 ) ;
#3684 = CARTESIAN_POINT ( 'NONE',  ( 87.53875391805250672, -21.76985539752690002, -19.92173561499690138 ) ) ;
#3685 = CARTESIAN_POINT ( 'NONE',  ( 89.71311119860079941, -1.416164903641569994, -9.016542754561859496 ) ) ;
#3686 = CARTESIAN_POINT ( 'NONE',  ( 62.30581242986440316, -64.54526231779379941, -4.226422257040000297 ) ) ;
#3687 = CARTESIAN_POINT ( 'NONE',  ( 64.72411137709450202, -61.76608720549280207, -3.000000000000000000 ) ) ;
#3688 = CARTESIAN_POINT ( 'NONE',  ( 92.11999999999999034, -1.425000000000000044, 0.000000000000000000 ) ) ;
#3689 = ORIENTED_EDGE ( 'NONE', *, *, #2605, .F. ) ;
#3690 = CARTESIAN_POINT ( 'NONE',  ( 63.29260943481940416, -62.07006386338539983, -9.620104801799989502 ) ) ;
#3691 = EDGE_LOOP ( 'NONE', ( #1417, #4042, #1866, #679 ) ) ;
#3692 = EDGE_CURVE ( 'NONE', #2106, #748, #75, .T. ) ;
#3693 = CARTESIAN_POINT ( 'NONE',  ( 80.70276438929528240, -35.20327559942919748, -22.05022034163359734 ) ) ;
#3694 = FACE_OUTER_BOUND ( 'NONE', #7, .T. ) ;
#3695 = CARTESIAN_POINT ( 'NONE',  ( 89.52508639863499695, -23.79582906993800151, -17.25348759974740176 ) ) ;
#3696 = CARTESIAN_POINT ( 'NONE',  ( 82.51642058695999538, -33.69687073239369823, -22.53706764423619902 ) ) ;
#3697 = CARTESIAN_POINT ( 'NONE',  ( 82.40433827660540089, -32.72397335202400370, -26.14375637288310017 ) ) ;
#3698 = ORIENTED_EDGE ( 'NONE', *, *, #2771, .T. ) ;
#3699 = CARTESIAN_POINT ( 'NONE',  ( 92.12392898870059810, 0.4648566460335070150, -2.000000000000000000 ) ) ;
#3700 = CARTESIAN_POINT ( 'NONE',  ( 64.72411137709450202, -61.76608720549280207, -3.000000000000000000 ) ) ;
#3701 = DIRECTION ( 'NONE',  ( -0.3871911351805049084, 0.9213844084670307355, 0.03367189735509099752 ) ) ;
#3702 = CARTESIAN_POINT ( 'NONE',  ( 84.24687876429659639, -30.78486619517359912, -25.28435374208289943 ) ) ;
#3703 = CARTESIAN_POINT ( 'NONE',  ( 90.28056048976070258, 2.225000000000000533, 0.000000000000000000 ) ) ;
#3704 = CARTESIAN_POINT ( 'NONE',  ( 65.48707125596369849, -59.21836619176070826, -6.479007313524379086 ) ) ;
#3705 = CARTESIAN_POINT ( 'NONE',  ( 61.29934873894819702, -64.43551051309290756, -4.330815209842979741 ) ) ;
#3706 = CARTESIAN_POINT ( 'NONE',  ( 63.92404669785010896, -60.59171594433880870, -10.42234462248899973 ) ) ;
#3707 = CARTESIAN_POINT ( 'NONE',  ( 70.79921620509389868, -51.81523546681179937, -12.21002849036189986 ) ) ;
#3708 = VECTOR ( 'NONE', #2092, 1000.000000000000000 ) ;
#3709 = EDGE_LOOP ( 'NONE', ( #3159, #2245, #1377, #578, #812 ) ) ;
#3710 = EDGE_CURVE ( 'NONE', #1570, #724, #46, .T. ) ;
#3711 = CARTESIAN_POINT ( 'NONE',  ( 82.93761765133129416, -32.46208723534180507, -26.08342201457989873 ) ) ;
#3712 = B_SPLINE_SURFACE_WITH_KNOTS ( 'NONE', 3, 3, ( 
 ( #3989, #906, #1554, #2612 ),
 ( #219, #625, #2590, #3968 ),
 ( #2306, #3948, #2284, #885 ),
 ( #558, #3632, #3299, #3654 ),
 ( #970, #3697, #331, #4386 ) ),
 .UNSPECIFIED., .F., .F., .F.,
 ( 4, 1, 4 ),
 ( 4, 4 ),
 ( 1.678026862431189977E-15, 0.8975979010256500690, 1.570796326794889897 ),
 ( 1.561435541111820147, 1.655724346088029986 ),
 .UNSPECIFIED. ) ;
#3713 = VECTOR ( 'NONE', #871, 1000.000000000000000 ) ;
#3714 = CARTESIAN_POINT ( 'NONE',  ( 84.36795221872969819, -34.55281927978070655, -25.30058850060269648 ) ) ;
#3715 = ORIENTED_EDGE ( 'NONE', *, *, #2004, .T. ) ;
#3716 = PRESENTATION_LAYER_ASSIGNMENT (  '', '', ( #1217 ) ) ;
#3717 = EDGE_CURVE ( 'NONE', #1615, #4219, #3459, .T. ) ;
#3718 = CARTESIAN_POINT ( 'NONE',  ( 80.40581098165250751, -34.60067426272159707, -22.37037250770579888 ) ) ;
#3719 = CARTESIAN_POINT ( 'NONE',  ( 90.52690564647930671, 2.231586641341050115, -4.354135229394880291 ) ) ;
#3720 = CARTESIAN_POINT ( 'NONE',  ( 83.59800002545360087, -33.88528848282820150, -26.99736584715479992 ) ) ;
#3721 = DIRECTION ( 'NONE',  ( 0.3871911351805050749, -0.9213844084670300694, -0.03367189735510701248 ) ) ;
#3722 = CARTESIAN_POINT ( 'NONE',  ( 64.02673462708328600, -60.40009458725879909, -4.996488405907840047 ) ) ;
#3723 = EDGE_LOOP ( 'NONE', ( #288, #4358, #3119, #2739 ) ) ;
#3724 = EDGE_CURVE ( 'NONE', #3802, #1634, #4173, .T. ) ;
#3725 = CARTESIAN_POINT ( 'NONE',  ( 83.78212672741709355, -31.85349094518410240, -26.07265845620040068 ) ) ;
#3726 = CARTESIAN_POINT ( 'NONE',  ( 84.37363994136771339, -32.69999464220899910, -22.07965487212230116 ) ) ;
#3727 = CARTESIAN_POINT ( 'NONE',  ( 86.30314247658229476, -32.21586513681104691, -23.99786520565285031 ) ) ;
#3728 = CARTESIAN_POINT ( 'NONE',  ( 64.54083174470740403, -61.39420656842720092, 0.000000000000000000 ) ) ;
#3729 = CARTESIAN_POINT ( 'NONE',  ( 87.30148191248129308, -22.65561202044439781, -18.25538804917430014 ) ) ;
#3730 = EDGE_CURVE ( 'NONE', #4167, #4313, #1482, .T. ) ;
#3731 = CARTESIAN_POINT ( 'NONE',  ( 85.75551736836159478, -33.10426909365720149, -22.18704455512519758 ) ) ;
#3732 = CARTESIAN_POINT ( 'NONE',  ( 72.76750298143160478, -53.26338534176090178, -12.18708046506560017 ) ) ;
#3733 = CARTESIAN_POINT ( 'NONE',  ( 92.00759984603590169, -4.198591289063940302, -7.164686698600159609 ) ) ;
#3734 = CARTESIAN_POINT ( 'NONE',  ( 62.40668560654629715, -64.41453239020189869, -1.000000000000000000 ) ) ;
#3735 = EDGE_LOOP ( 'NONE', ( #2232, #1370, #1355, #4397 ) ) ;
#3736 = LINE ( 'NONE', #4089, #171 ) ;
#3737 = CARTESIAN_POINT ( 'NONE',  ( 86.13249576541900865, -31.02132451174539796, -25.91769111961140126 ) ) ;
#3738 = ORIENTED_EDGE ( 'NONE', *, *, #1592, .F. ) ;
#3739 = LINE ( 'NONE', #433, #1854 ) ;
#3740 = CARTESIAN_POINT ( 'NONE',  ( 70.79921620509389868, -51.81523546681179937, -12.21002849036189986 ) ) ;
#3741 = CARTESIAN_POINT ( 'NONE',  ( 86.06316316086991947, -32.86118210341404478, -22.75022711897364758 ) ) ;
#3742 = CARTESIAN_POINT ( 'NONE',  ( 85.99938443628417417, -30.95521825374001423, -25.94556454859502281 ) ) ;
#3743 = VERTEX_POINT ( 'NONE', #319 ) ;
#3744 = CARTESIAN_POINT ( 'NONE',  ( 82.43018117288859514, -33.57058218049270693, -26.98443922362100267 ) ) ;
#3745 = CARTESIAN_POINT ( 'NONE',  ( 83.83749585055679177, -32.42491513505829914, -22.21056164180110315 ) ) ;
#3746 = DIRECTION ( 'NONE',  ( 0.02929668752639651499, 0.09073022361151404647, -0.9954444889713264244 ) ) ;
#3747 = CARTESIAN_POINT ( 'NONE',  ( 66.02805511318598519, -59.71266003845320114, -6.469872094394550466 ) ) ;
#3748 = ADVANCED_FACE ( 'NONE', ( #3350 ), #576, .T. ) ;
#3749 =( NAMED_UNIT ( * ) PLANE_ANGLE_UNIT ( ) SI_UNIT ( $, .RADIAN. ) );
#3750 = B_SPLINE_SURFACE_WITH_KNOTS ( 'NONE', 3, 3, ( 
 ( #2129, #1109, #3444, #2508 ),
 ( #3503, #1449, #2154, #3886 ),
 ( #452, #386, #4168, #2486 ),
 ( #3484, #2864, #3153, #136 ),
 ( #1089, #2778, #4192, #2799 ) ),
 .UNSPECIFIED., .F., .F., .F.,
 ( 4, 1, 4 ),
 ( 4, 4 ),
 ( -1.230824071963589974E-15, 0.6731984257692560369, 1.570796326794929865 ),
 ( 1.561435541111820147, 1.655724346088029986 ),
 .UNSPECIFIED. ) ;
#3751 = CARTESIAN_POINT ( 'NONE',  ( 86.01337293057129330, -32.98892928099580502, -22.55072481966480069 ) ) ;
#3752 = CARTESIAN_POINT ( 'NONE',  ( 62.67146790602409823, -60.67860412796520109, -3.000000000000000000 ) ) ;
#3753 = CARTESIAN_POINT ( 'NONE',  ( 84.10852460616129633, -32.51303356677419742, -22.10255189784329843 ) ) ;
#3754 = B_SPLINE_CURVE_WITH_KNOTS ( 'NONE', 3,
 ( #572, #2273, #1182, #2911, #4334 ),
 .UNSPECIFIED., .F., .F.,
 ( 4, 1, 4 ),
 ( 0.000000000000000000, 0.3029648789597039760, 1.000000000000000000 ),
 .UNSPECIFIED. ) ;
#3755 = EDGE_CURVE ( 'NONE', #2279, #1435, #4246, .T. ) ;
#3756 = EDGE_LOOP ( 'NONE', ( #2711, #1529, #2094, #2783 ) ) ;
#3757 = DIRECTION ( 'NONE',  ( 0.8446649072427878657, 0.000000000000000000, -0.5352954272852820106 ) ) ;
#3758 = CARTESIAN_POINT ( 'NONE',  ( 63.47074768909379117, -60.44605385247278662, -0.000000000000000000 ) ) ;
#3759 = ORIENTED_EDGE ( 'NONE', *, *, #3947, .T. ) ;
#3760 = EDGE_LOOP ( 'NONE', ( #2043, #2536, #4196, #1700 ) ) ;
#3761 = CARTESIAN_POINT ( 'NONE',  ( 90.35470668890360457, -4.490049741212129852, -6.471941303973379966 ) ) ;
#3762 = CARTESIAN_POINT ( 'NONE',  ( 64.73892719702919862, -58.66130333343519965, -6.668526248422420366 ) ) ;
#3763 = CARTESIAN_POINT ( 'NONE',  ( 83.78605958916899965, -32.01174278706979948, -22.74923499587520226 ) ) ;
#3764 = CARTESIAN_POINT ( 'NONE',  ( 86.06808824961900939, -30.98657621935811690, -25.93586829361783685 ) ) ;
#3765 = ORIENTED_EDGE ( 'NONE', *, *, #2605, .T. ) ;
#3766 = EDGE_CURVE ( 'NONE', #484, #2624, #1631, .T. ) ;
#3767 = CARTESIAN_POINT ( 'NONE',  ( 90.46220428775760070, -2.219635546034469886, -3.000000000000000000 ) ) ;
#3768 = CARTESIAN_POINT ( 'NONE',  ( 64.41947898753649326, -62.42761533349110437, -8.970336790382068770 ) ) ;
#3769 = CARTESIAN_POINT ( 'NONE',  ( 60.88876976190319823, -64.03699398182691027, -2.000000000000000000 ) ) ;
#3770 = CARTESIAN_POINT ( 'NONE',  ( 72.76750298143160478, -53.26338534176090178, -12.18708046506560017 ) ) ;
#3771 = PRESENTATION_STYLE_ASSIGNMENT (( #4084 ) ) ;
#3772 = EDGE_CURVE ( 'NONE', #4191, #3624, #4375, .T. ) ;
#3773 = CARTESIAN_POINT ( 'NONE',  ( 82.64442693435509568, -34.08041488651110029, -27.00307100682420014 ) ) ;
#3774 = CARTESIAN_POINT ( 'NONE',  ( 65.10614653204869740, -58.87031745690379836, -6.485439725099119812 ) ) ;
#3775 = CARTESIAN_POINT ( 'NONE',  ( 84.46722733286762264, -30.52641794121256424, -25.70255150408330636 ) ) ;
#3776 = EDGE_LOOP ( 'NONE', ( #4338, #1016, #3583, #375 ) ) ;
#3777 = VECTOR ( 'NONE', #2055, 1000.000000000000114 ) ;
#3778 = CARTESIAN_POINT ( 'NONE',  ( 81.22609941538389933, -33.27916497054899736, -23.34938628469119593 ) ) ;
#3779 = ORIENTED_EDGE ( 'NONE', *, *, #2318, .T. ) ;
#3780 = CARTESIAN_POINT ( 'NONE',  ( 89.65562553531749757, -1.844936642637679869, -5.443650299156070460 ) ) ;
#3781 = CARTESIAN_POINT ( 'NONE',  ( 90.51786063162879259, 2.230016392194730468, -3.000000000000000000 ) ) ;
#3782 = EDGE_LOOP ( 'NONE', ( #1613, #858, #3027, #3226 ) ) ;
#3783 = VECTOR ( 'NONE', #2910, 1000.000000000000227 ) ;
#3784 = CARTESIAN_POINT ( 'NONE',  ( 83.01234025697330310, -32.54199945446679720, -26.69028602777359893 ) ) ;
#3785 = VERTEX_POINT ( 'NONE', #2708 ) ;
#3786 = CARTESIAN_POINT ( 'NONE',  ( 63.84820680723930764, -61.83295248085759965, 0.000000000000000000 ) ) ;
#3787 = DIRECTION ( 'NONE',  ( -0.7071067811865474617, -0.7071067811865474617, 0.000000000000000000 ) ) ;
#3788 = CARTESIAN_POINT ( 'NONE',  ( 92.00759984603590169, -4.198591289063940302, -7.164686698600159609 ) ) ;
#3789 = CARTESIAN_POINT ( 'NONE',  ( 61.29151652254329719, -64.43028830700120579, -3.000000000000000000 ) ) ;
#3790 = PRODUCT_RELATED_PRODUCT_CATEGORY ( 'part', '', ( #133 ) ) ;
#3791 = CARTESIAN_POINT ( 'NONE',  ( 89.29472560895790423, -12.74546807893129952, -13.82524102775320074 ) ) ;
#3792 = CARTESIAN_POINT ( 'NONE',  ( 84.05389461355250091, -33.64750888279040453, -26.97014875999419914 ) ) ;
#3793 = CARTESIAN_POINT ( 'NONE',  ( 82.62354346769329538, -33.95178708540299084, -22.54638353583780130 ) ) ;
#3794 = DIRECTION ( 'NONE',  ( 0.3053465857718378751, 0.3505518177568658911, 0.8853682203607936563 ) ) ;
#3795 = ORIENTED_EDGE ( 'NONE', *, *, #1625, .T. ) ;
#3796 = CARTESIAN_POINT ( 'NONE',  ( 82.02956214236979804, -36.22622057353449776, -22.75028555458819568 ) ) ;
#3797 = CARTESIAN_POINT ( 'NONE',  ( 89.55943318117429897, -12.04327819823769907, -15.19012587933559999 ) ) ;
#3798 = ORIENTED_EDGE ( 'NONE', *, *, #2905, .F. ) ;
#3799 = ORIENTED_EDGE ( 'NONE', *, *, #1095, .F. ) ;
#3800 = CARTESIAN_POINT ( 'NONE',  ( 63.52651840223438739, -60.13638793094709456, -10.30027368622949879 ) ) ;
#3801 = CARTESIAN_POINT ( 'NONE',  ( 91.31999999999999318, 2.225000000000000089, 0.000000000000000000 ) ) ;
#3802 = VERTEX_POINT ( 'NONE', #1319 ) ;
#3803 = B_SPLINE_CURVE_WITH_KNOTS ( 'NONE', 3,
 ( #1825, #2408, #344, #1344, #2480 ),
 .UNSPECIFIED., .F., .F.,
 ( 4, 1, 4 ),
 ( 0.000000000000000000, 0.5714285714285701756, 1.000000000000000000 ),
 .UNSPECIFIED. ) ;
#3804 = EDGE_CURVE ( 'NONE', #3824, #2010, #3245, .T. ) ;
#3805 = B_SPLINE_CURVE_WITH_KNOTS ( 'NONE', 3,
 ( #1498, #3864, #2446, #3817, #2818 ),
 .UNSPECIFIED., .F., .F.,
 ( 4, 1, 4 ),
 ( 2.221529986854169728E-17, 0.0003108640321077947729, 0.001024680531422432136 ),
 .UNSPECIFIED. ) ;
#3806 = ORIENTED_EDGE ( 'NONE', *, *, #3611, .F. ) ;
#3807 = CARTESIAN_POINT ( 'NONE',  ( 90.46220428775760070, -2.219635546034469886, -3.000000000000000000 ) ) ;
#3808 = CARTESIAN_POINT ( 'NONE',  ( 71.97269191116849640, -54.37721605718689943, -14.69095593790789955 ) ) ;
#3809 = CARTESIAN_POINT ( 'NONE',  ( 84.23725423567809401, -30.81684179829919756, -25.30419116525940026 ) ) ;
#3810 = CARTESIAN_POINT ( 'NONE',  ( 84.65987457387520010, -32.75032093088509555, -22.04912014166020029 ) ) ;
#3811 = CARTESIAN_POINT ( 'NONE',  ( 60.56850616655979991, -63.72574178053321248, -3.000000000000000000 ) ) ;
#3812 = CARTESIAN_POINT ( 'NONE',  ( 82.43018117288859514, -33.57058218049270693, -26.98443922362100267 ) ) ;
#3813 = CARTESIAN_POINT ( 'NONE',  ( 80.97695871135260859, -34.80433645585869584, -22.25826234695520256 ) ) ;
#3814 = CARTESIAN_POINT ( 'NONE',  ( 89.90340535313889347, -22.38357232269860120, -19.91045477542829900 ) ) ;
#3815 = CARTESIAN_POINT ( 'NONE',  ( 90.17537740517130374, -4.482062116527629314, -6.474059209779199797 ) ) ;
#3816 = ORIENTED_EDGE ( 'NONE', *, *, #176, .T. ) ;
#3817 = CARTESIAN_POINT ( 'NONE',  ( 83.74569003220480568, -32.12011534420659586, -22.53966727561218519 ) ) ;
#3818 = CARTESIAN_POINT ( 'NONE',  ( 83.13203842241489383, -35.17602375830270489, -23.39148031187069776 ) ) ;
#3819 = ORIENTED_EDGE ( 'NONE', *, *, #2283, .F. ) ;
#3820 = CARTESIAN_POINT ( 'NONE',  ( 82.19116396392630008, -32.93705964572779266, -23.30965760129770104 ) ) ;
#3821 = CARTESIAN_POINT ( 'NONE',  ( 91.38154802071180427, 1.359885823927889925, -7.494580341839309767 ) ) ;
#3822 = EDGE_CURVE ( 'NONE', #1768, #2136, #1591, .T. ) ;
#3823 = ORIENTED_EDGE ( 'NONE', *, *, #3404, .T. ) ;
#3824 = VERTEX_POINT ( 'NONE', #1950 ) ;
#3825 = DIRECTION ( 'NONE',  ( 0.7071067811865474617, -0.7071067811865474617, 0.000000000000000000 ) ) ;
#3826 = CARTESIAN_POINT ( 'NONE',  ( 85.79831129753726771, -30.88019538377569262, -25.94550428147491417 ) ) ;
#3827 = EDGE_CURVE ( 'NONE', #1645, #2531, #1699, .T. ) ;
#3828 = CARTESIAN_POINT ( 'NONE',  ( 65.66165106570649357, -61.07765091409700631, -8.852631825200120375 ) ) ;
#3829 = FACE_OUTER_BOUND ( 'NONE', #2907, .T. ) ;
#3830 = CARTESIAN_POINT ( 'NONE',  ( 89.67227249551349644, -1.409692484083840069, -3.000000000000000000 ) ) ;
#3831 = LINE ( 'NONE', #3517, #1088 ) ;
#3832 = CARTESIAN_POINT ( 'NONE',  ( 90.55180068777239910, 1.378958771248919968, -7.503943081828819750 ) ) ;
#3833 = CARTESIAN_POINT ( 'NONE',  ( 81.96746185159689446, -34.83231406334299862, -22.46544159014779751 ) ) ;
#3834 = CARTESIAN_POINT ( 'NONE',  ( 91.78399011275470798, -12.66493039349830063, -14.64063559652249857 ) ) ;
#3835 = CARTESIAN_POINT ( 'NONE',  ( 89.86500263820188650, -2.065891637468360020, -3.000000000000000000 ) ) ;
#3836 = VERTEX_POINT ( 'NONE', #3480 ) ;
#3837 = B_SPLINE_CURVE_WITH_KNOTS ( 'NONE', 3,
 ( #889, #3614, #2194, #2953 ),
 .UNSPECIFIED., .F., .F.,
 ( 4, 4 ),
 ( 1.249588320032499977, 1.572902615616140087 ),
 .UNSPECIFIED. ) ;
#3838 = CARTESIAN_POINT ( 'NONE',  ( 82.06479328338950552, -35.54506969662819671, -26.78866475210899978 ) ) ;
#3839 = CARTESIAN_POINT ( 'NONE',  ( 82.13593197963339776, -32.85617821361140045, -26.15797423079130013 ) ) ;
#3840 = ORIENTED_EDGE ( 'NONE', *, *, #3964, .F. ) ;
#3841 = ADVANCED_FACE ( 'NONE', ( #3499 ), #3631, .T. ) ;
#3842 = CARTESIAN_POINT ( 'NONE',  ( 89.57280896277636373, -4.199377365468093259, -6.980334286435862623 ) ) ;
#3843 = CARTESIAN_POINT ( 'NONE',  ( 81.77543961366430381, -36.64162544343780326, -25.71748153988940189 ) ) ;
#3844 = EDGE_LOOP ( 'NONE', ( #343, #4047, #520, #3932, #100 ) ) ;
#3845 = AXIS2_PLACEMENT_3D ( 'NONE', #3258, #887, #1464 ) ;
#3846 = EDGE_CURVE ( 'NONE', #4097, #2047, #1104, .T. ) ;
#3847 = ORIENTED_EDGE ( 'NONE', *, *, #4296, .T. ) ;
#3848 = CARTESIAN_POINT ( 'NONE',  ( 71.10159140280929080, -54.21311313261880116, -15.40135308134609993 ) ) ;
#3849 = DIRECTION ( 'NONE',  ( 1.000000000000000000, 0.000000000000000000, 0.000000000000000000 ) ) ;
#3850 = CARTESIAN_POINT ( 'NONE',  ( 92.14344526041779204, 1.404692503534950010, -4.213515456226150313 ) ) ;
#3851 = CARTESIAN_POINT ( 'NONE',  ( 60.69707674422379284, -63.85102899550809497, -3.000000000000000000 ) ) ;
#3852 = EDGE_CURVE ( 'NONE', #529, #575, #2403, .T. ) ;
#3853 = CARTESIAN_POINT ( 'NONE',  ( 60.51539534900300055, -62.89118020124880104, -3.000000000000000000 ) ) ;
#3854 = ADVANCED_FACE ( 'NONE', ( #4122 ), #2921, .T. ) ;
#3855 = CARTESIAN_POINT ( 'NONE',  ( 80.10135335875060036, -34.72399651115549801, -22.97020388934459945 ) ) ;
#3856 = CARTESIAN_POINT ( 'NONE',  ( 60.68036842752359661, -62.69562275390519801, 0.000000000000000000 ) ) ;
#3857 = CARTESIAN_POINT ( 'NONE',  ( 85.46831919525949672, -31.55575216013400208, -26.33974555420520147 ) ) ;
#3858 = CARTESIAN_POINT ( 'NONE',  ( 82.44691219691320327, -33.53146419017819824, -22.53102287935830361 ) ) ;
#3859 = FACE_OUTER_BOUND ( 'NONE', #2493, .T. ) ;
#3860 = CARTESIAN_POINT ( 'NONE',  ( 89.57280913475229056, -4.199373658325430192, -6.980332360995739727 ) ) ;
#3861 = EDGE_CURVE ( 'NONE', #67, #869, #4308, .T. ) ;
#3862 = ORIENTED_EDGE ( 'NONE', *, *, #1391, .T. ) ;
#3863 = B_SPLINE_CURVE_WITH_KNOTS ( 'NONE', 3,
 ( #567, #1926, #2979, #228, #1585 ),
 .UNSPECIFIED., .F., .F.,
 ( 4, 1, 4 ),
 ( 0.000000000000000000, 0.4285714285714292138, 1.000000000000000000 ),
 .UNSPECIFIED. ) ;
#3864 = CARTESIAN_POINT ( 'NONE',  ( 84.10813509968187418, -32.51287933837080857, -22.10256688833746352 ) ) ;
#3865 = CARTESIAN_POINT ( 'NONE',  ( 62.39863790580689340, -64.41389223218850191, 0.000000000000000000 ) ) ;
#3866 = CARTESIAN_POINT ( 'NONE',  ( 86.22332276684959140, -32.43086818970230212, -23.58226991903680059 ) ) ;
#3867 = LINE ( 'NONE', #3246, #147 ) ;
#3868 = EDGE_LOOP ( 'NONE', ( #4264, #3698, #1258, #3606 ) ) ;
#3869 = CARTESIAN_POINT ( 'NONE',  ( 87.68677786676080643, -23.62812114019499887, -16.71771098925369969 ) ) ;
#3870 = CARTESIAN_POINT ( 'NONE',  ( 79.21158812999185272, -36.56420502492427715, -25.40126235516589048 ) ) ;
#3871 = ORIENTED_EDGE ( 'NONE', *, *, #2966, .T. ) ;
#3872 = ORIENTED_EDGE ( 'NONE', *, *, #2668, .T. ) ;
#3873 = CARTESIAN_POINT ( 'NONE',  ( 91.31999999999999318, -2.225000000000000089, 0.000000000000000000 ) ) ;
#3874 = CARTESIAN_POINT ( 'NONE',  ( 84.40173852341000327, -32.65412229215090179, -22.04884615184379726 ) ) ;
#3875 = LINE ( 'NONE', #125, #780 ) ;
#3876 = B_SPLINE_SURFACE_WITH_KNOTS ( 'NONE', 3, 3, ( 
 ( #1153, #777, #181, #1127 ),
 ( #2150, #2551, #2860, #3882 ),
 ( #3500, #2126, #2483, #1174 ),
 ( #3904, #4212, #1804, #2797 ),
 ( #88, #2505, #844, #1494 ) ),
 .UNSPECIFIED., .F., .F., .F.,
 ( 4, 1, 4 ),
 ( 4, 4 ),
 ( -1.838222795761270110E-15, 0.8975979010256520674, 1.570796326794889897 ),
 ( 1.561435541111820147, 1.655724346088029986 ),
 .UNSPECIFIED. ) ;
#3877 = DIRECTION ( 'NONE',  ( 0.7071067811865474617, 0.7071067811865474617, 0.000000000000000000 ) ) ;
#3878 = FACE_OUTER_BOUND ( 'NONE', #1683, .T. ) ;
#3879 = CARTESIAN_POINT ( 'NONE',  ( 92.11999999999999034, 1.425000000000000044, 0.000000000000000000 ) ) ;
#3880 = CARTESIAN_POINT ( 'NONE',  ( 63.86785213448180087, -59.43866712175130118, -8.882922463437898486 ) ) ;
#3881 = CARTESIAN_POINT ( 'NONE',  ( 83.09182728466109324, -32.55772728961199647, -24.15585640856730265 ) ) ;
#3882 = CARTESIAN_POINT ( 'NONE',  ( 82.84710965315279907, -32.74238550817409532, -23.00813618530809990 ) ) ;
#3883 = EDGE_CURVE ( 'NONE', #4269, #2581, #2132, .T. ) ;
#3884 = CARTESIAN_POINT ( 'NONE',  ( 83.80367817075590153, -34.95058161563630250, -23.42170548272749642 ) ) ;
#3885 = ORIENTED_EDGE ( 'NONE', *, *, #512, .T. ) ;
#3886 = CARTESIAN_POINT ( 'NONE',  ( 83.53777952261171436, -34.45377587472140846, -22.58058841830769836 ) ) ;
#3887 = CARTESIAN_POINT ( 'NONE',  ( 85.39933659612330530, -30.77154537760430131, -25.96616596290230206 ) ) ;
#3888 = EDGE_CURVE ( 'NONE', #4154, #3433, #2932, .T. ) ;
#3889 = CARTESIAN_POINT ( 'NONE',  ( 91.63449317639769731, -12.32921774083640010, -15.21904282404799957 ) ) ;
#3890 = CARTESIAN_POINT ( 'NONE',  ( 92.11999999999999034, 1.425000000000000044, 0.000000000000000000 ) ) ;
#3891 = ORIENTED_EDGE ( 'NONE', *, *, #794, .F. ) ;
#3892 = CARTESIAN_POINT ( 'NONE',  ( 89.76080320211350738, -4.396829113719830318, -6.609216906102929556 ) ) ;
#3893 = ORIENTED_EDGE ( 'NONE', *, *, #2694, .T. ) ;
#3894 = VECTOR ( 'NONE', #1097, 1000.000000000000000 ) ;
#3895 = VERTEX_POINT ( 'NONE', #200 ) ;
#3896 = CARTESIAN_POINT ( 'NONE',  ( 92.09983717111110479, -1.619590138829209991, -3.000000000000000000 ) ) ;
#3897 = CARTESIAN_POINT ( 'NONE',  ( 83.71891907970770319, -32.17237160472249968, -22.57691975207180235 ) ) ;
#3898 = CARTESIAN_POINT ( 'NONE',  ( 89.69594100058890263, 1.430065484712679913, -1.000000000000000000 ) ) ;
#3899 = CARTESIAN_POINT ( 'NONE',  ( 83.07680643812200572, -35.09514232618630558, -26.23979694136430041 ) ) ;
#3900 = CARTESIAN_POINT ( 'NONE',  ( 83.25140711974279384, -33.78126623806639373, -22.52772039051250275 ) ) ;
#3901 = CARTESIAN_POINT ( 'NONE',  ( 81.66812253825838752, -36.93309145950880179, -25.57943010403790041 ) ) ;
#3902 = CARTESIAN_POINT ( 'NONE',  ( 61.27531475664790150, -64.41940978458940492, -1.000000000000000000 ) ) ;
#3903 = CARTESIAN_POINT ( 'NONE',  ( 85.15050497603989754, -32.99218439809709480, -22.07723320787389909 ) ) ;
#3904 = CARTESIAN_POINT ( 'NONE',  ( 82.44691219691320327, -33.53146419017819824, -22.53102287935830361 ) ) ;
#3905 = CARTESIAN_POINT ( 'NONE',  ( 90.43424836733510119, -2.573931198045569690, -4.981125370154489751 ) ) ;
#3906 = VERTEX_POINT ( 'NONE', #821 ) ;
#3907 = EDGE_CURVE ( 'NONE', #365, #1836, #2300, .T. ) ;
#3908 = CARTESIAN_POINT ( 'NONE',  ( 91.53629770973680024, 2.214867670226119856, -4.352083099738050187 ) ) ;
#3909 = CARTESIAN_POINT ( 'NONE',  ( 82.40730721067220088, -32.77070178085120489, -25.19457939949409919 ) ) ;
#3910 = CARTESIAN_POINT ( 'NONE',  ( 82.93761765133129416, -32.46208723534180507, -26.08342201457989873 ) ) ;
#3911 = B_SPLINE_CURVE_WITH_KNOTS ( 'NONE', 3,
 ( #2781, #4132, #3800, #745, #2111 ),
 .UNSPECIFIED., .F., .F.,
 ( 4, 1, 4 ),
 ( 0.000000000000000000, 0.4285714285714298799, 1.000000000000000000 ),
 .UNSPECIFIED. ) ;
#3912 = CARTESIAN_POINT ( 'NONE',  ( 82.28708927531779693, -35.63327756744149610, -26.13579800271559606 ) ) ;
#3913 = ORIENTED_EDGE ( 'NONE', *, *, #475, .F. ) ;
#3914 = ADVANCED_FACE ( 'NONE', ( #2859 ), #495, .T. ) ;
#3915 = B_SPLINE_SURFACE_WITH_KNOTS ( 'NONE', 3, 3, ( 
 ( #3391, #3702, #2381, #2310 ),
 ( #3659, #2035, #1249, #1606 ),
 ( #2354, #1649, #3972, #1315 ),
 ( #2999, #608, #1946, #910 ) ),
 .UNSPECIFIED., .F., .F., .F.,
 ( 4, 4 ),
 ( 4, 4 ),
 ( 0.000000000000000000, 0.2849999999999999756 ),
 ( 0.000000000000000000, 0.009536135058319140587 ),
 .UNSPECIFIED. ) ;
#3916 = CARTESIAN_POINT ( 'NONE',  ( 87.86142797651409353, -23.67348721325739902, -16.71688038190000114 ) ) ;
#3917 = ORIENTED_EDGE ( 'NONE', *, *, #1391, .F. ) ;
#3918 = B_SPLINE_CURVE_WITH_KNOTS ( 'NONE', 3,
 ( #2098, #394, #56, #4136, #2454 ),
 .UNSPECIFIED., .F., .F.,
 ( 4, 1, 4 ),
 ( 0.000000000000000000, 0.5714285714285723961, 1.000000000000000000 ),
 .UNSPECIFIED. ) ;
#3919 = ORIENTED_EDGE ( 'NONE', *, *, #2560, .F. ) ;
#3920 = CARTESIAN_POINT ( 'NONE',  ( 91.94833551686851081, -2.037283680776209582, -3.000000000000000000 ) ) ;
#3921 = DIRECTION ( 'NONE',  ( 0.7161925039993900510, -0.6979027849314570764, 0.000000000000000000 ) ) ;
#3922 = CARTESIAN_POINT ( 'NONE',  ( 81.14930687511949259, -37.68959847564060084, -25.81621066027189926 ) ) ;
#3923 = CARTESIAN_POINT ( 'NONE',  ( 81.95276665029950891, -36.34050488799579881, -24.83408947904190001 ) ) ;
#3924 = VECTOR ( 'NONE', #3746, 1000.000000000000227 ) ;
#3925 = CARTESIAN_POINT ( 'NONE',  ( 79.46023209151529443, -35.91956342853669781, -25.51602596066329909 ) ) ;
#3926 = FACE_OUTER_BOUND ( 'NONE', #55, .T. ) ;
#3927 = CARTESIAN_POINT ( 'NONE',  ( 70.79921620509389868, -51.81523546681179937, -12.21002849036189986 ) ) ;
#3928 = CARTESIAN_POINT ( 'NONE',  ( 82.19116396392630008, -32.93705964572779266, -23.30965760129770104 ) ) ;
#3929 = CARTESIAN_POINT ( 'NONE',  ( 92.00759984603590169, -4.198591289063930532, -7.164686698600159609 ) ) ;
#3930 = VECTOR ( 'NONE', #3931, 1000.000000000000000 ) ;
#3931 = DIRECTION ( 'NONE',  ( -1.000000000000000000, 0.000000000000000000, 0.000000000000000000 ) ) ;
#3932 = ORIENTED_EDGE ( 'NONE', *, *, #2694, .F. ) ;
#3933 = CARTESIAN_POINT ( 'NONE',  ( 81.59487985616452477, -35.61137628925261112, -22.05993269971094506 ) ) ;
#3934 = FACE_OUTER_BOUND ( 'NONE', #1030, .T. ) ;
#3935 = CARTESIAN_POINT ( 'NONE',  ( 89.39947339607370225, -21.85394151440670285, -20.61495805243750112 ) ) ;
#3936 =( NAMED_UNIT ( * ) SI_UNIT ( $, .STERADIAN. ) SOLID_ANGLE_UNIT ( ) );
#3937 = CARTESIAN_POINT ( 'NONE',  ( 91.93639190380849868, 2.070231290735780050, -2.000000000000000000 ) ) ;
#3938 = VERTEX_POINT ( 'NONE', #1493 ) ;
#3939 = CARTESIAN_POINT ( 'NONE',  ( 66.02805511318598519, -59.71266003845320114, -6.469872094394550466 ) ) ;
#3940 = EDGE_LOOP ( 'NONE', ( #2128, #875, #2222, #2453 ) ) ;
#3941 = EDGE_CURVE ( 'NONE', #3836, #3081, #153, .T. ) ;
#3942 = VERTEX_POINT ( 'NONE', #1849 ) ;
#3943 = B_SPLINE_CURVE_WITH_KNOTS ( 'NONE', 3,
 ( #3256, #3610, #3233, #3320 ),
 .UNSPECIFIED., .F., .F.,
 ( 4, 4 ),
 ( 0.000000000000000000, 1.000000000000000000 ),
 .UNSPECIFIED. ) ;
#3944 = CARTESIAN_POINT ( 'NONE',  ( 81.88910145735449930, -36.31048968849909642, -25.87935661424360134 ) ) ;
#3945 = CARTESIAN_POINT ( 'NONE',  ( 86.06275206857250737, -32.86119605422769752, -22.74994291027350002 ) ) ;
#3946 = CARTESIAN_POINT ( 'NONE',  ( 61.26726705590840538, -64.41389223218850191, 0.000000000000000000 ) ) ;
#3947 = EDGE_CURVE ( 'NONE', #1037, #3824, #2764, .T. ) ;
#3948 = CARTESIAN_POINT ( 'NONE',  ( 82.45917341864719674, -32.82923237970279473, -26.74909232069019893 ) ) ;
#3949 = CARTESIAN_POINT ( 'NONE',  ( 83.25793109830699734, -34.34660859208320005, -22.57368367616020066 ) ) ;
#3950 = CARTESIAN_POINT ( 'NONE',  ( 83.80367817075590153, -34.95058161563620303, -23.42170548272740049 ) ) ;
#3951 = FACE_OUTER_BOUND ( 'NONE', #1909, .T. ) ;
#3952 = CARTESIAN_POINT ( 'NONE',  ( 91.73758932701062463, -2.138781522887843956, -0.000000000000000000 ) ) ;
#3953 = CARTESIAN_POINT ( 'NONE',  ( 92.00759984603590169, -4.198591289063930532, -7.164686698600159609 ) ) ;
#3954 = CARTESIAN_POINT ( 'NONE',  ( 81.77543961366430381, -36.64162544343780326, -25.71748153988940189 ) ) ;
#3955 = CARTESIAN_POINT ( 'NONE',  ( 80.89983426106229558, -36.56128549873449884, -26.42942308227879877 ) ) ;
#3956 = CARTESIAN_POINT ( 'NONE',  ( 64.41181569074259983, -62.37450789534869955, -3.000000000000000000 ) ) ;
#3957 = CARTESIAN_POINT ( 'NONE',  ( 72.34261219672889354, -52.47397394537480153, -11.49179313252210122 ) ) ;
#3958 = SURFACE_STYLE_FILL_AREA ( #1276 ) ;
#3959 = CARTESIAN_POINT ( 'NONE',  ( 82.82507693494039813, -35.22403165512649537, -26.45714919705870116 ) ) ;
#3960 = ORIENTED_EDGE ( 'NONE', *, *, #3637, .T. ) ;
#3961 = FACE_OUTER_BOUND ( 'NONE', #3709, .T. ) ;
#3962 = ORIENTED_EDGE ( 'NONE', *, *, #4228, .F. ) ;
#3963 = VERTEX_POINT ( 'NONE', #2504 ) ;
#3964 = EDGE_CURVE ( 'NONE', #626, #1912, #2983, .T. ) ;
#3965 = CARTESIAN_POINT ( 'NONE',  ( 83.27366605612600381, -33.12363087307859644, -26.93748962607499919 ) ) ;
#3966 = CARTESIAN_POINT ( 'NONE',  ( 86.52213400256610498, -31.63816054827550062, -25.28026907177870086 ) ) ;
#3967 = CARTESIAN_POINT ( 'NONE',  ( 79.24730067621941032, -36.48500015197629409, -25.24416892470710039 ) ) ;
#3968 = CARTESIAN_POINT ( 'NONE',  ( 83.18013304725860735, -32.90398034398260307, -26.92022222997449887 ) ) ;
#3969 = CARTESIAN_POINT ( 'NONE',  ( 79.82319440066889626, -34.97374952005069559, -25.86419921749710227 ) ) ;
#3970 = CARTESIAN_POINT ( 'NONE',  ( 70.42929591953348734, -53.71847757862389727, -15.40919129574780122 ) ) ;
#3971 = CARTESIAN_POINT ( 'NONE',  ( 81.28802238748099285, -34.32139922693819756, -22.46743355192910130 ) ) ;
#3972 = CARTESIAN_POINT ( 'NONE',  ( 83.93715520574509981, -31.60470737302780009, -23.59608286875339900 ) ) ;
#3973 = CARTESIAN_POINT ( 'NONE',  ( 91.52241250782279280, -2.235555170032839989, -3.588643601596829935 ) ) ;
#3974 = CARTESIAN_POINT ( 'NONE',  ( 91.95337077160290562, 2.061671323215410467, -4.325932212018280154 ) ) ;
#3975 = CARTESIAN_POINT ( 'NONE',  ( 90.80353663834040390, 2.227004278577770169, -4.353542068482900262 ) ) ;
#3976 = CARTESIAN_POINT ( 'NONE',  ( 64.57886531070919034, -62.20308045846329748, -3.000000000000000000 ) ) ;
#3977 = CARTESIAN_POINT ( 'NONE',  ( 92.13185032281759845, 1.414831876947119982, -2.000000000000000000 ) ) ;
#3978 = CARTESIAN_POINT ( 'NONE',  ( 91.32927629916520118, 2.223269813863570032, -1.000000000000000000 ) ) ;
#3979 = ORIENTED_EDGE ( 'NONE', *, *, #856, .T. ) ;
#3980 = CARTESIAN_POINT ( 'NONE',  ( 60.69707674422379284, -63.85102899550809497, -3.000000000000000000 ) ) ;
#3981 = ORIENTED_EDGE ( 'NONE', *, *, #4018, .F. ) ;
#3982 = EDGE_LOOP ( 'NONE', ( #3387, #1137, #4112, #167 ) ) ;
#3983 = EDGE_LOOP ( 'NONE', ( #2757, #3779, #326, #3295, #2445 ) ) ;
#3984 = CARTESIAN_POINT ( 'NONE',  ( 89.71016282888891169, 1.619590138829219983, -3.000000000000000000 ) ) ;
#3985 = DIRECTION ( 'NONE',  ( 0.000000000000000000, 0.000000000000000000, 1.000000000000000000 ) ) ;
#3986 = CARTESIAN_POINT ( 'NONE',  ( 84.91599637791449595, -30.59081986756540061, -25.96640847911490013 ) ) ;
#3987 = B_SPLINE_SURFACE_WITH_KNOTS ( 'NONE', 3, 3, ( 
 ( #1392, #389, #2741, #1372, #3426 ),
 ( #3075, #31, #3137, #74, #704 ),
 ( #3095, #14, #2068, #2450, #97 ),
 ( #1011, #2468, #2718, #4110, #1746 ),
 ( #51, #1433, #3157, #412, #683 ) ),
 .UNSPECIFIED., .F., .F., .F.,
 ( 4, 1, 4 ),
 ( 4, 1, 4 ),
 ( -1.570796326794899889, -0.8975979010256550650, 0.000000000000000000 ),
 ( 0.000000000000000000, 0.2894265773048950163, 0.6753286803780890191 ),
 .UNSPECIFIED. ) ;
#3988 = EDGE_CURVE ( 'NONE', #2205, #3906, #1970, .T. ) ;
#3989 = CARTESIAN_POINT ( 'NONE',  ( 82.43018117288849567, -33.57058218049270693, -26.98443922362100267 ) ) ;
#3990 = CARTESIAN_POINT ( 'NONE',  ( 79.84250748126540032, -35.19424637792680244, -26.44073426675209859 ) ) ;
#3991 = CARTESIAN_POINT ( 'NONE',  ( 72.76750298143160478, -53.26338534176090178, -12.18708046506560017 ) ) ;
#3992 = LINE ( 'NONE', #1314, #857 ) ;
#3993 = CARTESIAN_POINT ( 'NONE',  ( 64.52575449315230571, -61.36851887917890025, -3.000000000000000000 ) ) ;
#3994 = CARTESIAN_POINT ( 'NONE',  ( 84.26673098652851479, -30.72137468793470205, -25.24451156902189908 ) ) ;
#3995 = VECTOR ( 'NONE', #1514, 1000.000000000000000 ) ;
#3996 = CARTESIAN_POINT ( 'NONE',  ( 85.32827316691360409, -33.03912622749979988, -22.06781312453889754 ) ) ;
#3997 = B_SPLINE_CURVE_WITH_KNOTS ( 'NONE', 3,
 ( #1607, #2978, #3684, #3994 ),
 .UNSPECIFIED., .F., .F.,
 ( 4, 4 ),
 ( -1.957991609067750050, -1.639188761265319982 ),
 .UNSPECIFIED. ) ;
#3998 = CARTESIAN_POINT ( 'NONE',  ( 64.41947898753649326, -62.42761533349110437, -8.970336790382059888 ) ) ;
#3999 = CARTESIAN_POINT ( 'NONE',  ( 61.29151652254329719, -64.43028830700120579, -3.000000000000000000 ) ) ;
#4000 = CARTESIAN_POINT ( 'NONE',  ( 91.32078122530380426, -2.502316892102869783, -10.42251317532199906 ) ) ;
#4001 =( NAMED_UNIT ( * ) SI_UNIT ( $, .STERADIAN. ) SOLID_ANGLE_UNIT ( ) );
#4002 = EDGE_CURVE ( 'NONE', #3785, #2607, #2323, .T. ) ;
#4003 = EDGE_LOOP ( 'NONE', ( #213, #1865, #1300, #616 ) ) ;
#4004 = DIRECTION ( 'NONE',  ( -0.01937964361155990189, 0.02837944986540589729, -0.9994093436819698750 ) ) ;
#4005 = ORIENTED_EDGE ( 'NONE', *, *, #201, .T. ) ;
#4006 = FACE_OUTER_BOUND ( 'NONE', #682, .T. ) ;
#4007 = CARTESIAN_POINT ( 'NONE',  ( 91.29213936837120968, -2.230016392194720254, -3.000000000000000000 ) ) ;
#4008 = CARTESIAN_POINT ( 'NONE',  ( 86.03247490103908035, -32.94247547158406064, -22.59276711977965135 ) ) ;
#4009 = FACE_OUTER_BOUND ( 'NONE', #941, .T. ) ;
#4010 = FACE_OUTER_BOUND ( 'NONE', #239, .T. ) ;
#4011 = B_SPLINE_CURVE_WITH_KNOTS ( 'NONE', 3,
 ( #1971, #3636, #932, #4058, #2637 ),
 .UNSPECIFIED., .F., .F.,
 ( 4, 1, 4 ),
 ( 0.000000000000000000, 0.4285714285714266047, 1.000000000000000000 ),
 .UNSPECIFIED. ) ;
#4012 = VERTEX_POINT ( 'NONE', #2550 ) ;
#4013 = CARTESIAN_POINT ( 'NONE',  ( 92.11999999999999034, -0.4749999999999999778, 0.000000000000000000 ) ) ;
#4014 = CARTESIAN_POINT ( 'NONE',  ( 72.50256595801059234, -53.63466224690289863, -13.02170562267970055 ) ) ;
#4015 = DIRECTION ( 'NONE',  ( 0.000000000000000000, 0.000000000000000000, 1.000000000000000000 ) ) ;
#4016 = CARTESIAN_POINT ( 'NONE',  ( 83.40804580777239607, -32.50541410614799531, -23.11300158762909973 ) ) ;
#4017 = CARTESIAN_POINT ( 'NONE',  ( 89.69000000000001194, 1.604519580205129969, 0.000000000000000000 ) ) ;
#4018 = EDGE_CURVE ( 'NONE', #2678, #2116, #719, .T. ) ;
#4019 = PLANE ( 'NONE',  #720 ) ;
#4020 = CARTESIAN_POINT ( 'NONE',  ( 82.02956214236979804, -36.22622057353449776, -22.75028555458819568 ) ) ;
#4021 = B_SPLINE_CURVE_WITH_KNOTS ( 'NONE', 3,
 ( #3066, #3132, #2733, #1365 ),
 .UNSPECIFIED., .F., .F.,
 ( 4, 4 ),
 ( 0.000000000000000000, 1.000000000000000000 ),
 .UNSPECIFIED. ) ;
#4022 = CARTESIAN_POINT ( 'NONE',  ( 64.62731799940418398, -60.97293343619340078, -4.987115409509040198 ) ) ;
#4023 = CARTESIAN_POINT ( 'NONE',  ( 62.95529404642640259, -60.37094014348819826, -5.444643788738340540 ) ) ;
#4024 = VERTEX_POINT ( 'NONE', #866 ) ;
#4025 = CARTESIAN_POINT ( 'NONE',  ( 61.09336992977010539, -64.23720186983690894, -3.000000000000000000 ) ) ;
#4026 = ORIENTED_EDGE ( 'NONE', *, *, #1960, .F. ) ;
#4027 = CARTESIAN_POINT ( 'NONE',  ( 75.26313315875950138, -45.13251014802899874, -20.18634057666029946 ) ) ;
#4028 = CARTESIAN_POINT ( 'NONE',  ( 60.68036842752359661, -62.69562275390519801, 0.000000000000000000 ) ) ;
#4029 = CARTESIAN_POINT ( 'NONE',  ( 64.22693939239928795, -60.59103869908270212, -4.993357016501621004 ) ) ;
#4030 = CARTESIAN_POINT ( 'NONE',  ( 80.78839568471688892, -36.88699956283500114, -26.29016744362760249 ) ) ;
#4031 = CARTESIAN_POINT ( 'NONE',  ( 62.39863790580689340, -64.41389223218850191, 0.000000000000000000 ) ) ;
#4032 = ORIENTED_EDGE ( 'NONE', *, *, #3079, .F. ) ;
#4033 = CARTESIAN_POINT ( 'NONE',  ( 92.12198033352959214, 0.4699345152873189990, -1.000000000000000000 ) ) ;
#4034 = CARTESIAN_POINT ( 'NONE',  ( 81.73047143266960290, -35.15077342324300247, -22.29142869199300137 ) ) ;
#4035 = CARTESIAN_POINT ( 'NONE',  ( 80.97695871135260859, -34.80433645585869584, -22.25826234695520256 ) ) ;
#4036 = CARTESIAN_POINT ( 'NONE',  ( 83.65196171435900396, -32.25144055026760270, -22.93473687355210089 ) ) ;
#4037 = CARTESIAN_POINT ( 'NONE',  ( 91.42293257411039065, -4.537630299566659531, -6.459325395644779810 ) ) ;
#4038 = CARTESIAN_POINT ( 'NONE',  ( 65.28283900453479305, -59.03176035532079879, -6.482456041883419395 ) ) ;
#4039 = CARTESIAN_POINT ( 'NONE',  ( 64.34332274147151054, -62.51213570341450065, -9.113373736913169765 ) ) ;
#4040 = CARTESIAN_POINT ( 'NONE',  ( 62.79675512099899493, -60.55003355030120105, -3.000000000000000000 ) ) ;
#4041 = CARTESIAN_POINT ( 'NONE',  ( 62.39863790580689340, -64.41389223218850191, 0.000000000000000000 ) ) ;
#4042 = ORIENTED_EDGE ( 'NONE', *, *, #2091, .T. ) ;
#4043 = EDGE_CURVE ( 'NONE', #3510, #1346, #4011, .T. ) ;
#4044 = ORIENTED_EDGE ( 'NONE', *, *, #3964, .T. ) ;
#4045 = CARTESIAN_POINT ( 'NONE',  ( 91.05015557740100007, -12.17126651224990042, -15.35363048139300091 ) ) ;
#4046 = CARTESIAN_POINT ( 'NONE',  ( 89.66788806817139346, -2.793775344251040238, -9.729767780695249613 ) ) ;
#4047 = ORIENTED_EDGE ( 'NONE', *, *, #1705, .T. ) ;
#4048 = EDGE_CURVE ( 'NONE', #4313, #332, #3218, .T. ) ;
#4049 = CARTESIAN_POINT ( 'NONE',  ( 91.22628254392830627, -3.737513477319829747, -6.059602598074120827 ) ) ;
#4050 = CARTESIAN_POINT ( 'NONE',  ( 81.69187612023979739, -33.08568987207100065, -25.22620267155080143 ) ) ;
#4051 = FACE_OUTER_BOUND ( 'NONE', #949, .T. ) ;
#4052 = CARTESIAN_POINT ( 'NONE',  ( 80.17584933673840908, -36.97390548649340047, -26.12090101014310051 ) ) ;
#4053 = CARTESIAN_POINT ( 'NONE',  ( 61.87159847029499815, -64.73403544535560172, 0.000000000000000000 ) ) ;
#4054 = EDGE_LOOP ( 'NONE', ( #1031, #3356, #78, #305 ) ) ;
#4055 = CARTESIAN_POINT ( 'NONE',  ( 84.35726368445939727, -31.06480235789430111, -26.11366618720219890 ) ) ;
#4056 = CARTESIAN_POINT ( 'NONE',  ( 83.13667712306249769, -35.18281664753779836, -23.15226225076279931 ) ) ;
#4057 = CARTESIAN_POINT ( 'NONE',  ( 91.52730127309310149, 2.217390280662073554, -3.000003302199795385 ) ) ;
#4058 = CARTESIAN_POINT ( 'NONE',  ( 92.10267866607753717, -2.792996660904520478, -9.914123982961646320 ) ) ;
#4059 = CARTESIAN_POINT ( 'NONE',  ( 62.79675509423680779, -60.55003354696560081, -3.000002258472444172 ) ) ;
#4060 = PRODUCT_DEFINITION ( 'UNKNOWN', '', #2366, #1072 ) ;
#4061 = CARTESIAN_POINT ( 'NONE',  ( 77.61834600027430042, -44.31733467039450147, -16.77543889271899857 ) ) ;
#4062 = AXIS2_PLACEMENT_3D ( 'NONE', #2674, #4341, #882 ) ;
#4063 = CARTESIAN_POINT ( 'NONE',  ( 92.11405899941111386, -1.430065484712679913, -1.000000000000000000 ) ) ;
#4064 = CARTESIAN_POINT ( 'NONE',  ( 64.64820680723930479, -61.62351297061833577, -0.000000000000000000 ) ) ;
#4065 = CARTESIAN_POINT ( 'NONE',  ( 92.13772750448649163, 1.409692484083840069, -3.000000000000000000 ) ) ;
#4066 = ORIENTED_EDGE ( 'NONE', *, *, #2262, .T. ) ;
#4067 = CARTESIAN_POINT ( 'NONE',  ( 91.84300994737928647, -4.464632591327090338, -6.633286082348710089 ) ) ;
#4068 = B_SPLINE_SURFACE_WITH_KNOTS ( 'NONE', 3, 3, ( 
 ( #2127, #1876, #3523, #473, #3482 ),
 ( #3547, #1154, #1830, #1540, #824 ),
 ( #3501, #3151, #3196, #2862, #2906 ),
 ( #4213, #757, #4236, #3239, #2198 ),
 ( #3884, #4257, #1128, #1852, #132 ) ),
 .UNSPECIFIED., .F., .F., .F.,
 ( 4, 1, 4 ),
 ( 4, 1, 4 ),
 ( -1.230824071963589974E-15, 0.6731984257692560369, 1.570796326794929865 ),
 ( 0.000000000000000000, 0.1172198319751709961, 0.2735129412753989908 ),
 .UNSPECIFIED. ) ;
#4069 = CARTESIAN_POINT ( 'NONE',  ( 82.28164165781949180, -33.14077112421270499, -22.66311657220229847 ) ) ;
#4070 = EDGE_LOOP ( 'NONE', ( #1958, #1497, #758, #3799 ) ) ;
#4071 = UNCERTAINTY_MEASURE_WITH_UNIT (LENGTH_MEASURE( 1.000000000000000082E-05 ), #1858, 'distance_accuracy_value', 'NONE');
#4072 = CARTESIAN_POINT ( 'NONE',  ( 89.67227249551349644, -1.409692484083840069, -3.000000000000000000 ) ) ;
#4073 = CARTESIAN_POINT ( 'NONE',  ( 91.32927629916520118, 2.223269813863570032, -1.000000000000000000 ) ) ;
#4074 = CARTESIAN_POINT ( 'NONE',  ( 88.90217922281679819, -23.94349664745899631, -16.71190714777409880 ) ) ;
#4075 = FACE_OUTER_BOUND ( 'NONE', #4245, .T. ) ;
#4076 = CARTESIAN_POINT ( 'NONE',  ( 82.40433827660540089, -32.72397335202400370, -26.14375637288310017 ) ) ;
#4077 = B_SPLINE_CURVE_WITH_KNOTS ( 'NONE', 3,
 ( #804, #1068, #1471, #781, #1133 ),
 .UNSPECIFIED., .F., .F.,
 ( 4, 1, 4 ),
 ( 0.000000000000000000, 0.1172198319751709961, 0.2735129412753989908 ),
 .UNSPECIFIED. ) ;
#4078 = ORIENTED_EDGE ( 'NONE', *, *, #4207, .T. ) ;
#4079 = CARTESIAN_POINT ( 'NONE',  ( 92.10808632046669686, -1.435093815793709870, -2.000000000000000000 ) ) ;
#4080 = CARTESIAN_POINT ( 'NONE',  ( 84.20561285112619032, -32.63679731411590268, -22.08017865061540164 ) ) ;
#4081 = ADVANCED_FACE ( 'NONE', ( #3346 ), #3369, .T. ) ;
#4082 = CARTESIAN_POINT ( 'NONE',  ( 84.79003708205790701, -32.79888566627969482, -22.04916061436980002 ) ) ;
#4083 = CARTESIAN_POINT ( 'NONE',  ( 86.43326877909129280, -31.31472148111320308, -25.87476024091180093 ) ) ;
#4084 = SURFACE_STYLE_USAGE ( .BOTH. , #3086 ) ;
#4085 = CARTESIAN_POINT ( 'NONE',  ( 89.71375859696310329, 1.444940002985940053, -4.218725267127720890 ) ) ;
#4086 = CARTESIAN_POINT ( 'NONE',  ( 62.29750553871310359, -64.54422710941091168, -3.000000000000000000 ) ) ;
#4087 = CARTESIAN_POINT ( 'NONE',  ( 84.29700815406201286, -30.64009527057789839, -25.40168735951560208 ) ) ;
#4088 = ORIENTED_EDGE ( 'NONE', *, *, #1923, .F. ) ;
#4089 = CARTESIAN_POINT ( 'NONE',  ( 84.26673098652851479, -30.72137468793470205, -25.24451156902189908 ) ) ;
#4090 = CARTESIAN_POINT ( 'NONE',  ( 83.35525192103359871, -35.10150256865000529, -23.40936097806359939 ) ) ;
#4091 = ORIENTED_EDGE ( 'NONE', *, *, #4043, .F. ) ;
#4092 = CARTESIAN_POINT ( 'NONE',  ( 62.39863790580689340, -64.41389223218850191, 0.000000000000000000 ) ) ;
#4093 = DIRECTION ( 'NONE',  ( -0.7071067811865370256, -0.7071067811865580088, 0.000000000000000000 ) ) ;
#4094 = CARTESIAN_POINT ( 'NONE',  ( 89.33027191769490116, -23.95454664897940233, -16.88624293773759888 ) ) ;
#4095 = CARTESIAN_POINT ( 'NONE',  ( 61.27531475664790150, -64.41940978458940492, -1.000000000000000000 ) ) ;
#4096 = ADVANCED_FACE ( 'NONE', ( #316 ), #1560, .T. ) ;
#4097 = VERTEX_POINT ( 'NONE', #1992 ) ;
#4098 = CARTESIAN_POINT ( 'NONE',  ( 81.42684537110508813, -37.56297315826229521, -25.40128798908460084 ) ) ;
#4099 = CARTESIAN_POINT ( 'NONE',  ( 62.95902369737320470, -63.91109703044600820, -6.981444984684010535 ) ) ;
#4100 = CARTESIAN_POINT ( 'NONE',  ( 63.54389641432189961, -63.29007548979701170, -6.460025557007149644 ) ) ;
#4101 = CARTESIAN_POINT ( 'NONE',  ( 84.40066267292799296, -32.65360677289589830, -22.04903954235279784 ) ) ;
#4102 = CARTESIAN_POINT ( 'NONE',  ( 83.78605958916899965, -32.01174278706979948, -22.74923499587520226 ) ) ;
#4103 = ADVANCED_FACE ( 'NONE', ( #1269 ), #3915, .T. ) ;
#4104 = DIRECTION ( 'NONE',  ( 1.000000000000000000, 0.000000000000000000, 0.000000000000000000 ) ) ;
#4105 = CARTESIAN_POINT ( 'NONE',  ( 64.21334546462480830, -59.24540808383350310, -6.249295482702660109 ) ) ;
#4106 = CARTESIAN_POINT ( 'NONE',  ( 91.31999999999999318, 1.425000000000000044, 122.3110000000000070 ) ) ;
#4107 = ORIENTED_EDGE ( 'NONE', *, *, #851, .T. ) ;
#4108 = FACE_OUTER_BOUND ( 'NONE', #2825, .T. ) ;
#4109 = CARTESIAN_POINT ( 'NONE',  ( 63.86785213448180087, -59.43866712175130118, -8.882922463437909144 ) ) ;
#4110 = CARTESIAN_POINT ( 'NONE',  ( 62.54083215353630010, -60.88300100429249540, -9.189114450050499983 ) ) ;
#4111 = CARTESIAN_POINT ( 'NONE',  ( 76.05293256745390806, -43.75294170039099839, -17.32602793672760200 ) ) ;
#4112 = ORIENTED_EDGE ( 'NONE', *, *, #2753, .F. ) ;
#4113 = CARTESIAN_POINT ( 'NONE',  ( 64.41109773915290759, -62.36675250814759863, -3.725440464486959868 ) ) ;
#4114 = VERTEX_POINT ( 'NONE', #4351 ) ;
#4115 = CARTESIAN_POINT ( 'NONE',  ( 81.64903174451279710, -33.08669670135230234, -26.17596191737870015 ) ) ;
#4116 = CARTESIAN_POINT ( 'NONE',  ( 83.07445493222309096, -32.66408578649709682, -23.20787271235300153 ) ) ;
#4117 = B_SPLINE_CURVE_WITH_KNOTS ( 'NONE', 3,
 ( #1638, #3984, #2629, #261, #2303 ),
 .UNSPECIFIED., .F., .F.,
 ( 4, 1, 4 ),
 ( 0.000000000000000000, 0.4285714285714298799, 1.000000000000000000 ),
 .UNSPECIFIED. ) ;
#4118 = CARTESIAN_POINT ( 'NONE',  ( 92.09624140303699846, -1.444940002985930061, -3.725007193604359834 ) ) ;
#4119 = CARTESIAN_POINT ( 'NONE',  ( 72.78698902580660501, -52.88821802511849768, -11.61467095374729830 ) ) ;
#4120 = SURFACE_STYLE_FILL_AREA ( #4392 ) ;
#4121 = CARTESIAN_POINT ( 'NONE',  ( 83.20865775998510117, -33.78082701307969415, -26.99751227109300089 ) ) ;
#4122 = FACE_OUTER_BOUND ( 'NONE', #3058, .T. ) ;
#4123 = CARTESIAN_POINT ( 'NONE',  ( 91.32078122530380426, -2.502316892102869783, -10.42251317532199906 ) ) ;
#4124 = EDGE_CURVE ( 'NONE', #2157, #2021, #1244, .T. ) ;
#4125 = ORIENTED_EDGE ( 'NONE', *, *, #1894, .F. ) ;
#4126 = DIRECTION ( 'NONE',  ( 0.000000000000000000, 0.000000000000000000, 1.000000000000000000 ) ) ;
#4127 = CARTESIAN_POINT ( 'NONE',  ( 63.67889750586509479, -60.53227232958494142, 0.000000000000000000 ) ) ;
#4128 = ADVANCED_FACE ( 'NONE', ( #650 ), #2252, .T. ) ;
#4129 = CARTESIAN_POINT ( 'NONE',  ( 92.10658794500518809, -1.614605985752890049, -2.000000000000000000 ) ) ;
#4130 = VECTOR ( 'NONE', #638, 1000.000000000000114 ) ;
#4131 = AXIS2_PLACEMENT_3D ( 'NONE', #2772, #2754, #4104 ) ;
#4132 = CARTESIAN_POINT ( 'NONE',  ( 63.79152734348550524, -60.47063377052609923, -10.42458238490070066 ) ) ;
#4133 = CARTESIAN_POINT ( 'NONE',  ( 83.80367817075590153, -34.95058161563620303, -23.42170548272740049 ) ) ;
#4134 = EDGE_LOOP ( 'NONE', ( #3605, #53, #1322, #2714 ) ) ;
#4135 = ORIENTED_EDGE ( 'NONE', *, *, #1608, .T. ) ;
#4136 = CARTESIAN_POINT ( 'NONE',  ( 84.20561285112619032, -32.63679731411579610, -22.08017865061540164 ) ) ;
#4137 = CARTESIAN_POINT ( 'NONE',  ( 83.07314603998290181, -33.36264247132780270, -22.49481110307720400 ) ) ;
#4138 = CARTESIAN_POINT ( 'NONE',  ( 66.24180957867299924, -60.41160246035899917, -7.170432206514609774 ) ) ;
#4139 = CARTESIAN_POINT ( 'NONE',  ( 82.02956214236979804, -36.22622057353449776, -22.75028555458819568 ) ) ;
#4140 = CARTESIAN_POINT ( 'NONE',  ( 90.46220428775760070, -2.219635546034469886, -3.000000000000000000 ) ) ;
#4141 = B_SPLINE_CURVE_WITH_KNOTS ( 'NONE', 3,
 ( #126, #795, #2458, #2876 ),
 .UNSPECIFIED., .F., .F.,
 ( 4, 4 ),
 ( 0.000000000000000000, 1.000000000000000000 ),
 .UNSPECIFIED. ) ;
#4142 = CARTESIAN_POINT ( 'NONE',  ( 83.38177737923520283, -33.37751674299509830, -26.95744836643489961 ) ) ;
#4143 = CARTESIAN_POINT ( 'NONE',  ( 61.62351297061831445, -64.64820680723933322, -0.000000000000000000 ) ) ;
#4144 = CARTESIAN_POINT ( 'NONE',  ( 84.11978512201480385, -33.82105895889770153, -22.51191355098359992 ) ) ;
#4145 = ORIENTED_EDGE ( 'NONE', *, *, #2940, .T. ) ;
#4146 = ADVANCED_FACE ( 'NONE', ( #1735 ), #1806, .T. ) ;
#4147 = CARTESIAN_POINT ( 'NONE',  ( 81.93431459437448439, -36.45262772742079704, -23.71834233228950239 ) ) ;
#4148 = CARTESIAN_POINT ( 'NONE',  ( 83.13667712306249769, -35.18281664753779836, -23.15226225076279931 ) ) ;
#4149 = CARTESIAN_POINT ( 'NONE',  ( 91.31072370083479939, -2.226730186136429701, -1.000000000000000000 ) ) ;
#4150 = ADVANCED_FACE ( 'NONE', ( #3829 ), #2078, .T. ) ;
#4151 = ORIENTED_EDGE ( 'NONE', *, *, #1265, .T. ) ;
#4152 = CARTESIAN_POINT ( 'NONE',  ( 85.90741149251130082, -31.00242548857529812, -25.98594259291480313 ) ) ;
#4153 = CARTESIAN_POINT ( 'NONE',  ( 64.41389223218850191, -62.39863790580689340, 0.000000000000000000 ) ) ;
#4154 = VERTEX_POINT ( 'NONE', #39 ) ;
#4155 = EDGE_LOOP ( 'NONE', ( #2563, #1748, #1027, #1574 ) ) ;
#4156 = CARTESIAN_POINT ( 'NONE',  ( 62.69562275390519801, -60.68036842752359661, 0.000000000000000000 ) ) ;
#4157 = CARTESIAN_POINT ( 'NONE',  ( 89.69000000000001194, 1.425000000000000044, 0.000000000000000000 ) ) ;
#4158 = CARTESIAN_POINT ( 'NONE',  ( 61.29151652254329719, -64.43028830700120579, -3.000000000000000000 ) ) ;
#4159 = CARTESIAN_POINT ( 'NONE',  ( 81.97641158995809008, -35.85518680699310323, -22.17826554246159887 ) ) ;
#4160 = CARTESIAN_POINT ( 'NONE',  ( 60.56342200330360015, -63.71721101374999563, -2.000000000000000000 ) ) ;
#4161 = CARTESIAN_POINT ( 'NONE',  ( 86.22301234057775332, -32.43097544261998877, -23.58189110718658554 ) ) ;
#4162 = CARTESIAN_POINT ( 'NONE',  ( 81.07826242163720565, -36.02933840317949432, -26.65678548194980024 ) ) ;
#4163 = CARTESIAN_POINT ( 'NONE',  ( 63.92834500332850212, -59.34318451793049576, -6.585214044007979162 ) ) ;
#4164 = CARTESIAN_POINT ( 'NONE',  ( 82.93619559938630914, -35.22830245690690276, -23.36480329976980030 ) ) ;
#4165 = EDGE_CURVE ( 'NONE', #2581, #803, #1058, .T. ) ;
#4166 = FACE_OUTER_BOUND ( 'NONE', #1201, .T. ) ;
#4167 = VERTEX_POINT ( 'NONE', #3789 ) ;
#4168 = CARTESIAN_POINT ( 'NONE',  ( 83.49277852673161249, -34.88717879414679857, -22.75527423947270123 ) ) ;
#4169 = CARTESIAN_POINT ( 'NONE',  ( 85.91762100912809785, -30.96534869948780155, -25.96591399353509644 ) ) ;
#4170 = VERTEX_POINT ( 'NONE', #398 ) ;
#4171 = ADVANCED_FACE ( 'NONE', ( #3125 ), #1844, .T. ) ;
#4172 = CARTESIAN_POINT ( 'NONE',  ( 65.89553575882149516, -59.59157786464049877, -6.472109856806310013 ) ) ;
#4173 = LINE ( 'NONE', #340, #1130 ) ;
#4174 = VERTEX_POINT ( 'NONE', #4250 ) ;
#4175 = ADVANCED_FACE ( 'NONE', ( #884 ), #2963, .T. ) ;
#4176 = EDGE_CURVE ( 'NONE', #2562, #332, #2747, .T. ) ;
#4177 = ORIENTED_EDGE ( 'NONE', *, *, #2042, .T. ) ;
#4178 = CARTESIAN_POINT ( 'NONE',  ( 64.71343592462281435, -61.31297635207550201, -10.40901475419610023 ) ) ;
#4179 = CARTESIAN_POINT ( 'NONE',  ( 90.49166105173999597, -2.465386499994330016, -10.43230520924289983 ) ) ;
#4180 = CARTESIAN_POINT ( 'NONE',  ( 62.43056411527789606, -64.41617366244739173, -4.196794131365849445 ) ) ;
#4181 = CARTESIAN_POINT ( 'NONE',  ( 81.04461736596030619, -35.18926086545199183, -22.13293305402429922 ) ) ;
#4182 = EDGE_CURVE ( 'NONE', #1836, #2175, #2898, .T. ) ;
#4183 = CARTESIAN_POINT ( 'NONE',  ( 80.97695871135260859, -34.80433645585869584, -22.25826234695520256 ) ) ;
#4184 = CARTESIAN_POINT ( 'NONE',  ( 90.76803444292789891, -2.477696630697169944, -10.42904119793590034 ) ) ;
#4185 = CARTESIAN_POINT ( 'NONE',  ( 60.44605385247277951, -63.47074768909381959, -0.000000000000000000 ) ) ;
#4186 = CARTESIAN_POINT ( 'NONE',  ( 80.89983426106229558, -36.56128549873449884, -26.42942308227879877 ) ) ;
#4187 = CARTESIAN_POINT ( 'NONE',  ( 82.30742072356999017, -35.73826377711169755, -23.06730535734680032 ) ) ;
#4188 = CARTESIAN_POINT ( 'NONE',  ( 62.67952321274420058, -60.67914015326250166, -2.000000000000000000 ) ) ;
#4189 = FACE_OUTER_BOUND ( 'NONE', #3782, .T. ) ;
#4190 = B_SPLINE_SURFACE_WITH_KNOTS ( 'NONE', 3, 3, ( 
 ( #556, #3164, #104, #1461 ),
 ( #2829, #4181, #1120, #2949 ),
 ( #285, #264, #3653, #643 ),
 ( #991, #1240, #2325, #1941 ) ),
 .UNSPECIFIED., .F., .F., .F.,
 ( 4, 4 ),
 ( 4, 4 ),
 ( 0.000000000000000000, 0.08300000000000150313 ),
 ( 0.000000000000000000, 0.08146959963896649448 ),
 .UNSPECIFIED. ) ;
#4191 = VERTEX_POINT ( 'NONE', #4226 ) ;
#4192 = CARTESIAN_POINT ( 'NONE',  ( 83.57949156292220039, -35.02620865579269349, -23.41946568539010443 ) ) ;
#4193 = CARTESIAN_POINT ( 'NONE',  ( 91.38154802071180427, 1.359885823927889925, -7.494580341839309767 ) ) ;
#4194 = CARTESIAN_POINT ( 'NONE',  ( 62.67146790602419770, -60.67860412796520109, -3.000000000000000000 ) ) ;
#4195 = CARTESIAN_POINT ( 'NONE',  ( 92.14072118343410978, 1.649033202588659819, -3.000000000000000000 ) ) ;
#4196 = ORIENTED_EDGE ( 'NONE', *, *, #666, .F. ) ;
#4197 = CARTESIAN_POINT ( 'NONE',  ( 66.24180957867299924, -60.41160246035899917, -7.170432206514609774 ) ) ;
#4198 = CARTESIAN_POINT ( 'NONE',  ( 79.59924132979780609, -37.06841727437400635, -25.94422532956965100 ) ) ;
#4199 = ORIENTED_EDGE ( 'NONE', *, *, #2740, .F. ) ;
#4200 = EDGE_LOOP ( 'NONE', ( #2763, #3247, #1343, #2725, #3401 ) ) ;
#4201 = VECTOR ( 'NONE', #2524, 1000.000000000000114 ) ;
#4202 = EDGE_CURVE ( 'NONE', #3133, #4170, #1132, .T. ) ;
#4203 = DIRECTION ( 'NONE',  ( -1.000000000000000000, 0.000000000000000000, 0.000000000000000000 ) ) ;
#4204 = CARTESIAN_POINT ( 'NONE',  ( 83.74641345581351004, -32.12071969748699729, -22.53909972398369987 ) ) ;
#4205 = CARTESIAN_POINT ( 'NONE',  ( 82.02956214236979804, -36.22622057353449776, -22.75028555458819568 ) ) ;
#4206 = CARTESIAN_POINT ( 'NONE',  ( 60.68588597992449962, -63.83504130454311110, -1.000000000000000000 ) ) ;
#4207 = EDGE_CURVE ( 'NONE', #1886, #1457, #3875, .T. ) ;
#4208 = CARTESIAN_POINT ( 'NONE',  ( 79.24730067621941032, -36.48500015197629409, -25.24416892470710039 ) ) ;
#4209 = CARTESIAN_POINT ( 'NONE',  ( 81.02970408005768377, -34.50322431816029933, -26.94682407520660306 ) ) ;
#4210 = CARTESIAN_POINT ( 'NONE',  ( 79.24730067621941032, -36.48500015197629409, -25.24416892470710039 ) ) ;
#4211 = CARTESIAN_POINT ( 'NONE',  ( 82.93761765133120889, -32.46208723534180507, -26.08342201457989873 ) ) ;
#4212 = CARTESIAN_POINT ( 'NONE',  ( 82.65626849929019215, -33.47480946339339880, -22.52581166048310024 ) ) ;
#4213 = CARTESIAN_POINT ( 'NONE',  ( 83.79666573202779034, -34.97229875117579923, -23.18343644702389739 ) ) ;
#4214 = ORIENTED_EDGE ( 'NONE', *, *, #3068, .T. ) ;
#4215 = CARTESIAN_POINT ( 'NONE',  ( 81.23210870798340011, -36.12450446760350076, -26.65964122746050080 ) ) ;
#4216 = LINE ( 'NONE', #453, #4 ) ;
#4217 = CARTESIAN_POINT ( 'NONE',  ( 63.85218875726340571, -59.42770488785379968, -6.728250990539080156 ) ) ;
#4218 = CARTESIAN_POINT ( 'NONE',  ( 82.07718221716849882, -36.12060503219409924, -22.54083239144280171 ) ) ;
#4219 = VERTEX_POINT ( 'NONE', #4205 ) ;
#4220 = CARTESIAN_POINT ( 'NONE',  ( 84.24687876429659639, -30.78486619517359912, -25.28435374208289943 ) ) ;
#4221 = EDGE_LOOP ( 'NONE', ( #1731, #1502, #1311, #1877 ) ) ;
#4222 = EDGE_LOOP ( 'NONE', ( #2847, #2651, #964, #1524 ) ) ;
#4223 = B_SPLINE_CURVE_WITH_KNOTS ( 'NONE', 3,
 ( #405, #3397, #655, #1697 ),
 .UNSPECIFIED., .F., .F.,
 ( 4, 4 ),
 ( 0.000000000000000000, 1.000000000000000000 ),
 .UNSPECIFIED. ) ;
#4224 = CARTESIAN_POINT ( 'NONE',  ( 91.29213936837120968, -2.230016392194720254, -3.000000000000000000 ) ) ;
#4225 = FACE_OUTER_BOUND ( 'NONE', #3844, .T. ) ;
#4226 = CARTESIAN_POINT ( 'NONE',  ( 91.29213936837120968, -2.230016392194720254, -3.000000000000000000 ) ) ;
#4227 = B_SPLINE_SURFACE_WITH_KNOTS ( 'NONE', 3, 3, ( 
 ( #2687, #872, #1905, #4285 ),
 ( #3268, #569, #1587, #206 ),
 ( #1565, #1227, #2958, #2981 ),
 ( #4311, #1951, #1253, #3307 ) ),
 .UNSPECIFIED., .F., .F., .F.,
 ( 4, 4 ),
 ( 4, 4 ),
 ( 0.000000000000000000, 0.2849999999999999756 ),
 ( 0.000000000000000000, 0.08146959963896649448 ),
 .UNSPECIFIED. ) ;
#4228 = EDGE_CURVE ( 'NONE', #2116, #4295, #2426, .T. ) ;
#4229 = B_SPLINE_CURVE_WITH_KNOTS ( 'NONE', 3,
 ( #2956, #162, #2291, #3549, #3242 ),
 .UNSPECIFIED., .F., .F.,
 ( 4, 1, 4 ),
 ( 0.000000000000000000, 0.5714285714285718409, 1.000000000000000000 ),
 .UNSPECIFIED. ) ;
#4230 = CARTESIAN_POINT ( 'NONE',  ( 90.28269874887899960, -2.217390286823800238, -3.000000000000000000 ) ) ;
#4231 = CARTESIAN_POINT ( 'NONE',  ( 83.14329579663349534, -33.52738036814979949, -22.50776165015249930 ) ) ;
#4232 = CARTESIAN_POINT ( 'NONE',  ( 81.42367087899879152, -34.91184881263839657, -26.94200307164219765 ) ) ;
#4233 = CARTESIAN_POINT ( 'NONE',  ( 63.81894590306428938, -60.67485087512270070, -1.000000000000000000 ) ) ;
#4234 = CARTESIAN_POINT ( 'NONE',  ( 83.91847074175859689, -31.65051191082459425, -23.62688045239600143 ) ) ;
#4235 = CARTESIAN_POINT ( 'NONE',  ( 84.84131219845158967, -33.53832754769379676, -22.38673173376709968 ) ) ;
#4236 = CARTESIAN_POINT ( 'NONE',  ( 85.21476489276830080, -34.25158621519170765, -23.09665250994219932 ) ) ;
#4237 = ORIENTED_EDGE ( 'NONE', *, *, #233, .T. ) ;
#4238 = CARTESIAN_POINT ( 'NONE',  ( 91.54695704210618601, -0.9813128656543509409, -9.640716845511141386 ) ) ;
#4239 = CARTESIAN_POINT ( 'NONE',  ( 65.37157180922329758, -61.41067514096609870, -9.693731634542880116 ) ) ;
#4240 = CARTESIAN_POINT ( 'NONE',  ( 85.92882038217288709, -30.92896396926649771, -25.94541493694260126 ) ) ;
#4241 = CARTESIAN_POINT ( 'NONE',  ( 90.76666666666670835, 2.225000000000000089, 0.000000000000000000 ) ) ;
#4242 = CARTESIAN_POINT ( 'NONE',  ( 85.16474152755050397, -31.79128537108120156, -23.99722723964760007 ) ) ;
#4243 = ORIENTED_EDGE ( 'NONE', *, *, #1431, .F. ) ;
#4244 = FACE_OUTER_BOUND ( 'NONE', #3014, .T. ) ;
#4245 = EDGE_LOOP ( 'NONE', ( #3913, #1184, #2961, #3251 ) ) ;
#4246 = B_SPLINE_CURVE_WITH_KNOTS ( 'NONE', 3,
 ( #1364, #3023, #1974, #1273 ),
 .UNSPECIFIED., .F., .F.,
 ( 4, 4 ),
 ( 0.000000000000000000, 0.2999999999999999889 ),
 .UNSPECIFIED. ) ;
#4247 = EDGE_LOOP ( 'NONE', ( #1161, #4145, #134, #353 ) ) ;
#4248 = DIRECTION ( 'NONE',  ( 0.000000000000000000, 0.000000000000000000, 1.000000000000000000 ) ) ;
#4249 = CARTESIAN_POINT ( 'NONE',  ( 90.46220428775760070, -2.219635546034469886, -3.000000000000000000 ) ) ;
#4250 = CARTESIAN_POINT ( 'NONE',  ( 80.89983426106229558, -36.56128549873449884, -26.42942308227879877 ) ) ;
#4251 = CARTESIAN_POINT ( 'NONE',  ( 92.11999999999999034, 1.425000000000000044, 122.3110000000000070 ) ) ;
#4252 = CARTESIAN_POINT ( 'NONE',  ( 83.15034990360470601, -34.09222021022770122, -22.55724558870819862 ) ) ;
#4253 = DIRECTION ( 'NONE',  ( 0.000000000000000000, 1.000000000000000000, 0.000000000000000000 ) ) ;
#4254 = CARTESIAN_POINT ( 'NONE',  ( 64.00089072994198602, -60.85705878987519668, -3.000000000000000000 ) ) ;
#4255 = CARTESIAN_POINT ( 'NONE',  ( 83.40804580777239607, -32.50541410614799531, -23.11300158762909973 ) ) ;
#4256 = CARTESIAN_POINT ( 'NONE',  ( 86.06275206857250737, -32.86119605422769752, -22.74994291027350002 ) ) ;
#4257 = CARTESIAN_POINT ( 'NONE',  ( 84.27025527375590741, -34.78170272673299479, -23.41563039636240262 ) ) ;
#4258 = VERTEX_POINT ( 'NONE', #3563 ) ;
#4259 = CARTESIAN_POINT ( 'NONE',  ( 81.52822896600319780, -35.57544058589422065, -22.05023121935440855 ) ) ;
#4260 = CARTESIAN_POINT ( 'NONE',  ( 80.49249409372409048, -35.12541615362869862, -22.07814029482229756 ) ) ;
#4261 = CARTESIAN_POINT ( 'NONE',  ( 89.90340535313880821, -22.38357232269860120, -19.91045477542819953 ) ) ;
#4262 = SURFACE_STYLE_USAGE ( .BOTH. , #1522 ) ;
#4263 = CARTESIAN_POINT ( 'NONE',  ( 82.02956214236989751, -36.22622057353449776, -22.75028555458819568 ) ) ;
#4264 = ORIENTED_EDGE ( 'NONE', *, *, #3846, .T. ) ;
#4265 = B_SPLINE_SURFACE_WITH_KNOTS ( 'NONE', 3, 3, ( 
 ( #641, #3966, #2258, #581 ),
 ( #3337, #3010, #4362, #3608 ),
 ( #555, #262, #1239, #2948 ),
 ( #2322, #2610, #904, #3629 ),
 ( #1940, #4320, #3318, #3297 ) ),
 .UNSPECIFIED., .F., .F., .F.,
 ( 4, 1, 4 ),
 ( 4, 4 ),
 ( 1.471239981099070027E-15, 0.8975979010256640578, 1.570796326794909881 ),
 ( 0.000000000000000000, 0.009536135058319140587 ),
 .UNSPECIFIED. ) ;
#4266 = EDGE_CURVE ( 'NONE', #2937, #99, #195, .T. ) ;
#4267 = CARTESIAN_POINT ( 'NONE',  ( 84.26590880193360533, -30.72140258956200043, -25.24394315162149738 ) ) ;
#4268 = ORIENTED_EDGE ( 'NONE', *, *, #3888, .T. ) ;
#4269 = VERTEX_POINT ( 'NONE', #3946 ) ;
#4270 = AXIS2_PLACEMENT_3D ( 'NONE', #1789, #1455, #2822 ) ;
#4271 = CARTESIAN_POINT ( 'NONE',  ( 89.63865061992549954, -3.226006822713280542, -8.884296834626479011 ) ) ;
#4272 = CARTESIAN_POINT ( 'NONE',  ( 90.75739036750151456, -2.224423271287859993, -1.000000000000000000 ) ) ;
#4273 = CARTESIAN_POINT ( 'NONE',  ( 89.66788806817149293, -2.793775344251060222, -9.729767780695249613 ) ) ;
#4274 = B_SPLINE_CURVE_WITH_KNOTS ( 'NONE', 3,
 ( #2130, #2177, #2225, #805 ),
 .UNSPECIFIED., .F., .F.,
 ( 4, 4 ),
 ( 1.249588320032499977, 1.572902615616140087 ),
 .UNSPECIFIED. ) ;
#4275 = VECTOR ( 'NONE', #4004, 1000.000000000000114 ) ;
#4276 = CARTESIAN_POINT ( 'NONE',  ( 82.84236227650031026, -35.23963855102070397, -25.26442858120229928 ) ) ;
#4277 = VECTOR ( 'NONE', #2014, 1000.000000000000000 ) ;
#4278 = LINE ( 'NONE', #155, #2546 ) ;
#4279 = LINE ( 'NONE', #1896, #457 ) ;
#4280 = CARTESIAN_POINT ( 'NONE',  ( 82.71196383097719718, -33.42119722955020222, -26.98030956133110081 ) ) ;
#4281 = CARTESIAN_POINT ( 'NONE',  ( 89.70791756967818742, 1.440084599950600230, -3.000000000000000000 ) ) ;
#4282 = CARTESIAN_POINT ( 'NONE',  ( 90.49927629916521710, 2.226730186136429701, -1.000000000000000000 ) ) ;
#4283 = FACE_OUTER_BOUND ( 'NONE', #831, .T. ) ;
#4284 = CARTESIAN_POINT ( 'NONE',  ( 90.76803444292789891, -2.477696630697180158, -10.42904119793590034 ) ) ;
#4285 = CARTESIAN_POINT ( 'NONE',  ( 79.56937224884480031, -35.62735817748149714, -25.62038007188720101 ) ) ;
#4286 = CARTESIAN_POINT ( 'NONE',  ( 65.89553575882149516, -59.59157786464049877, -6.472109856806310013 ) ) ;
#4287 = CARTESIAN_POINT ( 'NONE',  ( 91.34779571224240158, 2.219635546034480544, -3.000000000000000000 ) ) ;
#4288 = B_SPLINE_CURVE_WITH_KNOTS ( 'NONE', 3,
 ( #586, #2568, #3567, #3213 ),
 .UNSPECIFIED., .F., .F.,
 ( 4, 4 ),
 ( 0.000000000000000000, 0.08146959963896649448 ),
 .UNSPECIFIED. ) ;
#4289 = ADVANCED_FACE ( 'NONE', ( #3609 ), #4190, .T. ) ;
#4290 = B_SPLINE_CURVE_WITH_KNOTS ( 'NONE', 3,
 ( #591, #2576, #3574, #892 ),
 .UNSPECIFIED., .F., .F.,
 ( 4, 4 ),
 ( 1.249588320032499977, 1.572902615616140087 ),
 .UNSPECIFIED. ) ;
#4291 = CARTESIAN_POINT ( 'NONE',  ( 82.21264831275829010, -35.90858812607169881, -22.97306544754470181 ) ) ;
#4292 = ORIENTED_EDGE ( 'NONE', *, *, #2424, .T. ) ;
#4293 = VERTEX_POINT ( 'NONE', #624 ) ;
#4294 = CARTESIAN_POINT ( 'NONE',  ( 89.90340535313880821, -22.38357232269860120, -19.91045477542819953 ) ) ;
#4295 = VERTEX_POINT ( 'NONE', #2631 ) ;
#4296 = EDGE_CURVE ( 'NONE', #4012, #3443, #2474, .T. ) ;
#4297 = ORIENTED_EDGE ( 'NONE', *, *, #2332, .T. ) ;
#4298 = CARTESIAN_POINT ( 'NONE',  ( 89.69802397783610104, 0.4950625008123099025, -4.055889179587129689 ) ) ;
#4299 = LINE ( 'NONE', #3945, #1932 ) ;
#4300 = CARTESIAN_POINT ( 'NONE',  ( 84.25643424694169425, -30.75304206290630304, -25.26426413045609820 ) ) ;
#4301 = CARTESIAN_POINT ( 'NONE',  ( 85.17944886233709667, -32.94406406569230228, -22.04947597843530005 ) ) ;
#4302 = CARTESIAN_POINT ( 'NONE',  ( 79.31736586413830992, -36.27833524261579612, -25.55121753632790060 ) ) ;
#4303 = CARTESIAN_POINT ( 'NONE',  ( 83.13203842241499331, -35.17602375830270489, -23.39148031187069776 ) ) ;
#4304 = CARTESIAN_POINT ( 'NONE',  ( 90.48999999999999488, 2.225000000000000089, 0.000000000000000000 ) ) ;
#4305 = CARTESIAN_POINT ( 'NONE',  ( 84.07786248871829571, -31.23367685456189946, -24.46553580882769907 ) ) ;
#4306 = CARTESIAN_POINT ( 'NONE',  ( 92.08488589566660210, -1.900765621890639911, -5.416260241632289585 ) ) ;
#4307 = B_SPLINE_SURFACE_WITH_KNOTS ( 'NONE', 3, 3, ( 
 ( #701, #1430, #3778, #723 ),
 ( #387, #3050, #1744, #3112 ),
 ( #4399, #2713, #2046, #4069 ),
 ( #681, #1544, #1450, #3504 ),
 ( #2819, #522, #3527, #1811 ) ),
 .UNSPECIFIED., .F., .F., .F.,
 ( 4, 1, 4 ),
 ( 4, 4 ),
 ( -1.838222795761270110E-15, 0.8975979010256520674, 1.570796326794889897 ),
 ( 0.000000000000000000, 0.2487775410102249785 ),
 .UNSPECIFIED. ) ;
#4308 = B_SPLINE_CURVE_WITH_KNOTS ( 'NONE', 3,
 ( #382, #1739, #3108, #3131 ),
 .UNSPECIFIED., .F., .F.,
 ( 4, 4 ),
 ( 1.561435541111820147, 1.655724346088029986 ),
 .UNSPECIFIED. ) ;
#4309 = CARTESIAN_POINT ( 'NONE',  ( 91.94499307927040377, 2.065886627789609964, -3.000000000000000000 ) ) ;
#4310 = CARTESIAN_POINT ( 'NONE',  ( 90.53803358781270560, -0.9469207194897010238, -9.651892059496960385 ) ) ;
#4311 = CARTESIAN_POINT ( 'NONE',  ( 79.81430239138509819, -35.22745922325369605, -22.75025636256970074 ) ) ;
#4312 = CARTESIAN_POINT ( 'NONE',  ( 89.69000000000001194, 1.425000000000000044, 122.3110000000000070 ) ) ;
#4313 = VERTEX_POINT ( 'NONE', #3676 ) ;
#4314 = CARTESIAN_POINT ( 'NONE',  ( 61.88761088705530256, -63.88194640237569644, -7.429603832874850156 ) ) ;
#4315 = ADVANCED_FACE ( 'NONE', ( #2993 ), #2213, .T. ) ;
#4316 = ORIENTED_EDGE ( 'NONE', *, *, #1742, .F. ) ;
#4317 = ORIENTED_EDGE ( 'NONE', *, *, #2042, .F. ) ;
#4318 = CARTESIAN_POINT ( 'NONE',  ( 79.90881546433300286, -35.06335318067159790, -22.83626114016430009 ) ) ;
#4319 = EDGE_CURVE ( 'NONE', #4378, #2650, #3428, .T. ) ;
#4320 = CARTESIAN_POINT ( 'NONE',  ( 85.90741149251130082, -31.00242548857529812, -25.98594259291480313 ) ) ;
#4321 = ADVANCED_FACE ( 'NONE', ( #1263 ), #2305, .F. ) ;
#4322 = CARTESIAN_POINT ( 'NONE',  ( 86.58379302251510978, -31.46245539896835197, -25.45478720428255670 ) ) ;
#4323 = CARTESIAN_POINT ( 'NONE',  ( 82.93619559938630914, -35.22830245690690276, -23.36480329976980030 ) ) ;
#4324 = CARTESIAN_POINT ( 'NONE',  ( 82.33750331949289603, -33.35004012420529307, -26.97637953711710423 ) ) ;
#4325 = CARTESIAN_POINT ( 'NONE',  ( 64.52575449315230571, -61.36851887917890025, -3.000000000000000000 ) ) ;
#4326 = EDGE_CURVE ( 'NONE', #3906, #2575, #3319, .T. ) ;
#4327 = CARTESIAN_POINT ( 'NONE',  ( 66.24180957867299924, -60.41160246035899917, -7.170432206514609774 ) ) ;
#4328 = CARTESIAN_POINT ( 'NONE',  ( 64.39718391548831278, -61.24323166420400355, -3.000000000000000000 ) ) ;
#4329 = FACE_OUTER_BOUND ( 'NONE', #902, .T. ) ;
#4330 = CARTESIAN_POINT ( 'NONE',  ( 92.13772750448649163, 1.409692484083840069, -3.000000000000000000 ) ) ;
#4331 = CARTESIAN_POINT ( 'NONE',  ( 62.48437728774510447, -64.20169567690669510, -7.311771103145570549 ) ) ;
#4332 = CARTESIAN_POINT ( 'NONE',  ( 82.85412209188100974, -32.72066837263459860, -23.24640522101159945 ) ) ;
#4333 = CARTESIAN_POINT ( 'NONE',  ( 83.88717373020610069, -34.69200047834349476, -26.25872227629569977 ) ) ;
#4334 = CARTESIAN_POINT ( 'NONE',  ( 82.02956214236979804, -36.22622057353449776, -22.75028555458819568 ) ) ;
#4335 = B_SPLINE_CURVE_WITH_KNOTS ( 'NONE', 3,
 ( #222, #4325, #3700, #2681, #973 ),
 .UNSPECIFIED., .F., .F.,
 ( 4, 1, 4 ),
 ( 0.000000000000000000, 0.4285714285714298799, 1.000000000000000000 ),
 .UNSPECIFIED. ) ;
#4336 = ORIENTED_EDGE ( 'NONE', *, *, #573, .F. ) ;
#4337 = CARTESIAN_POINT ( 'NONE',  ( 61.29151652254329719, -64.43028830700120579, -3.000000000000000000 ) ) ;
#4338 = ORIENTED_EDGE ( 'NONE', *, *, #2256, .T. ) ;
#4339 = ORIENTED_EDGE ( 'NONE', *, *, #4165, .T. ) ;
#4340 = CARTESIAN_POINT ( 'NONE',  ( 91.26399578510050503, -2.593000598735140105, -4.971769865678320244 ) ) ;
#4341 = DIRECTION ( 'NONE',  ( 0.000000000000000000, 0.000000000000000000, 1.000000000000000000 ) ) ;
#4342 = CARTESIAN_POINT ( 'NONE',  ( 64.00089072994198602, -60.85705878987519668, -3.000000000000000000 ) ) ;
#4343 = CARTESIAN_POINT ( 'NONE',  ( 84.89622831996270236, -30.66318837980159984, -26.00879149199490215 ) ) ;
#4344 = CARTESIAN_POINT ( 'NONE',  ( 82.05839524466679791, -36.07474280209699913, -24.97206817854150174 ) ) ;
#4345 = ADVANCED_FACE ( 'NONE', ( #4009 ), #2174, .T. ) ;
#4346 = VECTOR ( 'NONE', #1553, 1000.000000000000000 ) ;
#4347 = ORIENTED_EDGE ( 'NONE', *, *, #2237, .T. ) ;
#4348 = CARTESIAN_POINT ( 'NONE',  ( 92.12594100058900892, 1.419934515287319954, -1.000000000000000000 ) ) ;
#4349 = CARTESIAN_POINT ( 'NONE',  ( 82.55176267090189413, -35.17212834096759622, -22.64226737021770219 ) ) ;
#4350 = CARTESIAN_POINT ( 'NONE',  ( 83.59800002545370035, -33.88528848282820150, -26.99736584715479992 ) ) ;
#4351 = CARTESIAN_POINT ( 'NONE',  ( 90.48999999999999488, -2.225000000000000089, 122.3110000000000070 ) ) ;
#4352 = CARTESIAN_POINT ( 'NONE',  ( 91.18382686246741287, -4.526980133320670063, -6.462149270052520045 ) ) ;
#4353 = CARTESIAN_POINT ( 'NONE',  ( 90.48999999999999488, 2.225000000000000089, 122.3110000000000070 ) ) ;
#4354 = CARTESIAN_POINT ( 'NONE',  ( 80.07968592317394041, -35.03967861001746087, -22.24357331268625870 ) ) ;
#4355 = CARTESIAN_POINT ( 'NONE',  ( 64.39176088850740598, -61.23553713181790670, -3.594841940505779654 ) ) ;
#4356 = FACE_OUTER_BOUND ( 'NONE', #1087, .T. ) ;
#4357 = AXIS2_PLACEMENT_3D ( 'NONE', #2955, #1559, #2638 ) ;
#4358 = ORIENTED_EDGE ( 'NONE', *, *, #237, .T. ) ;
#4359 = CARTESIAN_POINT ( 'NONE',  ( 83.83151002390600581, -34.86438790320529790, -24.36737774725020245 ) ) ;
#4360 = ORIENTED_EDGE ( 'NONE', *, *, #3399, .F. ) ;
#4361 = CARTESIAN_POINT ( 'NONE',  ( 79.65379057173859678, -37.09301955445170051, -25.94422201012499940 ) ) ;
#4362 = CARTESIAN_POINT ( 'NONE',  ( 86.57273594133451411, -31.49685777275279719, -25.47331225975320024 ) ) ;
#4363 = CARTESIAN_POINT ( 'NONE',  ( 64.62732711943280606, -60.97293225609249845, -4.987109556545929578 ) ) ;
#4364 = EDGE_CURVE ( 'NONE', #1998, #2623, #2962, .T. ) ;
#4365 = CARTESIAN_POINT ( 'NONE',  ( 86.54342346593189461, -31.57082795509255035, -25.24521948342029987 ) ) ;
#4366 = CARTESIAN_POINT ( 'NONE',  ( 83.27366605612600381, -33.12363087307859644, -26.93748962607499919 ) ) ;
#4367 = ORIENTED_EDGE ( 'NONE', *, *, #4401, .F. ) ;
#4368 = CARTESIAN_POINT ( 'NONE',  ( 80.58869093958959695, -34.00198027685230073, -26.75232669540660169 ) ) ;
#4369 = CARTESIAN_POINT ( 'NONE',  ( 83.14329579663349534, -33.52738036814989897, -22.50776165015249930 ) ) ;
#4370 = CARTESIAN_POINT ( 'NONE',  ( 88.66910727327208974, -23.88311068975639984, -16.71302725562760116 ) ) ;
#4371 = CARTESIAN_POINT ( 'NONE',  ( 64.53674345213678976, -61.15153345365860105, -10.41199843741179976 ) ) ;
#4372 = ADVANCED_FACE ( 'NONE', ( #4075 ), #2133, .T. ) ;
#4373 = CARTESIAN_POINT ( 'NONE',  ( 89.67227249551349644, -1.409692484083840069, -3.000000000000000000 ) ) ;
#4374 = CARTESIAN_POINT ( 'NONE',  ( 85.34765878229539737, -33.00677518071650951, -22.04961220277899869 ) ) ;
#4375 = LINE ( 'NONE', #3065, #214 ) ;
#4376 = FACE_OUTER_BOUND ( 'NONE', #1280, .T. ) ;
#4377 = FACE_OUTER_BOUND ( 'NONE', #1371, .T. ) ;
#4378 = VERTEX_POINT ( 'NONE', #940 ) ;
#4379 = CARTESIAN_POINT ( 'NONE',  ( 62.88798225079899851, -61.69264360889650334, -9.626526249502520116 ) ) ;
#4380 = ORIENTED_EDGE ( 'NONE', *, *, #3392, .F. ) ;
#4381 = CARTESIAN_POINT ( 'NONE',  ( 80.49249409372409048, -35.12541615362869862, -22.07814029482229756 ) ) ;
#4382 = CARTESIAN_POINT ( 'NONE',  ( 91.34779571224240158, 2.219635546034480544, -3.000000000000000000 ) ) ;
#4383 = CARTESIAN_POINT ( 'NONE',  ( 65.69130350739260393, -59.40497202820060352, -6.475558585165349434 ) ) ;
#4384 = CARTESIAN_POINT ( 'NONE',  ( 79.35241346808970775, -36.20632782560809915, -25.39035297722909945 ) ) ;
#4385 = B_SPLINE_SURFACE_WITH_KNOTS ( 'NONE', 3, 3, ( 
 ( #1511, #4206, #1824, #2500 ),
 ( #1489, #2214, #4160, #3811 ),
 ( #3516, #3565, #3167, #467 ),
 ( #488, #2545, #2855, #3853 ),
 ( #513, #1798, #1147, #1870 ) ),
 .UNSPECIFIED., .F., .F., .F.,
 ( 4, 1, 4 ),
 ( 4, 4 ),
 ( -1.570796326794899889, -0.8975979010256550650, 0.000000000000000000 ),
 ( 0.000000000000000000, 0.2999999999999999889 ),
 .UNSPECIFIED. ) ;
#4386 = CARTESIAN_POINT ( 'NONE',  ( 82.93761765133129416, -32.46208723534180507, -26.08342201457989873 ) ) ;
#4387 = ORIENTED_EDGE ( 'NONE', *, *, #1396, .F. ) ;
#4388 = CARTESIAN_POINT ( 'NONE',  ( 84.97433760493140653, -31.29716915268230437, -26.32088891247049744 ) ) ;
#4389 = CARTESIAN_POINT ( 'NONE',  ( 82.24699728676911548, -35.44718417531770172, -22.45141655573800321 ) ) ;
#4390 = CARTESIAN_POINT ( 'NONE',  ( 91.34779571224240158, 2.219635546034480544, -3.000000000000000000 ) ) ;
#4391 = CARTESIAN_POINT ( 'NONE',  ( 64.40280508562398154, -61.25120733458300037, -2.000000000000000000 ) ) ;
#4392 = FILL_AREA_STYLE ('',( #3415 ) ) ;
#4393 = CARTESIAN_POINT ( 'NONE',  ( 85.74564509131799639, -33.12154528696009947, -22.19591704724750159 ) ) ;
#4394 = CARTESIAN_POINT ( 'NONE',  ( 62.43056411527789606, -64.41617366244739173, -4.196794131365849445 ) ) ;
#4395 = DIRECTION ( 'NONE',  ( -0.7381888605863232700, 0.6744789268912523283, -0.01246528322544660471 ) ) ;
#4396 = CARTESIAN_POINT ( 'NONE',  ( 92.11999999999999034, 1.425000000000000044, 0.000000000000000000 ) ) ;
#4397 = ORIENTED_EDGE ( 'NONE', *, *, #3861, .F. ) ;
#4398 = CARTESIAN_POINT ( 'NONE',  ( 92.00207490452488912, -4.280269198079689197, -7.004919762480259493 ) ) ;
#4399 = CARTESIAN_POINT ( 'NONE',  ( 80.40581134836020283, -34.60067469046739319, -22.37037312740620010 ) ) ;
#4400 = ORIENTED_EDGE ( 'NONE', *, *, #1060, .T. ) ;
#4401 = EDGE_CURVE ( 'NONE', #2199, #4219, #3754, .T. ) ;
#4402 = CARTESIAN_POINT ( 'NONE',  ( 63.79152734348550524, -60.47063377052609923, -10.42458238490070066 ) ) ;
#4403 = CARTESIAN_POINT ( 'NONE',  ( 85.24393902151390989, -34.20013153088640223, -23.33040677088769854 ) ) ;
#4404 = CARTESIAN_POINT ( 'NONE',  ( 89.58017572343349855, -4.090469779637739833, -7.193354942488939585 ) ) ;
#4405 = CARTESIAN_POINT ( 'NONE',  ( 90.48999999999999488, 2.225000000000000089, 0.000000000000000000 ) ) ;
#4406 = CARTESIAN_POINT ( 'NONE',  ( 65.62913584853390603, -61.08517094521769764, -6.700050777435840210 ) ) ;
#4407 = ORIENTED_EDGE ( 'NONE', *, *, #1448, .F. ) ;
#4408 = CARTESIAN_POINT ( 'NONE',  ( 92.11999999999999034, -1.425000000000000044, 0.000000000000000000 ) ) ;
#4409 = CARTESIAN_POINT ( 'NONE',  ( 65.37157180922329758, -61.41067514096609870, -9.693731634542880116 ) ) ;
#4410 = CARTESIAN_POINT ( 'NONE',  ( 91.94499309973127765, 2.065886617493837285, -3.000003238331342192 ) ) ;
#4411 = CARTESIAN_POINT ( 'NONE',  ( 84.34883006023760288, -34.18521523871220325, -26.87484767786360251 ) ) ;
ENDSEC;
END-ISO-10303-21;
